{"type":"FeatureCollection","features":[{"type":"Feature","properties":{"GEOID":"55027960100","NAME":"Census Tract 9601","COUNTY":"Dodge","ALAND":149285929,"AWATER":1223464,"lng":-88.45937,"lat":43.56258,"ALAND_SQMI":57.6396,"nb":["55027960200","55027961300","55027961400","55039041901","55039042200","55131430100"]},"geometry":{"type":"Polygon","coordinates":[[[-88.53126,43.5784],[-88.52755,43.58004],[-88.52237,43.58732],[-88.52157,43.58736],[-88.52153,43.60186],[-88.52163,43.61638],[-88.52172,43.62438],[-88.52175,43.62771],[-88.52183,43.6319],[-88.51305,43.63185],[-88.50076,43.63181],[-88.49115,43.63177],[-88.4907,43.63177],[-88.40104,43.63093],[-88.40095,43.62035],[-88.40087,43.61353],[-88.40043,43.54353],[-88.40061,43.53691],[-88.40071,43.53544],[-88.40071,43.50886],[-88.40048,43.50585],[-88.40049,43.48588],[-88.45006,43.4858],[-88.46008,43.48583],[-88.48004,43.486],[-88.48007,43.50044],[-88.48992,43.50044],[-88.48993,43.50191],[-88.48999,43.5126],[-88.49004,43.5151],[-88.51078,43.5149],[-88.52116,43.51517],[-88.52124,43.52947],[-88.52129,43.54394],[-88.52121,43.55845],[-88.5312,43.55865],[-88.5312,43.57305],[-88.53126,43.5784]]]}},{"type":"Feature","properties":{"GEOID":"55027960200","NAME":"Census Tract 9602","COUNTY":"Dodge","ALAND":318029777,"AWATER":11205291,"lng":-88.64921,"lat":43.55101,"ALAND_SQMI":122.792,"nb":["55027960100","55027960300","55027960400","55027961100","55027961200","55027961300","55027961400","55039041800","55039041901"]},"geometry":{"type":"Polygon","coordinates":[[[-88.7808,43.58801],[-88.78032,43.589],[-88.778,43.59023],[-88.77565,43.59064],[-88.7756,43.59655],[-88.76552,43.59685],[-88.76541,43.6051],[-88.75904,43.60587],[-88.755,43.60801],[-88.7451,43.60837],[-88.74508,43.6128],[-88.74381,43.61325],[-88.73497,43.61864],[-88.73482,43.61873],[-88.73485,43.60504],[-88.72501,43.60522],[-88.72503,43.60363],[-88.72183,43.6058],[-88.72022,43.60822],[-88.71867,43.61532],[-88.71802,43.61861],[-88.71774,43.62002],[-88.71827,43.62001],[-88.71615,43.63037],[-88.71623,43.63322],[-88.71515,43.63323],[-88.67464,43.63318],[-88.64465,43.63303],[-88.63511,43.63295],[-88.60162,43.63266],[-88.59664,43.6326],[-88.59091,43.63254],[-88.5853,43.63248],[-88.55067,43.63212],[-88.5417,43.63205],[-88.52183,43.6319],[-88.52175,43.62771],[-88.52172,43.62438],[-88.52163,43.61638],[-88.52153,43.60186],[-88.52157,43.58736],[-88.52237,43.58732],[-88.52755,43.58004],[-88.53126,43.5784],[-88.5312,43.57305],[-88.5312,43.55865],[-88.52121,43.55845],[-88.52129,43.54394],[-88.52124,43.52947],[-88.52116,43.51517],[-88.52612,43.5151],[-88.53124,43.51539],[-88.5412,43.51564],[-88.54373,43.51567],[-88.55214,43.5157],[-88.55966,43.51575],[-88.56073,43.51568],[-88.55754,43.51039],[-88.55723,43.50989],[-88.56123,43.51028],[-88.56623,43.51037],[-88.57121,43.51044],[-88.57118,43.50868],[-88.57111,43.50506],[-88.57109,43.50144],[-88.57108,43.49963],[-88.57107,43.49782],[-88.57104,43.49422],[-88.57094,43.49211],[-88.57022,43.49218],[-88.56833,43.49216],[-88.56834,43.49352],[-88.56266,43.49455],[-88.56266,43.49409],[-88.56293,43.49404],[-88.56614,43.48913],[-88.56777,43.48689],[-88.5729,43.47947],[-88.57117,43.47817],[-88.56618,43.47955],[-88.55616,43.47957],[-88.55506,43.47958],[-88.55433,43.47955],[-88.55579,43.47507],[-88.55982,43.46829],[-88.56114,43.46545],[-88.56147,43.45781],[-88.5774,43.45799],[-88.58132,43.45803],[-88.61372,43.45841],[-88.61614,43.4573],[-88.61706,43.45706],[-88.61856,43.45666],[-88.62054,43.45615],[-88.62216,43.45609],[-88.62184,43.45668],[-88.62078,43.45849],[-88.61993,43.45955],[-88.61832,43.46099],[-88.59861,43.47338],[-88.59411,43.47643],[-88.58831,43.48092],[-88.58445,43.48425],[-88.58085,43.48665],[-88.58104,43.50279],[-88.58272,43.50201],[-88.5848,43.50263],[-88.58811,43.50276],[-88.58977,43.5055],[-88.5923,43.50563],[-88.59431,43.50497],[-88.59643,43.50568],[-88.59705,43.50431],[-88.59907,43.50355],[-88.60231,43.50415],[-88.60225,43.50558],[-88.60441,43.507],[-88.60767,43.50664],[-88.60919,43.50733],[-88.6112,43.5061],[-88.61045,43.50529],[-88.61052,43.50272],[-88.61142,43.50197],[-88.61617,43.50284],[-88.61849,43.50277],[-88.62105,43.50173],[-88.6232,43.49942],[-88.62321,43.49839],[-88.62504,43.49432],[-88.62802,43.49243],[-88.63068,43.49016],[-88.63413,43.49051],[-88.63657,43.49283],[-88.63794,43.4929],[-88.64359,43.49043],[-88.64412,43.48949],[-88.64409,43.47568],[-88.64406,43.47104],[-88.63511,43.45852],[-88.63584,43.45365],[-88.63493,43.4515],[-88.64323,43.45164],[-88.64522,43.45279],[-88.64552,43.45292],[-88.64576,43.45301],[-88.64605,43.45309],[-88.64642,43.45317],[-88.64654,43.45319],[-88.64753,43.4533],[-88.64778,43.45332],[-88.64974,43.45353],[-88.65627,43.45433],[-88.65816,43.45511],[-88.65947,43.45609],[-88.66127,43.45879],[-88.6693,43.45886],[-88.72698,43.45888],[-88.76103,43.45883],[-88.76481,43.46261],[-88.76832,43.4661],[-88.76579,43.46613],[-88.76484,43.46621],[-88.76274,43.46689],[-88.75828,43.47063],[-88.7587,43.50232],[-88.75969,43.54577],[-88.7598,43.54599],[-88.76071,43.54574],[-88.76584,43.54574],[-88.76574,43.56029],[-88.7759,43.56023],[-88.77587,43.5626],[-88.77497,43.5654],[-88.77388,43.5668],[-88.76571,43.5747],[-88.76571,43.57546],[-88.76893,43.57482],[-88.78096,43.57468],[-88.7808,43.58801]]]}},{"type":"Feature","properties":{"GEOID":"55027960300","NAME":"Census Tract 9603","COUNTY":"Dodge","ALAND":13473813,"AWATER":5191,"lng":-88.74861,"lat":43.618,"ALAND_SQMI":5.2023,"nb":["55027960200","55027960400","55039041800"]},"geometry":{"type":"Polygon","coordinates":[[[-88.78045,43.6214],[-88.76538,43.62606],[-88.75864,43.62769],[-88.7587,43.62965],[-88.75724,43.63277],[-88.756,43.6331],[-88.74484,43.63311],[-88.7368,43.63314],[-88.72979,43.63318],[-88.72813,43.63319],[-88.71725,43.63321],[-88.71688,43.63322],[-88.71623,43.63322],[-88.71615,43.63037],[-88.71827,43.62001],[-88.71774,43.62002],[-88.71802,43.61861],[-88.71867,43.61532],[-88.72022,43.60822],[-88.72183,43.6058],[-88.72503,43.60363],[-88.72501,43.60522],[-88.73485,43.60504],[-88.73482,43.61873],[-88.73497,43.61864],[-88.74381,43.61325],[-88.74508,43.6128],[-88.7451,43.60837],[-88.755,43.60801],[-88.75904,43.60587],[-88.76541,43.6051],[-88.76552,43.59685],[-88.7756,43.59655],[-88.77574,43.60016],[-88.77778,43.6038],[-88.78052,43.60787],[-88.78045,43.6214]]]}},{"type":"Feature","properties":{"GEOID":"55027960400","NAME":"Census Tract 9604","COUNTY":"Dodge","ALAND":208904394,"AWATER":7588441,"lng":-88.82009,"lat":43.51907,"ALAND_SQMI":80.6584,"nb":["55027960200","55027960300","55027960500","55027960600","55027960700","55027960800","55027960900","55027961000","55027961100","55027961800","55039041700","55039041800"]},"geometry":{"type":"Polygon","coordinates":[[[-88.92586,43.53653],[-88.906,43.53291],[-88.90654,43.55328],[-88.90149,43.55329],[-88.88643,43.55324],[-88.86669,43.55323],[-88.88645,43.56042],[-88.89656,43.56407],[-88.90199,43.56601],[-88.90133,43.56731],[-88.90086,43.5677],[-88.8967,43.56789],[-88.8966,43.56789],[-88.89194,43.568],[-88.8865,43.56957],[-88.87966,43.57097],[-88.87228,43.57345],[-88.86574,43.57676],[-88.86636,43.6044],[-88.87136,43.60442],[-88.8713,43.61907],[-88.87075,43.63335],[-88.76542,43.63308],[-88.76539,43.63308],[-88.76401,43.63309],[-88.7583,43.63311],[-88.756,43.6331],[-88.75724,43.63277],[-88.7587,43.62965],[-88.75864,43.62769],[-88.76538,43.62606],[-88.78045,43.6214],[-88.78052,43.60787],[-88.77778,43.6038],[-88.77574,43.60016],[-88.7756,43.59655],[-88.77565,43.59064],[-88.778,43.59023],[-88.78032,43.589],[-88.7808,43.58801],[-88.78096,43.57468],[-88.76893,43.57482],[-88.76571,43.57546],[-88.76571,43.5747],[-88.77388,43.5668],[-88.77497,43.5654],[-88.77587,43.5626],[-88.7759,43.56023],[-88.76574,43.56029],[-88.76584,43.54574],[-88.76071,43.54574],[-88.7598,43.54599],[-88.75969,43.54577],[-88.7587,43.50232],[-88.75828,43.47063],[-88.76274,43.46689],[-88.76484,43.46621],[-88.76579,43.46613],[-88.76832,43.4661],[-88.76481,43.46261],[-88.76103,43.45883],[-88.75362,43.45144],[-88.75167,43.44756],[-88.75162,43.44461],[-88.75493,43.4445],[-88.75482,43.43972],[-88.75474,43.43103],[-88.75423,43.40367],[-88.75259,43.40066],[-88.76344,43.40057],[-88.76963,43.40063],[-88.77454,43.40069],[-88.77948,43.40073],[-88.87133,43.4007],[-88.87404,43.39987],[-88.87337,43.40137],[-88.87327,43.40481],[-88.87154,43.40848],[-88.86655,43.41472],[-88.86327,43.41827],[-88.86982,43.41885],[-88.88427,43.41924],[-88.89485,43.42365],[-88.89139,43.42637],[-88.89137,43.42701],[-88.88442,43.42912],[-88.87519,43.43185],[-88.86542,43.43501],[-88.8603,43.43577],[-88.85302,43.43574],[-88.85016,43.43566],[-88.83687,43.43538],[-88.83281,43.43611],[-88.82838,43.43814],[-88.82685,43.43934],[-88.82499,43.44156],[-88.8227,43.44391],[-88.82236,43.44392],[-88.82041,43.44593],[-88.81947,43.44696],[-88.8189,43.44768],[-88.81773,43.44936],[-88.81695,43.45075],[-88.81631,43.45218],[-88.81553,43.45472],[-88.81528,43.4562],[-88.81515,43.45892],[-88.80957,43.45893],[-88.80945,43.45893],[-88.80914,43.45893],[-88.80904,43.45893],[-88.80466,43.45891],[-88.80481,43.46583],[-88.80481,43.46629],[-88.81473,43.46624],[-88.81534,43.46624],[-88.81553,43.48082],[-88.8154,43.48422],[-88.81477,43.48714],[-88.81844,43.48815],[-88.82031,43.48813],[-88.82484,43.48809],[-88.82913,43.48813],[-88.83485,43.48663],[-88.83571,43.4887],[-88.83848,43.49131],[-88.83983,43.49117],[-88.84209,43.49151],[-88.84788,43.49201],[-88.84918,43.49212],[-88.84943,43.48914],[-88.85059,43.48918],[-88.86426,43.48926],[-88.86755,43.49162],[-88.87066,43.49386],[-88.87493,43.50063],[-88.87701,43.5028],[-88.87987,43.50579],[-88.88139,43.50667],[-88.88498,43.50876],[-88.8858,43.50915],[-88.90674,43.51898],[-88.92566,43.52712],[-88.92586,43.53628],[-88.92586,43.53653]]]}},{"type":"Feature","properties":{"GEOID":"55027960500","NAME":"Census Tract 9605","COUNTY":"Dodge","ALAND":88476937,"AWATER":14226397,"lng":-88.93997,"lat":43.59098,"ALAND_SQMI":34.1611,"nb":["55027960400","55027960600","55039041700"]},"geometry":{"type":"Polygon","coordinates":[[[-89.00724,43.55647],[-89.00685,43.63305],[-88.99843,43.63295],[-88.99578,43.63292],[-88.97486,43.63296],[-88.97043,43.63319],[-88.96906,43.6332],[-88.96393,43.63309],[-88.95579,43.63311],[-88.95182,43.63313],[-88.91066,43.63339],[-88.89606,43.63348],[-88.88605,43.63354],[-88.87075,43.63335],[-88.8713,43.61907],[-88.87136,43.60442],[-88.86636,43.6044],[-88.86574,43.57676],[-88.87228,43.57345],[-88.87966,43.57097],[-88.8865,43.56957],[-88.89194,43.568],[-88.8966,43.56789],[-88.8967,43.56789],[-88.90086,43.5677],[-88.90133,43.56731],[-88.90199,43.56601],[-88.89656,43.56407],[-88.88645,43.56042],[-88.86669,43.55323],[-88.88643,43.55324],[-88.90149,43.55329],[-88.90654,43.55328],[-88.906,43.53291],[-88.92586,43.53653],[-88.92587,43.53666],[-88.927,43.53732],[-88.92774,43.5375],[-88.9276,43.54484],[-88.92765,43.54593],[-88.94247,43.54589],[-88.93593,43.54989],[-88.92994,43.55302],[-88.9256,43.55654],[-88.92398,43.55726],[-88.92391,43.55801],[-88.92981,43.55686],[-88.93604,43.55625],[-88.95442,43.55206],[-88.97507,43.5476],[-88.97727,43.54719],[-88.98645,43.54604],[-88.98936,43.54575],[-88.99391,43.54572],[-89.00172,43.54568],[-89.00706,43.54565],[-89.00708,43.54928],[-89.00707,43.54989],[-89.00709,43.55156],[-89.00709,43.55294],[-89.00711,43.55574],[-89.00724,43.55647]]]}},{"type":"Feature","properties":{"GEOID":"55027960600","NAME":"Census Tract 9606","COUNTY":"Dodge","ALAND":172797186,"AWATER":16120904,"lng":-88.94092,"lat":43.46036,"ALAND_SQMI":66.7174,"nb":["55027960400","55027960500","55027960700","55027961000","55027961800"]},"geometry":{"type":"Polygon","coordinates":[[[-89.00706,43.54565],[-89.00172,43.54568],[-88.99391,43.54572],[-88.98936,43.54575],[-88.98645,43.54604],[-88.97727,43.54719],[-88.97507,43.5476],[-88.95442,43.55206],[-88.93604,43.55625],[-88.92981,43.55686],[-88.92391,43.55801],[-88.92398,43.55726],[-88.9256,43.55654],[-88.92994,43.55302],[-88.93593,43.54989],[-88.94247,43.54589],[-88.92765,43.54593],[-88.9276,43.54484],[-88.92774,43.5375],[-88.927,43.53732],[-88.92587,43.53666],[-88.92586,43.53653],[-88.92586,43.53628],[-88.92566,43.52712],[-88.90674,43.51898],[-88.8858,43.50915],[-88.88498,43.50876],[-88.88139,43.50667],[-88.87987,43.50579],[-88.87701,43.5028],[-88.87493,43.50063],[-88.87066,43.49386],[-88.86755,43.49162],[-88.86426,43.48926],[-88.86268,43.48812],[-88.85579,43.48111],[-88.85556,43.48063],[-88.85984,43.48069],[-88.85978,43.47353],[-88.85827,43.47351],[-88.85826,43.47254],[-88.85813,43.46159],[-88.8581,43.45899],[-88.85956,43.459],[-88.85936,43.45151],[-88.85932,43.4498],[-88.85929,43.44881],[-88.85921,43.44505],[-88.86059,43.44433],[-88.86086,43.44399],[-88.85786,43.44176],[-88.8569,43.44109],[-88.85751,43.44072],[-88.85827,43.44028],[-88.86459,43.43642],[-88.86542,43.43501],[-88.87519,43.43185],[-88.88442,43.42912],[-88.89137,43.42701],[-88.89139,43.42637],[-88.89485,43.42365],[-88.88427,43.41924],[-88.86982,43.41885],[-88.86327,43.41827],[-88.86655,43.41472],[-88.87154,43.40848],[-88.87327,43.40481],[-88.87337,43.40137],[-88.87404,43.39987],[-88.87432,43.3997],[-88.88079,43.39368],[-88.88395,43.39068],[-88.8881,43.38751],[-88.89201,43.38316],[-88.89397,43.37911],[-88.91387,43.37917],[-88.95916,43.37901],[-88.96085,43.37969],[-88.96483,43.37687],[-88.97105,43.37169],[-88.97149,43.37133],[-88.97174,43.37152],[-88.97188,43.37169],[-88.97381,43.37426],[-88.97411,43.38578],[-89.00076,43.38611],[-89.00358,43.38613],[-89.00478,43.38643],[-89.00514,43.40357],[-89.00599,43.45175],[-89.00605,43.4553],[-89.00612,43.45876],[-89.00623,43.47329],[-89.00625,43.49573],[-89.00609,43.49977],[-89.00635,43.50386],[-89.0067,43.52783],[-89.00674,43.53168],[-89.00692,43.53305],[-89.00706,43.54565]]]}},{"type":"Feature","properties":{"GEOID":"55027960700","NAME":"Census Tract 9607","COUNTY":"Dodge","ALAND":6359319,"AWATER":3275211,"lng":-88.83877,"lat":43.47697,"ALAND_SQMI":2.4553,"nb":["55027960400","55027960600","55027960800","55027961000"]},"geometry":{"type":"Polygon","coordinates":[[[-88.86426,43.48926],[-88.85059,43.48918],[-88.84943,43.48914],[-88.84918,43.49212],[-88.84788,43.49201],[-88.84209,43.49151],[-88.83983,43.49117],[-88.83848,43.49131],[-88.83571,43.4887],[-88.83485,43.48663],[-88.82913,43.48813],[-88.82484,43.48809],[-88.82031,43.48813],[-88.81844,43.48815],[-88.81477,43.48714],[-88.8154,43.48422],[-88.81553,43.48082],[-88.81534,43.46624],[-88.82168,43.46624],[-88.82957,43.46623],[-88.82958,43.46749],[-88.83467,43.46761],[-88.83467,43.46981],[-88.83961,43.46979],[-88.83958,43.46617],[-88.83948,43.46057],[-88.84366,43.46048],[-88.84368,43.46175],[-88.84926,43.46169],[-88.85813,43.46159],[-88.85826,43.47254],[-88.85827,43.47351],[-88.85978,43.47353],[-88.85984,43.48069],[-88.85556,43.48063],[-88.85579,43.48111],[-88.86268,43.48812],[-88.86426,43.48926]]]}},{"type":"Feature","properties":{"GEOID":"55027960800","NAME":"Census Tract 9608","COUNTY":"Dodge","ALAND":2593818,"AWATER":0,"lng":-88.82239,"lat":43.46277,"ALAND_SQMI":1.0015,"nb":["55027960400","55027960700","55027960900","55027961000"]},"geometry":{"type":"Polygon","coordinates":[[[-88.83961,43.46979],[-88.83467,43.46981],[-88.83467,43.46761],[-88.82958,43.46749],[-88.82957,43.46623],[-88.82168,43.46624],[-88.81534,43.46624],[-88.81473,43.46624],[-88.80481,43.46629],[-88.80481,43.46583],[-88.80466,43.45891],[-88.80904,43.45893],[-88.80914,43.45893],[-88.80945,43.45893],[-88.80957,43.45893],[-88.81515,43.45892],[-88.81528,43.4562],[-88.81658,43.45637],[-88.8177,43.45645],[-88.82444,43.45632],[-88.82444,43.45895],[-88.8295,43.45895],[-88.82954,43.45988],[-88.83306,43.46062],[-88.83687,43.46059],[-88.83948,43.46057],[-88.83958,43.46617],[-88.83961,43.46979]]]}},{"type":"Feature","properties":{"GEOID":"55027960900","NAME":"Census Tract 9609","COUNTY":"Dodge","ALAND":4172068,"AWATER":40548,"lng":-88.83291,"lat":43.44584,"ALAND_SQMI":1.6108,"nb":["55027960400","55027960800","55027961000"]},"geometry":{"type":"Polygon","coordinates":[[[-88.85161,43.43876],[-88.85043,43.44099],[-88.84973,43.44088],[-88.84683,43.44246],[-88.84689,43.44374],[-88.84425,43.44553],[-88.84189,43.44595],[-88.83975,43.449],[-88.83814,43.45087],[-88.83796,43.45429],[-88.83689,43.45625],[-88.82892,43.45631],[-88.82444,43.45632],[-88.8177,43.45645],[-88.81658,43.45637],[-88.81528,43.4562],[-88.81553,43.45472],[-88.81631,43.45218],[-88.81695,43.45075],[-88.81773,43.44936],[-88.8189,43.44768],[-88.81947,43.44696],[-88.82041,43.44593],[-88.82236,43.44392],[-88.8227,43.44391],[-88.82499,43.44156],[-88.82685,43.43934],[-88.82838,43.43814],[-88.83281,43.43611],[-88.83687,43.43538],[-88.85016,43.43566],[-88.85302,43.43574],[-88.85161,43.43876]]]}},{"type":"Feature","properties":{"GEOID":"55027961000","NAME":"Census Tract 9610","COUNTY":"Dodge","ALAND":2934705,"AWATER":1381766,"lng":-88.84864,"lat":43.45123,"ALAND_SQMI":1.1331,"nb":["55027960400","55027960600","55027960700","55027960800","55027960900"]},"geometry":{"type":"Polygon","coordinates":[[[-88.86459,43.43642],[-88.85827,43.44028],[-88.85751,43.44072],[-88.8569,43.44109],[-88.85786,43.44176],[-88.86086,43.44399],[-88.86059,43.44433],[-88.85921,43.44505],[-88.85929,43.44881],[-88.85932,43.4498],[-88.85936,43.45151],[-88.85956,43.459],[-88.8581,43.45899],[-88.85813,43.46159],[-88.84926,43.46169],[-88.84368,43.46175],[-88.84366,43.46048],[-88.83948,43.46057],[-88.83687,43.46059],[-88.83306,43.46062],[-88.82954,43.45988],[-88.8295,43.45895],[-88.82444,43.45895],[-88.82444,43.45632],[-88.82892,43.45631],[-88.83689,43.45625],[-88.83796,43.45429],[-88.83814,43.45087],[-88.83975,43.449],[-88.84189,43.44595],[-88.84425,43.44553],[-88.84689,43.44374],[-88.84683,43.44246],[-88.84973,43.44088],[-88.85043,43.44099],[-88.85161,43.43876],[-88.85302,43.43574],[-88.8603,43.43577],[-88.86542,43.43501],[-88.86459,43.43642]]]}},{"type":"Feature","properties":{"GEOID":"55027961100","NAME":"Census Tract 9611","COUNTY":"Dodge","ALAND":123385297,"AWATER":1823583,"lng":-88.70224,"lat":43.395,"ALAND_SQMI":47.6393,"nb":["55027960200","55027960400","55027961200","55027961400","55027961600","55027961700","55027961800"]},"geometry":{"type":"Polygon","coordinates":[[[-88.77537,43.35812],[-88.77451,43.35869],[-88.77395,43.35933],[-88.77314,43.36065],[-88.76907,43.36468],[-88.76715,43.36971],[-88.76577,43.37088],[-88.76296,43.37145],[-88.76157,43.37147],[-88.76082,43.3738],[-88.75728,43.37352],[-88.75455,43.37445],[-88.75368,43.37785],[-88.75448,43.37931],[-88.75145,43.38],[-88.74887,43.38499],[-88.74741,43.39006],[-88.74874,43.39324],[-88.74907,43.40068],[-88.75259,43.40066],[-88.75423,43.40367],[-88.75474,43.43103],[-88.75482,43.43972],[-88.75493,43.4445],[-88.75162,43.44461],[-88.75167,43.44756],[-88.75362,43.45144],[-88.76103,43.45883],[-88.72698,43.45888],[-88.6693,43.45886],[-88.66127,43.45879],[-88.65947,43.45609],[-88.65816,43.45511],[-88.65627,43.45433],[-88.64974,43.45353],[-88.64778,43.45332],[-88.64753,43.4533],[-88.64655,43.45127],[-88.64635,43.44412],[-88.645,43.44405],[-88.64541,43.44265],[-88.64561,43.44196],[-88.64632,43.44026],[-88.64982,43.43702],[-88.65565,43.42307],[-88.65538,43.40932],[-88.65221,43.41509],[-88.65017,43.41644],[-88.64729,43.41688],[-88.64441,43.41613],[-88.64775,43.41367],[-88.6463,43.41139],[-88.64762,43.40858],[-88.64454,43.40622],[-88.64747,43.40435],[-88.64844,43.40019],[-88.64857,43.39987],[-88.64838,43.39927],[-88.64738,43.39897],[-88.64579,43.39906],[-88.64385,43.39896],[-88.64279,43.39857],[-88.63999,43.39745],[-88.63703,43.39529],[-88.63397,43.39176],[-88.63451,43.38679],[-88.63461,43.38629],[-88.63619,43.38403],[-88.63668,43.38263],[-88.63239,43.38217],[-88.63145,43.38191],[-88.6303,43.38158],[-88.62922,43.38127],[-88.62684,43.38333],[-88.62464,43.38059],[-88.62406,43.37839],[-88.62572,43.37793],[-88.62754,43.37118],[-88.62818,43.36731],[-88.63151,43.36494],[-88.63343,43.36415],[-88.63644,43.36418],[-88.63639,43.35832],[-88.63826,43.35362],[-88.64193,43.35328],[-88.64129,43.35042],[-88.64144,43.34261],[-88.6512,43.34276],[-88.65499,43.34282],[-88.66129,43.34287],[-88.67058,43.34238],[-88.68058,43.34229],[-88.68252,43.34232],[-88.69003,43.34242],[-88.69539,43.3427],[-88.73869,43.34311],[-88.73812,43.33894],[-88.73686,43.33464],[-88.73549,43.3288],[-88.7388,43.32856],[-88.75355,43.32837],[-88.7736,43.32858],[-88.77321,43.35731],[-88.77348,43.35759],[-88.77446,43.35768],[-88.77502,43.35784],[-88.77537,43.35812]]]}},{"type":"Feature","properties":{"GEOID":"55027961200","NAME":"Census Tract 9612","COUNTY":"Dodge","ALAND":23786101,"AWATER":2774742,"lng":-88.62106,"lat":43.46878,"ALAND_SQMI":9.1839,"nb":["55027960200","55027961100","55027961400"]},"geometry":{"type":"Polygon","coordinates":[[[-88.65565,43.42307],[-88.64982,43.43702],[-88.64632,43.44026],[-88.64561,43.44196],[-88.64541,43.44265],[-88.645,43.44405],[-88.64635,43.44412],[-88.64655,43.45127],[-88.64753,43.4533],[-88.64654,43.45319],[-88.64642,43.45317],[-88.64605,43.45309],[-88.64576,43.45301],[-88.64552,43.45292],[-88.64522,43.45279],[-88.64323,43.45164],[-88.63493,43.4515],[-88.63584,43.45365],[-88.63511,43.45852],[-88.64406,43.47104],[-88.64409,43.47568],[-88.64412,43.48949],[-88.64359,43.49043],[-88.63794,43.4929],[-88.63657,43.49283],[-88.63413,43.49051],[-88.63068,43.49016],[-88.62802,43.49243],[-88.62504,43.49432],[-88.62321,43.49839],[-88.6232,43.49942],[-88.62105,43.50173],[-88.61849,43.50277],[-88.61617,43.50284],[-88.61142,43.50197],[-88.61052,43.50272],[-88.61045,43.50529],[-88.6112,43.5061],[-88.60919,43.50733],[-88.60767,43.50664],[-88.60441,43.507],[-88.60225,43.50558],[-88.60231,43.50415],[-88.59907,43.50355],[-88.59705,43.50431],[-88.59643,43.50568],[-88.59431,43.50497],[-88.5923,43.50563],[-88.58977,43.5055],[-88.58811,43.50276],[-88.5848,43.50263],[-88.58272,43.50201],[-88.58104,43.50279],[-88.58085,43.48665],[-88.58445,43.48425],[-88.58831,43.48092],[-88.59411,43.47643],[-88.59861,43.47338],[-88.61832,43.46099],[-88.61993,43.45955],[-88.62078,43.45849],[-88.62184,43.45668],[-88.62216,43.45609],[-88.62303,43.45426],[-88.62313,43.45161],[-88.62178,43.45065],[-88.62105,43.4492],[-88.62083,43.4489],[-88.62069,43.44875],[-88.61919,43.4473],[-88.61901,43.44715],[-88.61787,43.44636],[-88.61726,43.446],[-88.61658,43.44564],[-88.61608,43.44543],[-88.61577,43.44534],[-88.61399,43.44481],[-88.6103,43.44415],[-88.60679,43.44416],[-88.60669,43.43674],[-88.62169,43.44272],[-88.62161,43.43719],[-88.6296,43.4371],[-88.63008,43.4371],[-88.63241,43.43588],[-88.63411,43.43337],[-88.63581,43.42989],[-88.6358,43.42856],[-88.63438,43.42677],[-88.63071,43.42567],[-88.63002,43.42399],[-88.63231,43.42066],[-88.6331,43.42055],[-88.6346,43.42088],[-88.63912,43.42042],[-88.64199,43.41823],[-88.64263,43.41703],[-88.6433,43.41682],[-88.64335,43.41643],[-88.64441,43.41613],[-88.64729,43.41688],[-88.65017,43.41644],[-88.65221,43.41509],[-88.65538,43.40932],[-88.65565,43.42307]]]}},{"type":"Feature","properties":{"GEOID":"55027961300","NAME":"Census Tract 9613","COUNTY":"Dodge","ALAND":15411771,"AWATER":394679,"lng":-88.54542,"lat":43.4962,"ALAND_SQMI":5.9505,"nb":["55027960100","55027960200","55027961400"]},"geometry":{"type":"Polygon","coordinates":[[[-88.5729,43.47947],[-88.56777,43.48689],[-88.56614,43.48913],[-88.56293,43.49404],[-88.56266,43.49409],[-88.56266,43.49455],[-88.56834,43.49352],[-88.56833,43.49216],[-88.57022,43.49218],[-88.57094,43.49211],[-88.57104,43.49422],[-88.57107,43.49782],[-88.57108,43.49963],[-88.57109,43.50144],[-88.57111,43.50506],[-88.57118,43.50868],[-88.57121,43.51044],[-88.56623,43.51037],[-88.56123,43.51028],[-88.55723,43.50989],[-88.55754,43.51039],[-88.56073,43.51568],[-88.55966,43.51575],[-88.55214,43.5157],[-88.54373,43.51567],[-88.5412,43.51564],[-88.53124,43.51539],[-88.52612,43.5151],[-88.52116,43.51517],[-88.51078,43.5149],[-88.51089,43.51452],[-88.51289,43.51444],[-88.51839,43.50963],[-88.52117,43.50517],[-88.52202,43.50487],[-88.52576,43.50043],[-88.52779,43.49894],[-88.53163,43.49361],[-88.52753,43.49335],[-88.523,43.49327],[-88.5213,43.49279],[-88.52139,43.47891],[-88.53793,43.47926],[-88.53888,43.47928],[-88.54045,43.47932],[-88.543,43.47937],[-88.546,43.47943],[-88.5464,43.46736],[-88.5459,43.46402],[-88.54773,43.46703],[-88.55494,43.47378],[-88.55579,43.47507],[-88.55433,43.47955],[-88.55506,43.47958],[-88.55616,43.47957],[-88.56618,43.47955],[-88.57117,43.47817],[-88.5729,43.47947]]]}},{"type":"Feature","properties":{"GEOID":"55027961400","NAME":"Census Tract 9614","COUNTY":"Dodge","ALAND":219561533,"AWATER":4261022,"lng":-88.50802,"lat":43.42759,"ALAND_SQMI":84.7732,"nb":["55027960100","55027960200","55027961100","55027961200","55027961300","55027961500","55027961600","55131430100","55131440103"]},"geometry":{"type":"Polygon","coordinates":[[[-88.64844,43.40019],[-88.64747,43.40435],[-88.64454,43.40622],[-88.64762,43.40858],[-88.6463,43.41139],[-88.64775,43.41367],[-88.64441,43.41613],[-88.64335,43.41643],[-88.6433,43.41682],[-88.64263,43.41703],[-88.64199,43.41823],[-88.63912,43.42042],[-88.6346,43.42088],[-88.6331,43.42055],[-88.63231,43.42066],[-88.63002,43.42399],[-88.63071,43.42567],[-88.63438,43.42677],[-88.6358,43.42856],[-88.63581,43.42989],[-88.63411,43.43337],[-88.63241,43.43588],[-88.63008,43.4371],[-88.6296,43.4371],[-88.62161,43.43719],[-88.62169,43.44272],[-88.60669,43.43674],[-88.60679,43.44416],[-88.6103,43.44415],[-88.61399,43.44481],[-88.61577,43.44534],[-88.61608,43.44543],[-88.61658,43.44564],[-88.61726,43.446],[-88.61787,43.44636],[-88.61901,43.44715],[-88.61919,43.4473],[-88.62069,43.44875],[-88.62083,43.4489],[-88.62105,43.4492],[-88.62178,43.45065],[-88.62313,43.45161],[-88.62303,43.45426],[-88.62216,43.45609],[-88.62054,43.45615],[-88.61856,43.45666],[-88.61706,43.45706],[-88.61614,43.4573],[-88.61372,43.45841],[-88.58132,43.45803],[-88.5774,43.45799],[-88.56147,43.45781],[-88.56114,43.46545],[-88.55982,43.46829],[-88.55579,43.47507],[-88.55494,43.47378],[-88.54773,43.46703],[-88.5459,43.46402],[-88.5464,43.46736],[-88.546,43.47943],[-88.543,43.47937],[-88.54045,43.47932],[-88.53888,43.47928],[-88.53793,43.47926],[-88.52139,43.47891],[-88.5213,43.49279],[-88.523,43.49327],[-88.52753,43.49335],[-88.53163,43.49361],[-88.52779,43.49894],[-88.52576,43.50043],[-88.52202,43.50487],[-88.52117,43.50517],[-88.51839,43.50963],[-88.51289,43.51444],[-88.51089,43.51452],[-88.51078,43.5149],[-88.49004,43.5151],[-88.48999,43.5126],[-88.48993,43.50191],[-88.48992,43.50044],[-88.48007,43.50044],[-88.48004,43.486],[-88.46008,43.48583],[-88.45006,43.4858],[-88.40049,43.48588],[-88.40068,43.45678],[-88.40118,43.4004],[-88.40154,43.37007],[-88.41844,43.37018],[-88.41856,43.36522],[-88.42846,43.36517],[-88.42837,43.36947],[-88.42847,43.36981],[-88.42933,43.37031],[-88.44819,43.37048],[-88.45097,43.37051],[-88.45146,43.37104],[-88.45076,43.38485],[-88.46064,43.38496],[-88.46119,43.37405],[-88.45958,43.37056],[-88.51909,43.37054],[-88.52196,43.37054],[-88.52799,43.37058],[-88.53628,43.37062],[-88.54197,43.37064],[-88.54629,43.37068],[-88.55312,43.3706],[-88.55877,43.37081],[-88.59612,43.37107],[-88.59583,43.37958],[-88.5967,43.38557],[-88.60369,43.38556],[-88.60511,43.38217],[-88.61387,43.3811],[-88.61748,43.38223],[-88.62525,43.38471],[-88.62684,43.38333],[-88.62922,43.38127],[-88.6303,43.38158],[-88.63145,43.38191],[-88.63239,43.38217],[-88.63668,43.38263],[-88.63619,43.38403],[-88.63461,43.38629],[-88.63451,43.38679],[-88.63397,43.39176],[-88.63703,43.39529],[-88.63999,43.39745],[-88.64279,43.39857],[-88.64385,43.39896],[-88.64579,43.39906],[-88.64738,43.39897],[-88.64838,43.39927],[-88.64857,43.39987],[-88.64844,43.40019]]]}},{"type":"Feature","properties":{"GEOID":"55027961500","NAME":"Census Tract 9615","COUNTY":"Dodge","ALAND":186119551,"AWATER":1516960,"lng":-88.4781,"lat":43.28453,"ALAND_SQMI":71.8612,"nb":["55027961400","55027961600","55131440103","55131440104","55131440106","55133204501"]},"geometry":{"type":"Polygon","coordinates":[[[-88.55166,43.20496],[-88.54754,43.20362],[-88.54434,43.20339],[-88.54255,43.2023],[-88.54158,43.20221],[-88.53969,43.20318],[-88.53995,43.20376],[-88.54124,43.20617],[-88.54224,43.20775],[-88.54284,43.20828],[-88.54311,43.20878],[-88.54302,43.20928],[-88.54253,43.20981],[-88.54126,43.21004],[-88.54003,43.21009],[-88.53925,43.21034],[-88.53869,43.2111],[-88.53844,43.21146],[-88.53915,43.21171],[-88.53947,43.21212],[-88.54084,43.21447],[-88.54115,43.2157],[-88.5418,43.21683],[-88.54355,43.21871],[-88.54353,43.21906],[-88.54313,43.21961],[-88.54137,43.2207],[-88.54109,43.22238],[-88.5394,43.22272],[-88.53879,43.22278],[-88.53801,43.22277],[-88.5379,43.22309],[-88.53752,43.22341],[-88.53641,43.2234],[-88.53648,43.22429],[-88.53641,43.22467],[-88.53608,43.22505],[-88.52369,43.22485],[-88.52302,43.22482],[-88.51986,43.22472],[-88.5199,43.22568],[-88.51981,43.22823],[-88.51984,43.22898],[-88.52016,43.23219],[-88.5193,43.23452],[-88.52278,43.23582],[-88.52378,43.23689],[-88.52804,43.24611],[-88.53063,43.25403],[-88.53669,43.25422],[-88.53679,43.2609],[-88.53692,43.26867],[-88.53736,43.28302],[-88.53337,43.28302],[-88.53334,43.29384],[-88.53374,43.29589],[-88.53727,43.29902],[-88.54149,43.30217],[-88.54503,43.30477],[-88.54427,43.3049],[-88.54144,43.30489],[-88.53718,43.30483],[-88.53709,43.3093],[-88.53701,43.31162],[-88.53577,43.31371],[-88.53596,43.31482],[-88.53202,43.31491],[-88.5315,43.31718],[-88.52852,43.32131],[-88.52921,43.32284],[-88.53409,43.32693],[-88.53439,43.32694],[-88.53631,43.32833],[-88.53673,43.32869],[-88.54153,43.33414],[-88.54142,43.34135],[-88.54649,43.34134],[-88.54629,43.37068],[-88.54197,43.37064],[-88.53628,43.37062],[-88.52799,43.37058],[-88.52196,43.37054],[-88.51909,43.37054],[-88.45958,43.37056],[-88.46119,43.37405],[-88.46064,43.38496],[-88.45076,43.38485],[-88.45146,43.37104],[-88.45097,43.37051],[-88.44819,43.37048],[-88.42933,43.37031],[-88.42847,43.36981],[-88.42837,43.36947],[-88.42846,43.36517],[-88.41856,43.36522],[-88.41877,43.34726],[-88.41877,43.34718],[-88.41877,43.34703],[-88.4187,43.33187],[-88.41871,43.32544],[-88.41871,43.32528],[-88.41921,43.28192],[-88.41866,43.25293],[-88.41828,43.21715],[-88.41799,43.1947],[-88.4293,43.19509],[-88.45761,43.19569],[-88.53584,43.19605],[-88.53592,43.19605],[-88.54856,43.19632],[-88.55055,43.19915],[-88.55166,43.20496]]]}},{"type":"Feature","properties":{"GEOID":"55027961600","NAME":"Census Tract 9616","COUNTY":"Dodge","ALAND":175724888,"AWATER":8238122,"lng":-88.59517,"lat":43.28101,"ALAND_SQMI":67.8478,"nb":["55027961100","55027961400","55027961500","55027961700"]},"geometry":{"type":"Polygon","coordinates":[[[-88.67095,43.19784],[-88.66897,43.20052],[-88.66931,43.21155],[-88.666,43.21161],[-88.66614,43.22048],[-88.6658,43.22273],[-88.66389,43.22711],[-88.66015,43.23763],[-88.65962,43.2409],[-88.65848,43.24412],[-88.65653,43.24781],[-88.65526,43.24801],[-88.64897,43.24798],[-88.64876,43.26034],[-88.64845,43.26176],[-88.64803,43.26291],[-88.64123,43.2781],[-88.63938,43.28335],[-88.63929,43.28436],[-88.64716,43.28441],[-88.64708,43.28754],[-88.64701,43.2916],[-88.64704,43.29667],[-88.64706,43.29885],[-88.65555,43.29903],[-88.66022,43.29907],[-88.66102,43.29934],[-88.66069,43.29977],[-88.66021,43.31365],[-88.65733,43.31439],[-88.65524,43.3171],[-88.65302,43.32088],[-88.65174,43.32329],[-88.65158,43.32428],[-88.65144,43.32812],[-88.65135,43.33285],[-88.65131,43.33533],[-88.6512,43.34276],[-88.64144,43.34261],[-88.64129,43.35042],[-88.64193,43.35328],[-88.63826,43.35362],[-88.63639,43.35832],[-88.63644,43.36418],[-88.63343,43.36415],[-88.63151,43.36494],[-88.62818,43.36731],[-88.62754,43.37118],[-88.62572,43.37793],[-88.62406,43.37839],[-88.62464,43.38059],[-88.62684,43.38333],[-88.62525,43.38471],[-88.61748,43.38223],[-88.61387,43.3811],[-88.60511,43.38217],[-88.60369,43.38556],[-88.5967,43.38557],[-88.59583,43.37958],[-88.59612,43.37107],[-88.55877,43.37081],[-88.55312,43.3706],[-88.54629,43.37068],[-88.54649,43.34134],[-88.54142,43.34135],[-88.54153,43.33414],[-88.53673,43.32869],[-88.53631,43.32833],[-88.53439,43.32694],[-88.53409,43.32693],[-88.52921,43.32284],[-88.52852,43.32131],[-88.5315,43.31718],[-88.53202,43.31491],[-88.53596,43.31482],[-88.53577,43.31371],[-88.53701,43.31162],[-88.53709,43.3093],[-88.53718,43.30483],[-88.54144,43.30489],[-88.54427,43.3049],[-88.54503,43.30477],[-88.54149,43.30217],[-88.53727,43.29902],[-88.53374,43.29589],[-88.53334,43.29384],[-88.53337,43.28302],[-88.53736,43.28302],[-88.53692,43.26867],[-88.53679,43.2609],[-88.53669,43.25422],[-88.53063,43.25403],[-88.52804,43.24611],[-88.52378,43.23689],[-88.52278,43.23582],[-88.5193,43.23452],[-88.52016,43.23219],[-88.51984,43.22898],[-88.51981,43.22823],[-88.5199,43.22568],[-88.51986,43.22472],[-88.52302,43.22482],[-88.52369,43.22485],[-88.53608,43.22505],[-88.53641,43.22467],[-88.53648,43.22429],[-88.53641,43.2234],[-88.53752,43.22341],[-88.5379,43.22309],[-88.53801,43.22277],[-88.53879,43.22278],[-88.5394,43.22272],[-88.54109,43.22238],[-88.54137,43.2207],[-88.54313,43.21961],[-88.54353,43.21906],[-88.54355,43.21871],[-88.5418,43.21683],[-88.54115,43.2157],[-88.54084,43.21447],[-88.53947,43.21212],[-88.53915,43.21171],[-88.53844,43.21146],[-88.53869,43.2111],[-88.53925,43.21034],[-88.54003,43.21009],[-88.54126,43.21004],[-88.54253,43.20981],[-88.54302,43.20928],[-88.54311,43.20878],[-88.54284,43.20828],[-88.54224,43.20775],[-88.54124,43.20617],[-88.53995,43.20376],[-88.53969,43.20318],[-88.54158,43.20221],[-88.54255,43.2023],[-88.54434,43.20339],[-88.54754,43.20362],[-88.55166,43.20496],[-88.55055,43.19915],[-88.54856,43.19632],[-88.5523,43.19638],[-88.5803,43.19679],[-88.63241,43.19703],[-88.65222,43.19709],[-88.65425,43.19723],[-88.67326,43.19707],[-88.67095,43.19784]]]}},{"type":"Feature","properties":{"GEOID":"55027961700","NAME":"Census Tract 9617","COUNTY":"Dodge","ALAND":209053170,"AWATER":1611591,"lng":-88.74619,"lat":43.2637,"ALAND_SQMI":80.7159,"nb":["55027961100","55027961600","55027961800","55027961900"]},"geometry":{"type":"Polygon","coordinates":[[[-88.88011,43.21455],[-88.87921,43.21729],[-88.87275,43.22053],[-88.87218,43.22341],[-88.87304,43.22681],[-88.87309,43.22708],[-88.87376,43.22863],[-88.8765,43.23102],[-88.8756,43.23447],[-88.87381,43.23611],[-88.87303,43.23588],[-88.87258,43.23592],[-88.86563,43.23779],[-88.86319,43.23913],[-88.86103,43.2391],[-88.85559,43.24138],[-88.85377,43.24183],[-88.85179,43.24361],[-88.85027,43.2436],[-88.85033,43.24401],[-88.84857,43.24636],[-88.84717,43.24674],[-88.84436,43.25151],[-88.84307,43.25194],[-88.84282,43.25209],[-88.84287,43.25276],[-88.84244,43.25345],[-88.84212,43.25442],[-88.84178,43.25495],[-88.84131,43.25538],[-88.84026,43.25544],[-88.83988,43.25558],[-88.8396,43.25598],[-88.83818,43.25597],[-88.83848,43.25751],[-88.83764,43.2581],[-88.83665,43.26021],[-88.83513,43.26188],[-88.83538,43.26464],[-88.83618,43.26598],[-88.83603,43.26889],[-88.83497,43.27062],[-88.83517,43.27103],[-88.83414,43.27292],[-88.83382,43.27468],[-88.83365,43.27502],[-88.83394,43.27627],[-88.83356,43.27675],[-88.8315,43.27792],[-88.83118,43.28021],[-88.82545,43.28281],[-88.82335,43.28494],[-88.82334,43.28534],[-88.8224,43.28533],[-88.82153,43.28727],[-88.81869,43.28764],[-88.81816,43.28678],[-88.81406,43.28602],[-88.81073,43.28558],[-88.81035,43.28693],[-88.80827,43.28848],[-88.81244,43.28957],[-88.81082,43.29144],[-88.81025,43.29344],[-88.80737,43.29612],[-88.80255,43.29635],[-88.79577,43.29964],[-88.79391,43.30213],[-88.79113,43.30837],[-88.78368,43.31163],[-88.7837,43.31409],[-88.77381,43.31405],[-88.77363,43.32858],[-88.7736,43.32858],[-88.75355,43.32837],[-88.7388,43.32856],[-88.73549,43.3288],[-88.73686,43.33464],[-88.73812,43.33894],[-88.73869,43.34311],[-88.69539,43.3427],[-88.69003,43.34242],[-88.68252,43.34232],[-88.68058,43.34229],[-88.67058,43.34238],[-88.66129,43.34287],[-88.65499,43.34282],[-88.6512,43.34276],[-88.65131,43.33533],[-88.65135,43.33285],[-88.65144,43.32812],[-88.65158,43.32428],[-88.65174,43.32329],[-88.65302,43.32088],[-88.65524,43.3171],[-88.65733,43.31439],[-88.66021,43.31365],[-88.66069,43.29977],[-88.66102,43.29934],[-88.66022,43.29907],[-88.65555,43.29903],[-88.64706,43.29885],[-88.64704,43.29667],[-88.64701,43.2916],[-88.64708,43.28754],[-88.64716,43.28441],[-88.63929,43.28436],[-88.63938,43.28335],[-88.64123,43.2781],[-88.64803,43.26291],[-88.64845,43.26176],[-88.64876,43.26034],[-88.64897,43.24798],[-88.65526,43.24801],[-88.65653,43.24781],[-88.65848,43.24412],[-88.65962,43.2409],[-88.66015,43.23763],[-88.66389,43.22711],[-88.6658,43.22273],[-88.66614,43.22048],[-88.666,43.21161],[-88.66931,43.21155],[-88.66897,43.20052],[-88.67095,43.19784],[-88.67326,43.19707],[-88.68703,43.19712],[-88.69144,43.19715],[-88.69146,43.20053],[-88.69317,43.20085],[-88.69325,43.20435],[-88.69405,43.20435],[-88.69415,43.21166],[-88.69699,43.21165],[-88.69838,43.21145],[-88.70162,43.21051],[-88.70302,43.2099],[-88.70384,43.21081],[-88.70395,43.21164],[-88.70434,43.21986],[-88.70479,43.22003],[-88.70807,43.21856],[-88.71432,43.21288],[-88.72201,43.21536],[-88.7286,43.21636],[-88.73404,43.21707],[-88.73441,43.21711],[-88.73642,43.21738],[-88.75274,43.21964],[-88.75896,43.21947],[-88.75887,43.21223],[-88.75871,43.19841],[-88.75877,43.19772],[-88.75979,43.19772],[-88.76702,43.19771],[-88.77221,43.19773],[-88.8321,43.1979],[-88.87246,43.19815],[-88.8738,43.19799],[-88.87164,43.20213],[-88.86994,43.20464],[-88.86986,43.20622],[-88.87106,43.20845],[-88.87566,43.20939],[-88.87834,43.21028],[-88.87991,43.2133],[-88.88011,43.21455]]]}},{"type":"Feature","properties":{"GEOID":"55027961800","NAME":"Census Tract 9618","COUNTY":"Dodge","ALAND":337362586,"AWATER":5224092,"lng":-88.90141,"lat":43.30674,"ALAND_SQMI":130.2564,"nb":["55027960400","55027960600","55027961100","55027961700"]},"geometry":{"type":"Polygon","coordinates":[[[-89.00953,43.32347],[-89.00935,43.32703],[-89.00933,43.33046],[-89.00934,43.33574],[-89.00916,43.3494],[-89.00916,43.35011],[-89.00905,43.35842],[-89.00889,43.36756],[-89.00883,43.3715],[-89.00469,43.37169],[-89.00448,43.37496],[-89.00467,43.38581],[-89.00478,43.38643],[-89.00358,43.38613],[-89.00076,43.38611],[-88.97411,43.38578],[-88.97381,43.37426],[-88.97188,43.37169],[-88.97174,43.37152],[-88.97149,43.37133],[-88.97105,43.37169],[-88.96483,43.37687],[-88.96085,43.37969],[-88.95916,43.37901],[-88.91387,43.37917],[-88.89397,43.37911],[-88.89201,43.38316],[-88.8881,43.38751],[-88.88395,43.39068],[-88.88079,43.39368],[-88.87432,43.3997],[-88.87404,43.39987],[-88.87133,43.4007],[-88.77948,43.40073],[-88.77454,43.40069],[-88.76963,43.40063],[-88.76344,43.40057],[-88.75259,43.40066],[-88.74907,43.40068],[-88.74874,43.39324],[-88.74741,43.39006],[-88.74887,43.38499],[-88.75145,43.38],[-88.75448,43.37931],[-88.75368,43.37785],[-88.75455,43.37445],[-88.75728,43.37352],[-88.76082,43.3738],[-88.76157,43.37147],[-88.76296,43.37145],[-88.76577,43.37088],[-88.76715,43.36971],[-88.76907,43.36468],[-88.77314,43.36065],[-88.77395,43.35933],[-88.77451,43.35869],[-88.77537,43.35812],[-88.77502,43.35784],[-88.77446,43.35768],[-88.77348,43.35759],[-88.77321,43.35731],[-88.7736,43.32858],[-88.77363,43.32858],[-88.77381,43.31405],[-88.7837,43.31409],[-88.78368,43.31163],[-88.79113,43.30837],[-88.79391,43.30213],[-88.79577,43.29964],[-88.80255,43.29635],[-88.80737,43.29612],[-88.81025,43.29344],[-88.81082,43.29144],[-88.81244,43.28957],[-88.80827,43.28848],[-88.81035,43.28693],[-88.81073,43.28558],[-88.81406,43.28602],[-88.81816,43.28678],[-88.81869,43.28764],[-88.82153,43.28727],[-88.8224,43.28533],[-88.82334,43.28534],[-88.82335,43.28494],[-88.82545,43.28281],[-88.83118,43.28021],[-88.8315,43.27792],[-88.83356,43.27675],[-88.83394,43.27627],[-88.83365,43.27502],[-88.83382,43.27468],[-88.83414,43.27292],[-88.83517,43.27103],[-88.83497,43.27062],[-88.83603,43.26889],[-88.83618,43.26598],[-88.83538,43.26464],[-88.83513,43.26188],[-88.83665,43.26021],[-88.83764,43.2581],[-88.83848,43.25751],[-88.83818,43.25597],[-88.8396,43.25598],[-88.83988,43.25558],[-88.84026,43.25544],[-88.84131,43.25538],[-88.84178,43.25495],[-88.84212,43.25442],[-88.84244,43.25345],[-88.84287,43.25276],[-88.84282,43.25209],[-88.84307,43.25194],[-88.84436,43.25151],[-88.84717,43.24674],[-88.84857,43.24636],[-88.85033,43.24401],[-88.85027,43.2436],[-88.85179,43.24361],[-88.85377,43.24183],[-88.85559,43.24138],[-88.86103,43.2391],[-88.86319,43.23913],[-88.86563,43.23779],[-88.87258,43.23592],[-88.87303,43.23588],[-88.87381,43.23611],[-88.8756,43.23447],[-88.8765,43.23102],[-88.87376,43.22863],[-88.87309,43.22708],[-88.87304,43.22681],[-88.87218,43.22341],[-88.87275,43.22053],[-88.87921,43.21729],[-88.88011,43.21455],[-88.87991,43.2133],[-88.87834,43.21028],[-88.87566,43.20939],[-88.87106,43.20845],[-88.86986,43.20622],[-88.86994,43.20464],[-88.87164,43.20213],[-88.8738,43.19799],[-88.87511,43.19781],[-88.89054,43.19791],[-88.89058,43.19791],[-88.89152,43.19787],[-88.90095,43.1978],[-88.90604,43.19796],[-88.96126,43.19805],[-88.97044,43.19797],[-88.99029,43.19786],[-89.00883,43.19772],[-89.00892,43.19772],[-89.00888,43.20073],[-89.00902,43.26301],[-89.00909,43.2716],[-89.00914,43.28483],[-89.0092,43.29259],[-89.00938,43.30943],[-89.00953,43.32347]]]}},{"type":"Feature","properties":{"GEOID":"55027961900","NAME":"Census Tract 9619","COUNTY":"Dodge","ALAND":9322905,"AWATER":147146,"lng":-88.73029,"lat":43.20814,"ALAND_SQMI":3.5996,"nb":["55027961700","55027962000"]},"geometry":{"type":"Polygon","coordinates":[[[-88.75896,43.21947],[-88.75274,43.21964],[-88.73642,43.21738],[-88.73441,43.21711],[-88.73404,43.21707],[-88.7286,43.21636],[-88.72201,43.21536],[-88.71432,43.21288],[-88.70807,43.21856],[-88.70479,43.22003],[-88.70434,43.21986],[-88.70395,43.21164],[-88.70384,43.21081],[-88.70302,43.2099],[-88.70162,43.21051],[-88.69838,43.21145],[-88.69699,43.21165],[-88.69415,43.21166],[-88.69405,43.20435],[-88.69325,43.20435],[-88.69317,43.20085],[-88.69146,43.20053],[-88.69144,43.19715],[-88.69381,43.19717],[-88.69418,43.19717],[-88.69962,43.1972],[-88.7069,43.20721],[-88.71141,43.20422],[-88.71525,43.20183],[-88.72134,43.20263],[-88.72446,43.2028],[-88.72537,43.20443],[-88.72881,43.20503],[-88.72863,43.20448],[-88.7262,43.20174],[-88.73091,43.20172],[-88.73147,43.20019],[-88.73077,43.19775],[-88.73456,43.19782],[-88.75877,43.19772],[-88.75871,43.19841],[-88.75887,43.21223],[-88.75896,43.21947]]]}},{"type":"Feature","properties":{"GEOID":"55027962000","NAME":"Census Tract 9620","COUNTY":"Dodge","ALAND":1294123,"AWATER":272108,"lng":-88.71508,"lat":43.20061,"ALAND_SQMI":0.4997,"nb":["55027961900"]},"geometry":{"type":"Polygon","coordinates":[[[-88.73091,43.20172],[-88.7262,43.20174],[-88.72863,43.20448],[-88.72881,43.20503],[-88.72537,43.20443],[-88.72446,43.2028],[-88.72134,43.20263],[-88.71525,43.20183],[-88.71141,43.20422],[-88.7069,43.20721],[-88.69962,43.1972],[-88.70707,43.19732],[-88.71147,43.19739],[-88.71645,43.1975],[-88.72029,43.19759],[-88.72237,43.19761],[-88.72443,43.19768],[-88.73077,43.19775],[-88.73147,43.20019],[-88.73091,43.20172]]]}},{"type":"Feature","properties":{"GEOID":"55039040100","NAME":"Census Tract 401","COUNTY":"Fond du Lac","ALAND":2625454,"AWATER":927874,"lng":-88.43194,"lat":43.79083,"ALAND_SQMI":1.0137,"nb":["55039040200","55039040500","55039040900","55039041102","55039041300"]},"geometry":{"type":"Polygon","coordinates":[[[-88.44257,43.79901],[-88.44215,43.7998],[-88.44154,43.80354],[-88.4329,43.80348],[-88.42661,43.80343],[-88.42662,43.80076],[-88.42497,43.80006],[-88.42233,43.79966],[-88.42224,43.7996],[-88.42585,43.79794],[-88.42565,43.79689],[-88.42568,43.79462],[-88.42565,43.79079],[-88.42184,43.78773],[-88.42183,43.78535],[-88.42196,43.77855],[-88.42936,43.77866],[-88.43899,43.7788],[-88.4391,43.78349],[-88.43922,43.78742],[-88.43934,43.79158],[-88.43949,43.79667],[-88.44151,43.79739],[-88.44342,43.79749],[-88.44257,43.79901]]]}},{"type":"Feature","properties":{"GEOID":"55039040200","NAME":"Census Tract 402","COUNTY":"Fond du Lac","ALAND":2245864,"AWATER":522035,"lng":-88.44809,"lat":43.79238,"ALAND_SQMI":0.8671,"nb":["55039040100","55039040300","55039040500","55039041300"]},"geometry":{"type":"Polygon","coordinates":[[[-88.45915,43.78877],[-88.45775,43.79085],[-88.45638,43.79093],[-88.4553,43.79143],[-88.45537,43.79497],[-88.45304,43.80061],[-88.45189,43.80235],[-88.45138,43.80367],[-88.44154,43.80354],[-88.44215,43.7998],[-88.44257,43.79901],[-88.44342,43.79749],[-88.44151,43.79739],[-88.43949,43.79667],[-88.43934,43.79158],[-88.43922,43.78742],[-88.4391,43.78349],[-88.44885,43.78365],[-88.4588,43.78426],[-88.45891,43.78425],[-88.45915,43.78877]]]}},{"type":"Feature","properties":{"GEOID":"55039040300","NAME":"Census Tract 403","COUNTY":"Fond du Lac","ALAND":3892746,"AWATER":87126,"lng":-88.47089,"lat":43.78741,"ALAND_SQMI":1.503,"nb":["55039040200","55039040400","55039040500","55039040700","55039041300"]},"geometry":{"type":"Polygon","coordinates":[[[-88.48469,43.79536],[-88.48314,43.79534],[-88.47694,43.79522],[-88.47698,43.79642],[-88.47411,43.79694],[-88.47324,43.79602],[-88.47066,43.79725],[-88.47075,43.80131],[-88.46704,43.79873],[-88.46198,43.79458],[-88.45719,43.79167],[-88.45638,43.79093],[-88.45775,43.79085],[-88.45915,43.78877],[-88.45891,43.78425],[-88.4594,43.78151],[-88.45735,43.78052],[-88.45617,43.77874],[-88.46692,43.77846],[-88.47125,43.77833],[-88.47444,43.77828],[-88.47548,43.77854],[-88.47553,43.7771],[-88.48201,43.77711],[-88.48223,43.7771],[-88.48225,43.77769],[-88.48235,43.78204],[-88.48239,43.78439],[-88.48311,43.79161],[-88.48421,43.79457],[-88.48469,43.79536]]]}},{"type":"Feature","properties":{"GEOID":"55039040400","NAME":"Census Tract 404","COUNTY":"Fond du Lac","ALAND":1996094,"AWATER":178,"lng":-88.46996,"lat":43.77368,"ALAND_SQMI":0.7707,"nb":["55039040300","55039040500","55039040700"]},"geometry":{"type":"Polygon","coordinates":[[[-88.48223,43.7771],[-88.48201,43.77711],[-88.47553,43.7771],[-88.47548,43.77854],[-88.47444,43.77828],[-88.47125,43.77833],[-88.46692,43.77846],[-88.45617,43.77874],[-88.45567,43.77796],[-88.45551,43.77695],[-88.4557,43.77461],[-88.4573,43.77329],[-88.45821,43.77201],[-88.46344,43.77236],[-88.46571,43.77077],[-88.46533,43.76965],[-88.46555,43.76859],[-88.4669,43.76796],[-88.47008,43.7673],[-88.47035,43.76792],[-88.47471,43.76796],[-88.47477,43.76803],[-88.47504,43.76835],[-88.4758,43.76881],[-88.47616,43.76899],[-88.47677,43.76908],[-88.47733,43.7689],[-88.4781,43.76805],[-88.47961,43.76772],[-88.48046,43.76734],[-88.48077,43.76717],[-88.48196,43.77166],[-88.48201,43.77195],[-88.48219,43.7739],[-88.48223,43.7771]]]}},{"type":"Feature","properties":{"GEOID":"55039040500","NAME":"Census Tract 405","COUNTY":"Fond du Lac","ALAND":1699457,"AWATER":76726,"lng":-88.44824,"lat":43.77835,"ALAND_SQMI":0.6562,"nb":["55039040100","55039040200","55039040300","55039040400","55039040700","55039040800","55039040900"]},"geometry":{"type":"Polygon","coordinates":[[[-88.45891,43.78425],[-88.4588,43.78426],[-88.44885,43.78365],[-88.4391,43.78349],[-88.43899,43.7788],[-88.43897,43.77515],[-88.439,43.77325],[-88.4415,43.77355],[-88.44453,43.7736],[-88.44461,43.77203],[-88.44709,43.77151],[-88.45235,43.77151],[-88.45296,43.77244],[-88.45086,43.77328],[-88.45595,43.77336],[-88.4573,43.77329],[-88.4557,43.77461],[-88.45551,43.77695],[-88.45567,43.77796],[-88.45617,43.77874],[-88.45735,43.78052],[-88.4594,43.78151],[-88.45891,43.78425]]]}},{"type":"Feature","properties":{"GEOID":"55039040700","NAME":"Census Tract 407","COUNTY":"Fond du Lac","ALAND":47377251,"AWATER":622157,"lng":-88.48971,"lat":43.75557,"ALAND_SQMI":18.2925,"nb":["55039040300","55039040400","55039040500","55039040800","55039041000","55039041101","55039041300","55039041400","55039041901"]},"geometry":{"type":"Polygon","coordinates":[[[-88.5242,43.80665],[-88.50129,43.80651],[-88.49948,43.8065],[-88.48905,43.80001],[-88.48778,43.79899],[-88.486,43.79717],[-88.48469,43.79536],[-88.48421,43.79457],[-88.48311,43.79161],[-88.48239,43.78439],[-88.48235,43.78204],[-88.48225,43.77769],[-88.48223,43.7771],[-88.48219,43.7739],[-88.48201,43.77195],[-88.48196,43.77166],[-88.48077,43.76717],[-88.48046,43.76734],[-88.47961,43.76772],[-88.4781,43.76805],[-88.47733,43.7689],[-88.47677,43.76908],[-88.47616,43.76899],[-88.4758,43.76881],[-88.47504,43.76835],[-88.47477,43.76803],[-88.47471,43.76796],[-88.47035,43.76792],[-88.47008,43.7673],[-88.4669,43.76796],[-88.46555,43.76859],[-88.46533,43.76965],[-88.46571,43.77077],[-88.46344,43.77236],[-88.45821,43.77201],[-88.4573,43.77329],[-88.45595,43.77336],[-88.45086,43.77328],[-88.45296,43.77244],[-88.45235,43.77151],[-88.44709,43.77151],[-88.44722,43.76933],[-88.44751,43.7665],[-88.4479,43.76238],[-88.44854,43.75557],[-88.44903,43.75436],[-88.44955,43.75306],[-88.44972,43.75229],[-88.44986,43.74852],[-88.44992,43.74721],[-88.44982,43.74582],[-88.44932,43.74472],[-88.4506,43.74409],[-88.44796,43.74238],[-88.44405,43.73698],[-88.44305,43.73486],[-88.44258,43.73336],[-88.44227,43.73137],[-88.44221,43.71874],[-88.44277,43.71874],[-88.45206,43.71883],[-88.47242,43.71899],[-88.49246,43.71913],[-88.52319,43.71934],[-88.52353,43.74657],[-88.52363,43.76615],[-88.52372,43.77735],[-88.52373,43.77999],[-88.5242,43.80665]]]}},{"type":"Feature","properties":{"GEOID":"55039040800","NAME":"Census Tract 408","COUNTY":"Fond du Lac","ALAND":1455142,"AWATER":0,"lng":-88.43963,"lat":43.76755,"ALAND_SQMI":0.5618,"nb":["55039040500","55039040700","55039040900","55039041000"]},"geometry":{"type":"Polygon","coordinates":[[[-88.44751,43.7665],[-88.44722,43.76933],[-88.44709,43.77151],[-88.44461,43.77203],[-88.44453,43.7736],[-88.4415,43.77355],[-88.439,43.77325],[-88.43474,43.77282],[-88.43148,43.76964],[-88.43085,43.76912],[-88.4315,43.7689],[-88.43155,43.76682],[-88.43166,43.76234],[-88.43426,43.76249],[-88.43711,43.76239],[-88.43916,43.76245],[-88.44166,43.76251],[-88.4479,43.76238],[-88.44751,43.7665]]]}},{"type":"Feature","properties":{"GEOID":"55039040900","NAME":"Census Tract 409","COUNTY":"Fond du Lac","ALAND":1777585,"AWATER":10424,"lng":-88.42756,"lat":43.77194,"ALAND_SQMI":0.6863,"nb":["55039040100","55039040500","55039040800","55039041000","55039041101","55039041102"]},"geometry":{"type":"Polygon","coordinates":[[[-88.43897,43.77515],[-88.43899,43.7788],[-88.42936,43.77866],[-88.42196,43.77855],[-88.42157,43.77147],[-88.41809,43.76387],[-88.41683,43.76339],[-88.41565,43.76215],[-88.4174,43.76217],[-88.42121,43.76222],[-88.42293,43.76229],[-88.43085,43.76912],[-88.43148,43.76964],[-88.43474,43.77282],[-88.439,43.77325],[-88.43897,43.77515]]]}},{"type":"Feature","properties":{"GEOID":"55039041000","NAME":"Census Tract 410","COUNTY":"Fond du Lac","ALAND":2536015,"AWATER":1767,"lng":-88.4338,"lat":43.75866,"ALAND_SQMI":0.9792,"nb":["55039040700","55039040800","55039040900","55039041101"]},"geometry":{"type":"Polygon","coordinates":[[[-88.44903,43.75436],[-88.44854,43.75557],[-88.4479,43.76238],[-88.44166,43.76251],[-88.43916,43.76245],[-88.43711,43.76239],[-88.43426,43.76249],[-88.43166,43.76234],[-88.43155,43.76682],[-88.4315,43.7689],[-88.43085,43.76912],[-88.42293,43.76229],[-88.41436,43.75481],[-88.42178,43.75487],[-88.42257,43.75492],[-88.42293,43.75489],[-88.42565,43.75493],[-88.42644,43.75495],[-88.43174,43.75499],[-88.43313,43.7548],[-88.43716,43.75283],[-88.43873,43.75245],[-88.44955,43.75306],[-88.44903,43.75436]]]}},{"type":"Feature","properties":{"GEOID":"55039041101","NAME":"Census Tract 411.01","COUNTY":"Fond du Lac","ALAND":14911628,"AWATER":106922,"lng":-88.42239,"lat":43.73871,"ALAND_SQMI":5.7574,"nb":["55039040700","55039040900","55039041000","55039041102","55039041901","55039041902","55039042001"]},"geometry":{"type":"Polygon","coordinates":[[[-88.44932,43.74472],[-88.44982,43.74582],[-88.44992,43.74721],[-88.44986,43.74852],[-88.44972,43.75229],[-88.44955,43.75306],[-88.43873,43.75245],[-88.43716,43.75283],[-88.43313,43.7548],[-88.43174,43.75499],[-88.42644,43.75495],[-88.42565,43.75493],[-88.42293,43.75489],[-88.42257,43.75492],[-88.42178,43.75487],[-88.41436,43.75481],[-88.42293,43.76229],[-88.42121,43.76222],[-88.4174,43.76217],[-88.41565,43.76215],[-88.41136,43.76208],[-88.4017,43.76192],[-88.40165,43.75102],[-88.4018,43.71843],[-88.41158,43.71842],[-88.41696,43.71847],[-88.41774,43.71849],[-88.44221,43.71874],[-88.44227,43.73137],[-88.44258,43.73336],[-88.44305,43.73486],[-88.44405,43.73698],[-88.44796,43.74238],[-88.4506,43.74409],[-88.44932,43.74472]]]}},{"type":"Feature","properties":{"GEOID":"55039041102","NAME":"Census Tract 411.02","COUNTY":"Fond du Lac","ALAND":7599339,"AWATER":2722823,"lng":-88.41177,"lat":43.79128,"ALAND_SQMI":2.9341,"nb":["55039040100","55039040900","55039041101","55039041300","55039042001","55039042002"]},"geometry":{"type":"Polygon","coordinates":[[[-88.42661,43.80343],[-88.42456,43.80545],[-88.40191,43.82779],[-88.40179,43.81918],[-88.40162,43.80666],[-88.40218,43.8065],[-88.40215,43.80184],[-88.40208,43.79461],[-88.4016,43.7946],[-88.402,43.78348],[-88.40201,43.77645],[-88.40183,43.77644],[-88.40174,43.76919],[-88.40205,43.76919],[-88.40203,43.76622],[-88.40171,43.76555],[-88.4017,43.76192],[-88.41136,43.76208],[-88.41565,43.76215],[-88.41683,43.76339],[-88.41809,43.76387],[-88.42157,43.77147],[-88.42196,43.77855],[-88.42183,43.78535],[-88.42184,43.78773],[-88.42565,43.79079],[-88.42568,43.79462],[-88.42565,43.79689],[-88.42585,43.79794],[-88.42224,43.7996],[-88.42233,43.79966],[-88.42497,43.80006],[-88.42662,43.80076],[-88.42661,43.80343]]]}},{"type":"Feature","properties":{"GEOID":"55039041300","NAME":"Census Tract 413","COUNTY":"Fond du Lac","ALAND":17524828,"AWATER":15960607,"lng":-88.46721,"lat":43.81874,"ALAND_SQMI":6.7664,"nb":["55039040100","55039040200","55039040300","55039040700","55039041102","55039041400","55039042002"]},"geometry":{"type":"Polygon","coordinates":[[[-88.5243,43.83551],[-88.48506,43.83525],[-88.46442,43.83514],[-88.40221,43.83431],[-88.40191,43.82779],[-88.42456,43.80545],[-88.42661,43.80343],[-88.4329,43.80348],[-88.44154,43.80354],[-88.45138,43.80367],[-88.45189,43.80235],[-88.45304,43.80061],[-88.45537,43.79497],[-88.4553,43.79143],[-88.45638,43.79093],[-88.45719,43.79167],[-88.46198,43.79458],[-88.46704,43.79873],[-88.47075,43.80131],[-88.47066,43.79725],[-88.47324,43.79602],[-88.47411,43.79694],[-88.47698,43.79642],[-88.47694,43.79522],[-88.48314,43.79534],[-88.48469,43.79536],[-88.486,43.79717],[-88.48778,43.79899],[-88.48905,43.80001],[-88.49948,43.8065],[-88.50129,43.80651],[-88.5242,43.80665],[-88.5243,43.83551]]]}},{"type":"Feature","properties":{"GEOID":"55039041400","NAME":"Census Tract 414","COUNTY":"Fond du Lac","ALAND":311213339,"AWATER":34045619,"lng":-88.59497,"lat":43.8294,"ALAND_SQMI":120.1601,"nb":["55039040700","55039041300","55039041500","55039041700","55039041800","55039041901","55039042002","55039042100"]},"geometry":{"type":"Polygon","coordinates":[[[-88.76558,43.85137],[-88.76484,43.8949],[-88.67449,43.89471],[-88.65404,43.89465],[-88.64452,43.89464],[-88.64442,43.89464],[-88.63662,43.89464],[-88.63122,43.89465],[-88.63036,43.89463],[-88.58359,43.89426],[-88.54407,43.89372],[-88.52401,43.89371],[-88.50893,43.89367],[-88.50716,43.89366],[-88.49342,43.89361],[-88.46757,43.89341],[-88.40319,43.89298],[-88.40351,43.87788],[-88.40243,43.84569],[-88.40221,43.83431],[-88.46442,43.83514],[-88.48506,43.83525],[-88.5243,43.83551],[-88.5242,43.80665],[-88.52373,43.77999],[-88.52372,43.77735],[-88.52363,43.76615],[-88.52353,43.74657],[-88.52319,43.71934],[-88.55835,43.71948],[-88.61491,43.71977],[-88.61745,43.71978],[-88.64416,43.71996],[-88.64461,43.7781],[-88.64492,43.80767],[-88.66057,43.80773],[-88.68499,43.80785],[-88.68529,43.80786],[-88.74578,43.80777],[-88.75111,43.80788],[-88.75213,43.80783],[-88.76548,43.80779],[-88.76548,43.82261],[-88.76558,43.85137]]]}},{"type":"Feature","properties":{"GEOID":"55039041500","NAME":"Census Tract 415","COUNTY":"Fond du Lac","ALAND":53236139,"AWATER":702910,"lng":-88.80008,"lat":43.85093,"ALAND_SQMI":20.5546,"nb":["55039041400","55039041600","55039041700"]},"geometry":{"type":"Polygon","coordinates":[[[-88.83719,43.89498],[-88.76484,43.8949],[-88.76558,43.85137],[-88.76548,43.82261],[-88.76548,43.80779],[-88.80559,43.80779],[-88.81607,43.80775],[-88.83479,43.80769],[-88.83555,43.80981],[-88.83585,43.8205],[-88.83595,43.82476],[-88.83601,43.82746],[-88.83602,43.82783],[-88.83608,43.84182],[-88.83704,43.84223],[-88.83702,43.84675],[-88.83621,43.84751],[-88.83623,43.85146],[-88.83617,43.8588],[-88.83614,43.86369],[-88.83527,43.86534],[-88.83222,43.86687],[-88.83101,43.86888],[-88.83095,43.87809],[-88.82951,43.88154],[-88.83044,43.88462],[-88.83551,43.89172],[-88.83719,43.89498]]]}},{"type":"Feature","properties":{"GEOID":"55039041600","NAME":"Census Tract 416","COUNTY":"Fond du Lac","ALAND":39380424,"AWATER":378919,"lng":-88.86006,"lat":43.85209,"ALAND_SQMI":15.2049,"nb":["55039041500","55039041700"]},"geometry":{"type":"Polygon","coordinates":[[[-88.88542,43.85897],[-88.88539,43.86728],[-88.8857,43.89518],[-88.85483,43.89511],[-88.84759,43.89506],[-88.83719,43.89498],[-88.83551,43.89172],[-88.83044,43.88462],[-88.82951,43.88154],[-88.83095,43.87809],[-88.83101,43.86888],[-88.83222,43.86687],[-88.83527,43.86534],[-88.83614,43.86369],[-88.83617,43.8588],[-88.83623,43.85146],[-88.83621,43.84751],[-88.83702,43.84675],[-88.83704,43.84223],[-88.83608,43.84182],[-88.83602,43.82783],[-88.83601,43.82746],[-88.83595,43.82476],[-88.83585,43.8205],[-88.83555,43.80981],[-88.83479,43.80769],[-88.84558,43.80769],[-88.86565,43.80777],[-88.88494,43.80797],[-88.8857,43.80803],[-88.88542,43.85897]]]}},{"type":"Feature","properties":{"GEOID":"55039041700","NAME":"Census Tract 417","COUNTY":"Fond du Lac","ALAND":281263707,"AWATER":1266354,"lng":-88.78497,"lat":43.73504,"ALAND_SQMI":108.5965,"nb":["55027960400","55027960500","55039041400","55039041500","55039041600","55039041800","55039041901"]},"geometry":{"type":"Polygon","coordinates":[[[-88.88522,43.70279],[-88.88518,43.72083],[-88.88529,43.75712],[-88.88545,43.77434],[-88.88553,43.78577],[-88.8857,43.80803],[-88.88494,43.80797],[-88.86565,43.80777],[-88.84558,43.80769],[-88.83479,43.80769],[-88.81607,43.80775],[-88.80559,43.80779],[-88.76548,43.80779],[-88.75213,43.80783],[-88.75111,43.80788],[-88.74578,43.80777],[-88.68529,43.80786],[-88.68499,43.80785],[-88.66057,43.80773],[-88.64492,43.80767],[-88.64461,43.7781],[-88.64416,43.71996],[-88.66417,43.72011],[-88.6643,43.72011],[-88.74883,43.72037],[-88.75355,43.72029],[-88.7651,43.72031],[-88.76522,43.70971],[-88.76522,43.70952],[-88.7652,43.66939],[-88.76522,43.6506],[-88.76548,43.6476],[-88.76549,43.64247],[-88.76535,43.64247],[-88.76539,43.63308],[-88.76542,43.63308],[-88.87075,43.63335],[-88.88605,43.63354],[-88.88522,43.70279]]]}},{"type":"Feature","properties":{"GEOID":"55039041800","NAME":"Census Tract 418","COUNTY":"Fond du Lac","ALAND":93360241,"AWATER":940273,"lng":-88.70484,"lat":43.67671,"ALAND_SQMI":36.0466,"nb":["55027960200","55027960300","55027960400","55039041400","55039041700","55039041901"]},"geometry":{"type":"Polygon","coordinates":[[[-88.76548,43.6476],[-88.76522,43.6506],[-88.7652,43.66939],[-88.76522,43.70952],[-88.76522,43.70971],[-88.7651,43.72031],[-88.75355,43.72029],[-88.74883,43.72037],[-88.6643,43.72011],[-88.66417,43.72011],[-88.64416,43.71996],[-88.64415,43.70052],[-88.64426,43.69258],[-88.64465,43.63303],[-88.67464,43.63318],[-88.71515,43.63323],[-88.71623,43.63322],[-88.71688,43.63322],[-88.71725,43.63321],[-88.72813,43.63319],[-88.72979,43.63318],[-88.7368,43.63314],[-88.74484,43.63311],[-88.756,43.6331],[-88.7583,43.63311],[-88.76401,43.63309],[-88.76539,43.63308],[-88.76535,43.64247],[-88.76549,43.64247],[-88.76548,43.6476]]]}},{"type":"Feature","properties":{"GEOID":"55039041901","NAME":"Census Tract 419.01","COUNTY":"Fond du Lac","ALAND":221715234,"AWATER":1285223,"lng":-88.49982,"lat":43.67273,"ALAND_SQMI":85.6047,"nb":["55027960100","55027960200","55039040700","55039041101","55039041400","55039041700","55039041800","55039041902","55039042001","55039042200"]},"geometry":{"type":"Polygon","coordinates":[[[-88.64426,43.69258],[-88.64415,43.70052],[-88.64416,43.71996],[-88.61745,43.71978],[-88.61491,43.71977],[-88.55835,43.71948],[-88.52319,43.71934],[-88.49246,43.71913],[-88.47242,43.71899],[-88.45206,43.71883],[-88.44277,43.71874],[-88.44221,43.71874],[-88.41774,43.71849],[-88.41696,43.71847],[-88.41158,43.71842],[-88.4018,43.71843],[-88.40178,43.71015],[-88.40176,43.70382],[-88.40269,43.70162],[-88.40216,43.70006],[-88.40175,43.69933],[-88.40164,43.69608],[-88.40159,43.68926],[-88.37452,43.68934],[-88.37276,43.68957],[-88.37068,43.69067],[-88.36903,43.69177],[-88.36873,43.6919],[-88.36535,43.68931],[-88.36166,43.68575],[-88.35802,43.68054],[-88.35389,43.6765],[-88.34352,43.67056],[-88.33866,43.66521],[-88.33471,43.65993],[-88.33181,43.65503],[-88.3317,43.65224],[-88.33038,43.64764],[-88.32595,43.6428],[-88.31263,43.6306],[-88.32997,43.63078],[-88.38027,43.63112],[-88.38553,43.63105],[-88.40104,43.63093],[-88.4907,43.63177],[-88.49115,43.63177],[-88.50076,43.63181],[-88.51305,43.63185],[-88.52183,43.6319],[-88.5417,43.63205],[-88.55067,43.63212],[-88.5853,43.63248],[-88.59091,43.63254],[-88.59664,43.6326],[-88.60162,43.63266],[-88.63511,43.63295],[-88.64465,43.63303],[-88.64426,43.69258]]]}},{"type":"Feature","properties":{"GEOID":"55039041902","NAME":"Census Tract 419.02","COUNTY":"Fond du Lac","ALAND":151261590,"AWATER":4220586,"lng":-88.26237,"lat":43.67803,"ALAND_SQMI":58.4024,"nb":["55039041101","55039041901","55039042001","55039042100","55039042200","55117010400","55117011100"]},"geometry":{"type":"Polygon","coordinates":[[[-88.40269,43.70162],[-88.40176,43.70382],[-88.40178,43.71015],[-88.4018,43.71843],[-88.38618,43.71838],[-88.37989,43.71831],[-88.36588,43.71822],[-88.32591,43.71789],[-88.28071,43.71765],[-88.2314,43.7179],[-88.16062,43.71756],[-88.16073,43.69273],[-88.16022,43.65923],[-88.15993,43.63129],[-88.15998,43.63045],[-88.21803,43.63049],[-88.2411,43.63037],[-88.28014,43.63014],[-88.31263,43.6306],[-88.32595,43.6428],[-88.33038,43.64764],[-88.3317,43.65224],[-88.33181,43.65503],[-88.33471,43.65993],[-88.33866,43.66521],[-88.34352,43.67056],[-88.35389,43.6765],[-88.35802,43.68054],[-88.36166,43.68575],[-88.36535,43.68931],[-88.36873,43.6919],[-88.36903,43.69177],[-88.37068,43.69067],[-88.37276,43.68957],[-88.37452,43.68934],[-88.40159,43.68926],[-88.40164,43.69608],[-88.40175,43.69933],[-88.40216,43.70006],[-88.40269,43.70162]]]}},{"type":"Feature","properties":{"GEOID":"55039042001","NAME":"Census Tract 420.01","COUNTY":"Fond du Lac","ALAND":75611845,"AWATER":569814,"lng":-88.34009,"lat":43.75334,"ALAND_SQMI":29.1939,"nb":["55039041101","55039041102","55039041901","55039041902","55039042002","55039042100"]},"geometry":{"type":"Polygon","coordinates":[[[-88.40205,43.76919],[-88.40174,43.76919],[-88.40183,43.77644],[-88.40201,43.77645],[-88.402,43.78348],[-88.3963,43.7837],[-88.38908,43.78361],[-88.3838,43.78357],[-88.37431,43.78359],[-88.37135,43.78351],[-88.36128,43.78356],[-88.36135,43.7908],[-88.36143,43.79661],[-88.35456,43.7934],[-88.35149,43.79249],[-88.34696,43.79219],[-88.34163,43.7906],[-88.32159,43.79031],[-88.28124,43.79006],[-88.28098,43.75036],[-88.28071,43.71765],[-88.32591,43.71789],[-88.36588,43.71822],[-88.37989,43.71831],[-88.38618,43.71838],[-88.4018,43.71843],[-88.40165,43.75102],[-88.4017,43.76192],[-88.40171,43.76555],[-88.40203,43.76622],[-88.40205,43.76919]]]}},{"type":"Feature","properties":{"GEOID":"55039042002","NAME":"Census Tract 420.02","COUNTY":"Fond du Lac","ALAND":82083147,"AWATER":13779602,"lng":-88.34303,"lat":43.83292,"ALAND_SQMI":31.6925,"nb":["55039041102","55039041300","55039041400","55039042001","55039042100"]},"geometry":{"type":"Polygon","coordinates":[[[-88.40351,43.87788],[-88.35898,43.87743],[-88.32482,43.87727],[-88.32422,43.87736],[-88.28251,43.87738],[-88.28136,43.8118],[-88.28131,43.80817],[-88.28126,43.80463],[-88.28124,43.79006],[-88.32159,43.79031],[-88.34163,43.7906],[-88.34696,43.79219],[-88.35149,43.79249],[-88.35456,43.7934],[-88.36143,43.79661],[-88.36135,43.7908],[-88.36128,43.78356],[-88.37135,43.78351],[-88.37431,43.78359],[-88.3838,43.78357],[-88.38908,43.78361],[-88.3963,43.7837],[-88.402,43.78348],[-88.4016,43.7946],[-88.40208,43.79461],[-88.40215,43.80184],[-88.40218,43.8065],[-88.40162,43.80666],[-88.40179,43.81918],[-88.40191,43.82779],[-88.40221,43.83431],[-88.40243,43.84569],[-88.40351,43.87788]]]}},{"type":"Feature","properties":{"GEOID":"55039042100","NAME":"Census Tract 421","COUNTY":"Fond du Lac","ALAND":263203935,"AWATER":38622774,"lng":-88.24783,"lat":43.84503,"ALAND_SQMI":101.6236,"nb":["55039041400","55039041902","55039042001","55039042002","55117010400","55117011100"]},"geometry":{"type":"Polygon","coordinates":[[[-88.40419,43.9382],[-88.31495,43.93767],[-88.23147,43.93753],[-88.16165,43.93768],[-88.16187,43.92051],[-88.16227,43.89151],[-88.16131,43.83353],[-88.1612,43.81901],[-88.16119,43.81536],[-88.16117,43.81171],[-88.16116,43.80824],[-88.16115,43.8045],[-88.16114,43.79733],[-88.16107,43.79007],[-88.16091,43.78286],[-88.16075,43.77554],[-88.16071,43.7719],[-88.16066,43.7647],[-88.16044,43.73181],[-88.16062,43.71756],[-88.2314,43.7179],[-88.28071,43.71765],[-88.28098,43.75036],[-88.28124,43.79006],[-88.28126,43.80463],[-88.28131,43.80817],[-88.28136,43.8118],[-88.28251,43.87738],[-88.32422,43.87736],[-88.32482,43.87727],[-88.35898,43.87743],[-88.40351,43.87788],[-88.40319,43.89298],[-88.40377,43.91873],[-88.40419,43.9382]]]}},{"type":"Feature","properties":{"GEOID":"55039042200","NAME":"Census Tract 422","COUNTY":"Fond du Lac","ALAND":185696251,"AWATER":3003110,"lng":-88.28058,"lat":43.58686,"ALAND_SQMI":71.6977,"nb":["55027960100","55039041901","55039041902","55117011100","55131400103","55131410100","55131430100"]},"geometry":{"type":"Polygon","coordinates":[[[-88.40104,43.63093],[-88.38553,43.63105],[-88.38027,43.63112],[-88.32997,43.63078],[-88.31263,43.6306],[-88.28014,43.63014],[-88.2411,43.63037],[-88.21803,43.63049],[-88.15998,43.63045],[-88.16003,43.61728],[-88.16015,43.60714],[-88.16042,43.58409],[-88.16073,43.58328],[-88.16039,43.58273],[-88.16087,43.54294],[-88.23639,43.54292],[-88.24493,43.54289],[-88.26568,43.54287],[-88.27068,43.54286],[-88.28103,43.54284],[-88.29088,43.54291],[-88.39105,43.54346],[-88.40043,43.54353],[-88.40087,43.61353],[-88.40095,43.62035],[-88.40104,43.63093]]]}},{"type":"Feature","properties":{"GEOID":"55059000101","NAME":"Census Tract 1.01","COUNTY":"Kenosha","ALAND":2067281,"AWATER":2268715,"lng":-87.81722,"lat":42.64373,"ALAND_SQMI":0.7982,"nb":["55059000102","55059000300","55101000800"]},"geometry":{"type":"Polygon","coordinates":[[[-87.82665,42.62697],[-87.82562,42.63149],[-87.82482,42.63358],[-87.82248,42.63882],[-87.81595,42.65336],[-87.80946,42.66781],[-87.80586,42.66789],[-87.80708,42.66457],[-87.81137,42.65296],[-87.81279,42.64912],[-87.81467,42.64402],[-87.81629,42.63838],[-87.81713,42.63545],[-87.8182,42.62718],[-87.82249,42.62719],[-87.82283,42.6267],[-87.82334,42.62594],[-87.82369,42.62533],[-87.82377,42.62514],[-87.82417,42.6251],[-87.8266,42.62327],[-87.82732,42.62397],[-87.82665,42.62697]]]}},{"type":"Feature","properties":{"GEOID":"55059000102","NAME":"Census Tract 1.02","COUNTY":"Kenosha","ALAND":10014458,"AWATER":0,"lng":-87.83188,"lat":42.65091,"ALAND_SQMI":3.8666,"nb":["55059000101","55059000300","55059000501","55059000502","55059000601","55059000604","55101000800","55101000903","55101000904"]},"geometry":{"type":"Polygon","coordinates":[[[-87.84904,42.65372],[-87.84842,42.65572],[-87.84725,42.65694],[-87.84754,42.65913],[-87.84597,42.66292],[-87.84598,42.6681],[-87.83587,42.66784],[-87.8222,42.66781],[-87.80946,42.66781],[-87.81595,42.65336],[-87.82248,42.63882],[-87.82482,42.63358],[-87.82562,42.63149],[-87.82665,42.62697],[-87.82732,42.62397],[-87.8274,42.62406],[-87.8323,42.62892],[-87.83318,42.6298],[-87.83489,42.6315],[-87.83592,42.63248],[-87.83716,42.63253],[-87.83959,42.63252],[-87.84091,42.63246],[-87.8439,42.6323],[-87.84589,42.63182],[-87.84583,42.63866],[-87.84581,42.63907],[-87.84543,42.64144],[-87.84901,42.64738],[-87.84974,42.64998],[-87.84904,42.65372]]]}},{"type":"Feature","properties":{"GEOID":"55059000300","NAME":"Census Tract 3","COUNTY":"Kenosha","ALAND":2618446,"AWATER":2242159,"lng":-87.82137,"lat":42.60597,"ALAND_SQMI":1.011,"nb":["55059000101","55059000102","55059000400","55059000501","55059000900","55059001000"]},"geometry":{"type":"Polygon","coordinates":[[[-87.82765,42.62265],[-87.8274,42.62406],[-87.82732,42.62397],[-87.8266,42.62327],[-87.82417,42.6251],[-87.82377,42.62514],[-87.82369,42.62533],[-87.82334,42.62594],[-87.82283,42.6267],[-87.82249,42.62719],[-87.8182,42.62718],[-87.81827,42.62665],[-87.81967,42.61582],[-87.81959,42.61334],[-87.81937,42.60662],[-87.81637,42.60185],[-87.81636,42.60182],[-87.81579,42.59609],[-87.81575,42.59572],[-87.81569,42.59512],[-87.81568,42.59505],[-87.8156,42.59418],[-87.81308,42.59062],[-87.81181,42.58884],[-87.81093,42.58865],[-87.80859,42.58814],[-87.81861,42.58755],[-87.81807,42.58956],[-87.81883,42.59018],[-87.81932,42.59088],[-87.82287,42.59084],[-87.82592,42.59085],[-87.82605,42.59219],[-87.82594,42.59445],[-87.82596,42.59709],[-87.82596,42.5989],[-87.82595,42.60041],[-87.82595,42.60258],[-87.82592,42.60969],[-87.82593,42.6133],[-87.82594,42.61502],[-87.82631,42.61698],[-87.82663,42.61757],[-87.82759,42.62126],[-87.82765,42.62265]]]}},{"type":"Feature","properties":{"GEOID":"55059000400","NAME":"Census Tract 4","COUNTY":"Kenosha","ALAND":2145586,"AWATER":0,"lng":-87.83523,"lat":42.60698,"ALAND_SQMI":0.8284,"nb":["55059000300","55059000501","55059000502","55059000603","55059000604","55059000700","55059000800","55059000900"]},"geometry":{"type":"Polygon","coordinates":[[[-87.84583,42.61364],[-87.84062,42.6135],[-87.84061,42.61256],[-87.83584,42.61243],[-87.83119,42.61247],[-87.8312,42.61341],[-87.82751,42.61344],[-87.82593,42.6133],[-87.82592,42.60969],[-87.82595,42.60258],[-87.82595,42.60041],[-87.82596,42.5989],[-87.82809,42.59888],[-87.83593,42.60138],[-87.84054,42.60256],[-87.84574,42.60276],[-87.84582,42.61272],[-87.84583,42.61364]]]}},{"type":"Feature","properties":{"GEOID":"55059000501","NAME":"Census Tract 5.01","COUNTY":"Kenosha","ALAND":1242120,"AWATER":0,"lng":-87.83182,"lat":42.62043,"ALAND_SQMI":0.4796,"nb":["55059000102","55059000300","55059000400","55059000502"]},"geometry":{"type":"Polygon","coordinates":[[[-87.8359,42.63005],[-87.83489,42.6315],[-87.83318,42.6298],[-87.8323,42.62892],[-87.8274,42.62406],[-87.82765,42.62265],[-87.82759,42.62126],[-87.82663,42.61757],[-87.82631,42.61698],[-87.82594,42.61502],[-87.82593,42.6133],[-87.82751,42.61344],[-87.8312,42.61341],[-87.83119,42.61247],[-87.83584,42.61243],[-87.83585,42.61749],[-87.83586,42.61872],[-87.83588,42.62422],[-87.8359,42.63005]]]}},{"type":"Feature","properties":{"GEOID":"55059000502","NAME":"Census Tract 5.02","COUNTY":"Kenosha","ALAND":1760913,"AWATER":0,"lng":-87.84075,"lat":42.62277,"ALAND_SQMI":0.6799,"nb":["55059000102","55059000400","55059000501","55059000603","55059000604"]},"geometry":{"type":"Polygon","coordinates":[[[-87.84589,42.63182],[-87.8439,42.6323],[-87.84091,42.63246],[-87.83959,42.63252],[-87.83716,42.63253],[-87.83592,42.63248],[-87.83489,42.6315],[-87.8359,42.63005],[-87.83588,42.62422],[-87.83586,42.61872],[-87.83585,42.61749],[-87.83584,42.61243],[-87.84061,42.61256],[-87.84062,42.6135],[-87.84583,42.61364],[-87.84587,42.61932],[-87.8459,42.62456],[-87.84589,42.63182]]]}},{"type":"Feature","properties":{"GEOID":"55059000601","NAME":"Census Tract 6.01","COUNTY":"Kenosha","ALAND":69344441,"AWATER":89863,"lng":-87.90776,"lat":42.6295,"ALAND_SQMI":26.774,"nb":["55059000102","55059000603","55059000604","55059000700","55059001300","55059001402","55059002603","55059002604","55059002802","55101000904","55101001701","55101001702","55101001703"]},"geometry":{"type":"Polygon","coordinates":[[[-87.95307,42.66956],[-87.91562,42.66919],[-87.89562,42.66896],[-87.88476,42.66882],[-87.86395,42.66849],[-87.84598,42.6681],[-87.84597,42.66292],[-87.84754,42.65913],[-87.84725,42.65694],[-87.84842,42.65572],[-87.84904,42.65372],[-87.84974,42.64998],[-87.84901,42.64738],[-87.84543,42.64144],[-87.84581,42.63907],[-87.85835,42.63946],[-87.85827,42.63585],[-87.85825,42.63217],[-87.85826,42.62852],[-87.85827,42.62491],[-87.86572,42.625],[-87.87707,42.62509],[-87.87729,42.62509],[-87.87755,42.61042],[-87.87781,42.60681],[-87.87888,42.60353],[-87.88065,42.59596],[-87.88195,42.59068],[-87.8824,42.58882],[-87.88386,42.583],[-87.88392,42.58276],[-87.88419,42.58168],[-87.88401,42.58168],[-87.88405,42.58151],[-87.88423,42.58152],[-87.89787,42.58169],[-87.90479,42.58178],[-87.91466,42.58191],[-87.91487,42.58191],[-87.92241,42.58202],[-87.92459,42.58205],[-87.93445,42.58214],[-87.9395,42.58218],[-87.94258,42.58221],[-87.95049,42.58228],[-87.9528,42.5823],[-87.95279,42.59257],[-87.95257,42.59681],[-87.95231,42.60407],[-87.9524,42.61414],[-87.95276,42.64037],[-87.95307,42.66956]]]}},{"type":"Feature","properties":{"GEOID":"55059000603","NAME":"Census Tract 6.03","COUNTY":"Kenosha","ALAND":4325308,"AWATER":0,"lng":-87.86439,"lat":42.6115,"ALAND_SQMI":1.67,"nb":["55059000400","55059000502","55059000601","55059000604","55059000700","55059000800"]},"geometry":{"type":"Polygon","coordinates":[[[-87.87888,42.60353],[-87.87781,42.60681],[-87.87755,42.61042],[-87.87729,42.62509],[-87.87707,42.62509],[-87.86572,42.625],[-87.86572,42.62436],[-87.86572,42.62423],[-87.86572,42.62356],[-87.86571,42.62078],[-87.86571,42.61768],[-87.8657,42.61404],[-87.85582,42.61394],[-87.85529,42.61393],[-87.84981,42.61376],[-87.84823,42.61372],[-87.84815,42.61371],[-87.84583,42.61364],[-87.84582,42.61272],[-87.84574,42.60276],[-87.84695,42.60279],[-87.84826,42.60283],[-87.85574,42.60305],[-87.86562,42.60322],[-87.87788,42.60351],[-87.87888,42.60353]]]}},{"type":"Feature","properties":{"GEOID":"55059000604","NAME":"Census Tract 6.04","COUNTY":"Kenosha","ALAND":3618563,"AWATER":0,"lng":-87.85411,"lat":42.6251,"ALAND_SQMI":1.3971,"nb":["55059000102","55059000400","55059000502","55059000601","55059000603"]},"geometry":{"type":"Polygon","coordinates":[[[-87.86572,42.625],[-87.85827,42.62491],[-87.85826,42.62852],[-87.85825,42.63217],[-87.85827,42.63585],[-87.85835,42.63946],[-87.84581,42.63907],[-87.84583,42.63866],[-87.84589,42.63182],[-87.8459,42.62456],[-87.84587,42.61932],[-87.84583,42.61364],[-87.84815,42.61371],[-87.84823,42.61372],[-87.84981,42.61376],[-87.85529,42.61393],[-87.85582,42.61394],[-87.8657,42.61404],[-87.86571,42.61768],[-87.86571,42.62078],[-87.86572,42.62356],[-87.86572,42.62423],[-87.86572,42.62436],[-87.86572,42.625]]]}},{"type":"Feature","properties":{"GEOID":"55059000700","NAME":"Census Tract 7","COUNTY":"Kenosha","ALAND":4693872,"AWATER":0,"lng":-87.86319,"lat":42.59569,"ALAND_SQMI":1.8123,"nb":["55059000400","55059000601","55059000603","55059000800","55059001200","55059001300"]},"geometry":{"type":"Polygon","coordinates":[[[-87.88195,42.59068],[-87.88065,42.59596],[-87.87888,42.60353],[-87.87788,42.60351],[-87.86562,42.60322],[-87.85574,42.60305],[-87.84826,42.60283],[-87.84695,42.60279],[-87.84574,42.60276],[-87.84566,42.59541],[-87.84564,42.59287],[-87.84562,42.58813],[-87.84818,42.58818],[-87.85573,42.58834],[-87.86324,42.58846],[-87.86554,42.5885],[-87.87102,42.58859],[-87.8824,42.58882],[-87.88195,42.59068]]]}},{"type":"Feature","properties":{"GEOID":"55059000800","NAME":"Census Tract 8","COUNTY":"Kenosha","ALAND":1296109,"AWATER":0,"lng":-87.84077,"lat":42.59517,"ALAND_SQMI":0.5004,"nb":["55059000400","55059000603","55059000700","55059000900","55059001200"]},"geometry":{"type":"Polygon","coordinates":[[[-87.84574,42.60276],[-87.84054,42.60256],[-87.83593,42.60138],[-87.83568,42.59519],[-87.83566,42.59484],[-87.83569,42.59268],[-87.83569,42.59081],[-87.83571,42.58793],[-87.84562,42.58813],[-87.84564,42.59287],[-87.84566,42.59541],[-87.84574,42.60276]]]}},{"type":"Feature","properties":{"GEOID":"55059000900","NAME":"Census Tract 9","COUNTY":"Kenosha","ALAND":1374881,"AWATER":0,"lng":-87.83108,"lat":42.59212,"ALAND_SQMI":0.5308,"nb":["55059000300","55059000400","55059000800","55059001000","55059001100","55059001200"]},"geometry":{"type":"Polygon","coordinates":[[[-87.83593,42.60138],[-87.82809,42.59888],[-87.82596,42.5989],[-87.82596,42.59709],[-87.82594,42.59445],[-87.82605,42.59219],[-87.82592,42.59085],[-87.82614,42.58802],[-87.82612,42.5842],[-87.82644,42.58461],[-87.83057,42.58451],[-87.83374,42.58399],[-87.83571,42.5833],[-87.83571,42.58793],[-87.83569,42.59081],[-87.83569,42.59268],[-87.83566,42.59484],[-87.83568,42.59519],[-87.83593,42.60138]]]}},{"type":"Feature","properties":{"GEOID":"55059001000","NAME":"Census Tract 10","COUNTY":"Kenosha","ALAND":1238086,"AWATER":408553,"lng":-87.81921,"lat":42.58525,"ALAND_SQMI":0.478,"nb":["55059000300","55059000900","55059001100","55059001800","55059001900"]},"geometry":{"type":"Polygon","coordinates":[[[-87.82614,42.58802],[-87.82592,42.59085],[-87.82287,42.59084],[-87.81932,42.59088],[-87.81883,42.59018],[-87.81807,42.58956],[-87.81861,42.58755],[-87.80859,42.58814],[-87.80763,42.58793],[-87.80762,42.58543],[-87.81317,42.58457],[-87.81319,42.58449],[-87.81333,42.58354],[-87.81359,42.58186],[-87.81375,42.58079],[-87.81875,42.58085],[-87.81911,42.58159],[-87.82025,42.58083],[-87.82151,42.57953],[-87.82601,42.57946],[-87.82605,42.58076],[-87.82612,42.5842],[-87.82614,42.58802]]]}},{"type":"Feature","properties":{"GEOID":"55059001100","NAME":"Census Tract 11","COUNTY":"Kenosha","ALAND":870635,"AWATER":0,"lng":-87.83354,"lat":42.58051,"ALAND_SQMI":0.3362,"nb":["55059000900","55059001000","55059001200","55059001500","55059001600","55059001800"]},"geometry":{"type":"Polygon","coordinates":[[[-87.84552,42.57823],[-87.83571,42.5833],[-87.83374,42.58399],[-87.83057,42.58451],[-87.82644,42.58461],[-87.82612,42.5842],[-87.82605,42.58076],[-87.82601,42.57946],[-87.82593,42.57773],[-87.83339,42.57767],[-87.83806,42.57764],[-87.843,42.57761],[-87.84549,42.57759],[-87.84552,42.57823]]]}},{"type":"Feature","properties":{"GEOID":"55059001200","NAME":"Census Tract 12","COUNTY":"Kenosha","ALAND":1788284,"AWATER":0,"lng":-87.84736,"lat":42.58278,"ALAND_SQMI":0.6905,"nb":["55059000700","55059000800","55059000900","55059001100","55059001300","55059001401","55059001500"]},"geometry":{"type":"Polygon","coordinates":[[[-87.85573,42.58834],[-87.84818,42.58818],[-87.84562,42.58813],[-87.83571,42.58793],[-87.83571,42.5833],[-87.84552,42.57823],[-87.852,42.57492],[-87.85527,42.57318],[-87.85528,42.57351],[-87.85541,42.58103],[-87.85562,42.58195],[-87.85566,42.58423],[-87.85573,42.58834]]]}},{"type":"Feature","properties":{"GEOID":"55059001300","NAME":"Census Tract 13","COUNTY":"Kenosha","ALAND":1837615,"AWATER":0,"lng":-87.8695,"lat":42.58489,"ALAND_SQMI":0.7095,"nb":["55059000601","55059000700","55059001200","55059001401","55059001402"]},"geometry":{"type":"Polygon","coordinates":[[[-87.88419,42.58168],[-87.88392,42.58276],[-87.88386,42.583],[-87.8824,42.58882],[-87.87102,42.58859],[-87.86554,42.5885],[-87.86324,42.58846],[-87.85573,42.58834],[-87.85566,42.58423],[-87.85562,42.58195],[-87.85541,42.58103],[-87.8616,42.58115],[-87.86513,42.58122],[-87.86975,42.5813],[-87.87099,42.58132],[-87.87947,42.58145],[-87.88405,42.58151],[-87.88401,42.58168],[-87.88419,42.58168]]]}},{"type":"Feature","properties":{"GEOID":"55059001401","NAME":"Census Tract 14.01","COUNTY":"Kenosha","ALAND":1319119,"AWATER":0,"lng":-87.86413,"lat":42.57283,"ALAND_SQMI":0.5093,"nb":["55059001200","55059001300","55059001402","55059001500","55059002400","55059002500"]},"geometry":{"type":"Polygon","coordinates":[[[-87.87637,42.57055],[-87.86999,42.57048],[-87.86957,42.57362],[-87.86694,42.5736],[-87.86389,42.57568],[-87.86135,42.5774],[-87.86173,42.57798],[-87.8616,42.58115],[-87.85541,42.58103],[-87.85528,42.57351],[-87.85527,42.57318],[-87.86016,42.57064],[-87.86258,42.56938],[-87.86501,42.56812],[-87.86825,42.56629],[-87.86854,42.56629],[-87.8736,42.56643],[-87.87628,42.56653],[-87.87637,42.57055]]]}},{"type":"Feature","properties":{"GEOID":"55059001402","NAME":"Census Tract 14.02","COUNTY":"Kenosha","ALAND":2397859,"AWATER":0,"lng":-87.87596,"lat":42.57513,"ALAND_SQMI":0.9258,"nb":["55059000601","55059001300","55059001401","55059002500","55059002604","55059002605"]},"geometry":{"type":"Polygon","coordinates":[[[-87.88746,42.56707],[-87.88729,42.56707],[-87.88495,42.57805],[-87.88515,42.57805],[-87.88512,42.5782],[-87.885,42.57865],[-87.88423,42.58152],[-87.88405,42.58151],[-87.87947,42.58145],[-87.87099,42.58132],[-87.86975,42.5813],[-87.86513,42.58122],[-87.8616,42.58115],[-87.86173,42.57798],[-87.86135,42.5774],[-87.86389,42.57568],[-87.86694,42.5736],[-87.86957,42.57362],[-87.86999,42.57048],[-87.87637,42.57055],[-87.87628,42.56653],[-87.8872,42.56686],[-87.88752,42.56687],[-87.88746,42.56707]]]}},{"type":"Feature","properties":{"GEOID":"55059001500","NAME":"Census Tract 15","COUNTY":"Kenosha","ALAND":1406090,"AWATER":0,"lng":-87.85231,"lat":42.57063,"ALAND_SQMI":0.5429,"nb":["55059001100","55059001200","55059001401","55059001600","55059001700","55059002200","55059002300","55059002400"]},"geometry":{"type":"Polygon","coordinates":[[[-87.86501,42.56812],[-87.86258,42.56938],[-87.86016,42.57064],[-87.85527,42.57318],[-87.852,42.57492],[-87.84552,42.57823],[-87.84549,42.57759],[-87.843,42.57761],[-87.84291,42.57313],[-87.84536,42.57179],[-87.84527,42.56803],[-87.84522,42.56604],[-87.84849,42.56611],[-87.8496,42.56613],[-87.8529,42.56621],[-87.85511,42.56625],[-87.86004,42.56624],[-87.86129,42.56624],[-87.86253,42.56623],[-87.86299,42.5663],[-87.86498,42.56629],[-87.86825,42.56629],[-87.86501,42.56812]]]}},{"type":"Feature","properties":{"GEOID":"55059001600","NAME":"Census Tract 16","COUNTY":"Kenosha","ALAND":947332,"AWATER":0,"lng":-87.83444,"lat":42.57457,"ALAND_SQMI":0.3658,"nb":["55059001100","55059001500","55059001700","55059001800"]},"geometry":{"type":"Polygon","coordinates":[[[-87.843,42.57761],[-87.83806,42.57764],[-87.83339,42.57767],[-87.82593,42.57773],[-87.82569,42.5731],[-87.82537,42.57149],[-87.82689,42.5715],[-87.83077,42.57153],[-87.83081,42.57314],[-87.83325,42.57316],[-87.83319,42.57111],[-87.8379,42.57107],[-87.84149,42.57103],[-87.84291,42.57313],[-87.843,42.57761]]]}},{"type":"Feature","properties":{"GEOID":"55059001700","NAME":"Census Tract 17","COUNTY":"Kenosha","ALAND":1078574,"AWATER":14048,"lng":-87.83492,"lat":42.56882,"ALAND_SQMI":0.4164,"nb":["55059001500","55059001600","55059001800","55059002200","55059002300"]},"geometry":{"type":"Polygon","coordinates":[[[-87.84536,42.57179],[-87.84291,42.57313],[-87.84149,42.57103],[-87.8379,42.57107],[-87.83319,42.57111],[-87.83325,42.57316],[-87.83081,42.57314],[-87.83077,42.57153],[-87.82689,42.5715],[-87.82537,42.57149],[-87.82377,42.56582],[-87.8306,42.56589],[-87.83765,42.56595],[-87.84522,42.56604],[-87.84527,42.56803],[-87.84536,42.57179]]]}},{"type":"Feature","properties":{"GEOID":"55059001800","NAME":"Census Tract 18","COUNTY":"Kenosha","ALAND":1021641,"AWATER":0,"lng":-87.82193,"lat":42.57086,"ALAND_SQMI":0.3945,"nb":["55059001000","55059001100","55059001600","55059001700","55059001900","55059002000","55059002100","55059002200"]},"geometry":{"type":"Polygon","coordinates":[[[-87.82601,42.57946],[-87.82151,42.57953],[-87.82025,42.58083],[-87.81933,42.5795],[-87.81928,42.57549],[-87.81928,42.57394],[-87.81842,42.57392],[-87.81881,42.56908],[-87.81989,42.55853],[-87.82177,42.55849],[-87.82377,42.56582],[-87.82537,42.57149],[-87.82569,42.5731],[-87.82593,42.57773],[-87.82601,42.57946]]]}},{"type":"Feature","properties":{"GEOID":"55059001900","NAME":"Census Tract 19","COUNTY":"Kenosha","ALAND":1469783,"AWATER":1265517,"lng":-87.81613,"lat":42.56809,"ALAND_SQMI":0.5675,"nb":["55059001000","55059001800","55059002000"]},"geometry":{"type":"Polygon","coordinates":[[[-87.82025,42.58083],[-87.81911,42.58159],[-87.81875,42.58085],[-87.81375,42.58079],[-87.81395,42.57945],[-87.8127,42.56915],[-87.81269,42.56883],[-87.81259,42.55944],[-87.81259,42.55921],[-87.81249,42.55644],[-87.82006,42.55679],[-87.81994,42.55804],[-87.81989,42.55853],[-87.81881,42.56908],[-87.81842,42.57392],[-87.81928,42.57394],[-87.81928,42.57549],[-87.81933,42.5795],[-87.82025,42.58083]]]}},{"type":"Feature","properties":{"GEOID":"55059002000","NAME":"Census Tract 20","COUNTY":"Kenosha","ALAND":19488183,"AWATER":3193405,"lng":-87.8301,"lat":42.51706,"ALAND_SQMI":7.5244,"nb":["55059001800","55059001900","55059002100","55059002200","55059002300","55059002400","55059002606"]},"geometry":{"type":"Polygon","coordinates":[[[-87.85426,42.53709],[-87.83811,42.53687],[-87.83458,42.54029],[-87.83056,42.54024],[-87.83048,42.54024],[-87.83013,42.54024],[-87.82999,42.54024],[-87.82485,42.54017],[-87.82068,42.54022],[-87.81981,42.54047],[-87.81969,42.54052],[-87.82169,42.55805],[-87.82177,42.55849],[-87.81989,42.55853],[-87.81994,42.55804],[-87.82006,42.55679],[-87.81249,42.55644],[-87.81248,42.55628],[-87.81248,42.55621],[-87.81225,42.54953],[-87.81226,42.54946],[-87.81365,42.54269],[-87.81302,42.53306],[-87.81282,42.53001],[-87.81232,42.52528],[-87.81181,42.52056],[-87.81154,42.51931],[-87.81067,42.51534],[-87.8063,42.5053],[-87.80503,42.50239],[-87.80499,42.5023],[-87.80567,42.4997],[-87.80369,42.49734],[-87.80308,42.4951],[-87.80209,42.49258],[-87.80382,42.49258],[-87.8166,42.49276],[-87.82191,42.49283],[-87.82524,42.49287],[-87.84462,42.49314],[-87.84658,42.49317],[-87.84785,42.49319],[-87.85287,42.49326],[-87.85382,42.52246],[-87.85399,42.52833],[-87.85426,42.53709]]]}},{"type":"Feature","properties":{"GEOID":"55059002100","NAME":"Census Tract 21","COUNTY":"Kenosha","ALAND":2369536,"AWATER":0,"lng":-87.82778,"lat":42.54923,"ALAND_SQMI":0.9149,"nb":["55059001800","55059002000","55059002200","55059002300"]},"geometry":{"type":"Polygon","coordinates":[[[-87.83518,42.55861],[-87.83044,42.55856],[-87.82539,42.55853],[-87.82177,42.55849],[-87.82169,42.55805],[-87.81969,42.54052],[-87.81981,42.54047],[-87.82068,42.54022],[-87.82485,42.54017],[-87.82999,42.54024],[-87.83013,42.54024],[-87.83048,42.54024],[-87.83056,42.54024],[-87.83458,42.54029],[-87.83462,42.54212],[-87.83467,42.54403],[-87.83479,42.54727],[-87.83495,42.55133],[-87.83518,42.55861]]]}},{"type":"Feature","properties":{"GEOID":"55059002200","NAME":"Census Tract 22","COUNTY":"Kenosha","ALAND":1491079,"AWATER":0,"lng":-87.83393,"lat":42.56222,"ALAND_SQMI":0.5757,"nb":["55059001500","55059001700","55059001800","55059002000","55059002100","55059002300"]},"geometry":{"type":"Polygon","coordinates":[[[-87.84522,42.56604],[-87.83765,42.56595],[-87.8306,42.56589],[-87.82377,42.56582],[-87.82177,42.55849],[-87.82539,42.55853],[-87.83044,42.55856],[-87.83518,42.55861],[-87.83722,42.55866],[-87.84505,42.5588],[-87.84522,42.56604]]]}},{"type":"Feature","properties":{"GEOID":"55059002300","NAME":"Census Tract 23","COUNTY":"Kenosha","ALAND":4573224,"AWATER":0,"lng":-87.84563,"lat":42.55013,"ALAND_SQMI":1.7657,"nb":["55059001500","55059001700","55059002000","55059002100","55059002200","55059002400","55059002606"]},"geometry":{"type":"Polygon","coordinates":[[[-87.85511,42.56625],[-87.8529,42.56621],[-87.8496,42.56613],[-87.84849,42.56611],[-87.84522,42.56604],[-87.84505,42.5588],[-87.83722,42.55866],[-87.83518,42.55861],[-87.83495,42.55133],[-87.83479,42.54727],[-87.83467,42.54403],[-87.83462,42.54212],[-87.83458,42.54029],[-87.83811,42.53687],[-87.85426,42.53709],[-87.85443,42.5429],[-87.85448,42.54438],[-87.85452,42.54529],[-87.85453,42.54575],[-87.85463,42.54805],[-87.85478,42.55169],[-87.85488,42.55436],[-87.85505,42.55897],[-87.85507,42.56083],[-87.85511,42.56625]]]}},{"type":"Feature","properties":{"GEOID":"55059002400","NAME":"Census Tract 24","COUNTY":"Kenosha","ALAND":3895062,"AWATER":0,"lng":-87.86209,"lat":42.55161,"ALAND_SQMI":1.5039,"nb":["55059001401","55059001500","55059002000","55059002300","55059002500","55059002606"]},"geometry":{"type":"Polygon","coordinates":[[[-87.86973,42.55909],[-87.86937,42.56526],[-87.86854,42.56629],[-87.86825,42.56629],[-87.86498,42.56629],[-87.86299,42.5663],[-87.86253,42.56623],[-87.86129,42.56624],[-87.86004,42.56624],[-87.85511,42.56625],[-87.85507,42.56083],[-87.85505,42.55897],[-87.85488,42.55436],[-87.85478,42.55169],[-87.85463,42.54805],[-87.85453,42.54575],[-87.85452,42.54529],[-87.85448,42.54438],[-87.85443,42.5429],[-87.85426,42.53709],[-87.86915,42.53724],[-87.86955,42.55183],[-87.86973,42.55909]]]}},{"type":"Feature","properties":{"GEOID":"55059002500","NAME":"Census Tract 25","COUNTY":"Kenosha","ALAND":5747257,"AWATER":0,"lng":-87.88029,"lat":42.55147,"ALAND_SQMI":2.219,"nb":["55059001401","55059001402","55059002400","55059002604","55059002605","55059002606"]},"geometry":{"type":"Polygon","coordinates":[[[-87.89236,42.55046],[-87.89122,42.55576],[-87.89022,42.55836],[-87.88961,42.55996],[-87.88907,42.56141],[-87.8887,42.56271],[-87.88783,42.56578],[-87.88752,42.56687],[-87.8872,42.56686],[-87.87628,42.56653],[-87.8736,42.56643],[-87.86854,42.56629],[-87.86937,42.56526],[-87.86973,42.55909],[-87.86955,42.55183],[-87.86915,42.53724],[-87.89197,42.53763],[-87.89236,42.55046]]]}},{"type":"Feature","properties":{"GEOID":"55059002603","NAME":"Census Tract 26.03","COUNTY":"Kenosha","ALAND":3820145,"AWATER":0,"lng":-87.93866,"lat":42.5749,"ALAND_SQMI":1.475,"nb":["55059000601","55059002604","55059002605","55059002700","55059002802"]},"geometry":{"type":"Polygon","coordinates":[[[-87.953,42.58231],[-87.9528,42.5823],[-87.95049,42.58228],[-87.94258,42.58221],[-87.9395,42.58218],[-87.93445,42.58214],[-87.92459,42.58205],[-87.92241,42.58202],[-87.92242,42.58192],[-87.9238,42.57831],[-87.92486,42.57579],[-87.925,42.57427],[-87.92549,42.56715],[-87.92549,42.56699],[-87.93384,42.56735],[-87.95242,42.56753],[-87.95283,42.56753],[-87.95293,42.57697],[-87.953,42.58231]]]}},{"type":"Feature","properties":{"GEOID":"55059002604","NAME":"Census Tract 26.04","COUNTY":"Kenosha","ALAND":5219827,"AWATER":64460,"lng":-87.90529,"lat":42.57432,"ALAND_SQMI":2.0154,"nb":["55059000601","55059001402","55059002500","55059002603","55059002605"]},"geometry":{"type":"Polygon","coordinates":[[[-87.92549,42.56715],[-87.925,42.57427],[-87.92486,42.57579],[-87.9238,42.57831],[-87.92242,42.58192],[-87.92241,42.58202],[-87.91487,42.58191],[-87.91466,42.58191],[-87.90479,42.58178],[-87.89787,42.58169],[-87.88423,42.58152],[-87.885,42.57865],[-87.88512,42.5782],[-87.88515,42.57805],[-87.88495,42.57805],[-87.88729,42.56707],[-87.88746,42.56707],[-87.88752,42.56687],[-87.90487,42.56692],[-87.91778,42.56676],[-87.91912,42.56678],[-87.92549,42.56699],[-87.92549,42.56715]]]}},{"type":"Feature","properties":{"GEOID":"55059002605","NAME":"Census Tract 26.05","COUNTY":"Kenosha","ALAND":40393995,"AWATER":733462,"lng":-87.92118,"lat":42.53047,"ALAND_SQMI":15.5962,"nb":["55059001402","55059002500","55059002603","55059002604","55059002606","55059002700"]},"geometry":{"type":"Polygon","coordinates":[[[-87.95283,42.56753],[-87.95242,42.56753],[-87.93384,42.56735],[-87.92549,42.56699],[-87.91912,42.56678],[-87.91778,42.56676],[-87.90487,42.56692],[-87.88752,42.56687],[-87.88783,42.56578],[-87.8887,42.56271],[-87.88907,42.56141],[-87.88961,42.55996],[-87.89022,42.55836],[-87.89122,42.55576],[-87.89236,42.55046],[-87.89197,42.53763],[-87.89225,42.52784],[-87.89197,42.52131],[-87.89107,42.519],[-87.8891,42.51658],[-87.88858,42.51486],[-87.88801,42.50163],[-87.8868,42.49372],[-87.89799,42.49388],[-87.9001,42.49391],[-87.90035,42.49391],[-87.91746,42.49415],[-87.95103,42.49461],[-87.95107,42.49715],[-87.95149,42.49916],[-87.95155,42.50003],[-87.95174,42.51207],[-87.95243,42.54372],[-87.95282,42.56717],[-87.95283,42.56753]]]}},{"type":"Feature","properties":{"GEOID":"55059002606","NAME":"Census Tract 26.06","COUNTY":"Kenosha","ALAND":14525534,"AWATER":0,"lng":-87.87176,"lat":42.51593,"ALAND_SQMI":5.6083,"nb":["55059002000","55059002300","55059002400","55059002500","55059002605"]},"geometry":{"type":"Polygon","coordinates":[[[-87.89225,42.52784],[-87.89197,42.53763],[-87.86915,42.53724],[-87.85426,42.53709],[-87.85399,42.52833],[-87.85382,42.52246],[-87.85287,42.49326],[-87.86257,42.49339],[-87.87369,42.49354],[-87.88299,42.49367],[-87.8868,42.49372],[-87.88801,42.50163],[-87.88858,42.51486],[-87.8891,42.51658],[-87.89107,42.519],[-87.89197,42.52131],[-87.89225,42.52784]]]}},{"type":"Feature","properties":{"GEOID":"55059002700","NAME":"Census Tract 27","COUNTY":"Kenosha","ALAND":92778029,"AWATER":946783,"lng":-88.01087,"lat":42.53882,"ALAND_SQMI":35.8218,"nb":["55059002603","55059002605","55059002802","55059002905","55059002906"]},"geometry":{"type":"Polygon","coordinates":[[[-88.07018,42.58288],[-88.06423,42.58286],[-88.05957,42.58285],[-88.03114,42.58273],[-87.9969,42.58264],[-87.98206,42.5825],[-87.97185,42.58245],[-87.97161,42.58245],[-87.96602,42.58241],[-87.96269,42.58239],[-87.96243,42.58239],[-87.96241,42.58239],[-87.96129,42.58238],[-87.95607,42.58233],[-87.95464,42.58232],[-87.953,42.58231],[-87.95293,42.57697],[-87.95283,42.56753],[-87.95282,42.56717],[-87.95243,42.54372],[-87.95174,42.51207],[-87.95155,42.50003],[-87.95149,42.49916],[-87.95107,42.49715],[-87.95103,42.49461],[-87.95849,42.49471],[-87.97158,42.4948],[-87.9904,42.49492],[-88.00314,42.49501],[-88.02505,42.49515],[-88.04978,42.49532],[-88.06206,42.49549],[-88.06894,42.49558],[-88.0692,42.51031],[-88.06922,42.51573],[-88.06949,42.5335],[-88.06974,42.55674],[-88.0699,42.56729],[-88.07005,42.57758],[-88.07018,42.58288]]]}},{"type":"Feature","properties":{"GEOID":"55059002801","NAME":"Census Tract 28.01","COUNTY":"Kenosha","ALAND":62310291,"AWATER":1004886,"lng":-88.24584,"lat":42.58234,"ALAND_SQMI":24.0581,"nb":["55059002802","55059002903","55059003001","55059003002","55101002600","55127001000","55127001701"]},"geometry":{"type":"Polygon","coordinates":[[[-88.30589,42.61082],[-88.30251,42.61083],[-88.29507,42.61087],[-88.26654,42.61106],[-88.26646,42.61106],[-88.22568,42.61118],[-88.18817,42.61146],[-88.18361,42.61151],[-88.18332,42.58974],[-88.18489,42.58974],[-88.18692,42.58699],[-88.18799,42.58442],[-88.18798,42.5825],[-88.18805,42.5825],[-88.188,42.57025],[-88.18797,42.56788],[-88.18794,42.56532],[-88.18787,42.55342],[-88.20741,42.55319],[-88.21728,42.55307],[-88.21732,42.55307],[-88.24676,42.55281],[-88.25641,42.55283],[-88.28869,42.55295],[-88.30526,42.55269],[-88.30532,42.55804],[-88.30534,42.56003],[-88.30542,42.56714],[-88.30558,42.58166],[-88.30558,42.58182],[-88.30581,42.60354],[-88.30589,42.61082]]]}},{"type":"Feature","properties":{"GEOID":"55059002802","NAME":"Census Tract 28.02","COUNTY":"Kenosha","ALAND":184909042,"AWATER":541055,"lng":-88.06972,"lat":42.62624,"ALAND_SQMI":71.3938,"nb":["55059000601","55059002603","55059002700","55059002801","55059002903","55059002905","55101001703","55101001801","55101001802","55101002100","55101002600"]},"geometry":{"type":"Polygon","coordinates":[[[-88.18831,42.66971],[-88.16889,42.66911],[-88.11044,42.6694],[-88.10575,42.66967],[-88.08397,42.66991],[-88.08083,42.66971],[-88.07467,42.66974],[-88.07091,42.66976],[-88.02999,42.66964],[-88.02699,42.66963],[-87.95342,42.66957],[-87.95328,42.66957],[-87.95307,42.66956],[-87.95276,42.64037],[-87.9524,42.61414],[-87.95231,42.60407],[-87.95257,42.59681],[-87.95279,42.59257],[-87.9528,42.5823],[-87.953,42.58231],[-87.95464,42.58232],[-87.95607,42.58233],[-87.96129,42.58238],[-87.96241,42.58239],[-87.96243,42.58239],[-87.96269,42.58239],[-87.96602,42.58241],[-87.97161,42.58245],[-87.97185,42.58245],[-87.98206,42.5825],[-87.9969,42.58264],[-88.03114,42.58273],[-88.05957,42.58285],[-88.06423,42.58286],[-88.07018,42.58288],[-88.08984,42.58286],[-88.08987,42.58286],[-88.09545,42.58285],[-88.09795,42.58284],[-88.10106,42.58283],[-88.11428,42.58278],[-88.1193,42.58277],[-88.1301,42.58273],[-88.1351,42.58269],[-88.13882,42.58266],[-88.14876,42.58259],[-88.18798,42.5825],[-88.18799,42.58442],[-88.18692,42.58699],[-88.18489,42.58974],[-88.18332,42.58974],[-88.18361,42.61151],[-88.18817,42.61146],[-88.18831,42.64454],[-88.18831,42.66971]]]}},{"type":"Feature","properties":{"GEOID":"55059002903","NAME":"Census Tract 29.03","COUNTY":"Kenosha","ALAND":20237855,"AWATER":2478146,"lng":-88.15671,"lat":42.56406,"ALAND_SQMI":7.8139,"nb":["55059002801","55059002802","55059002904","55059002905","55059003002"]},"geometry":{"type":"Polygon","coordinates":[[[-88.18805,42.5825],[-88.18798,42.5825],[-88.14876,42.58259],[-88.13882,42.58266],[-88.1351,42.58269],[-88.1301,42.58273],[-88.1193,42.58277],[-88.11925,42.5817],[-88.11913,42.5755],[-88.11889,42.57374],[-88.11872,42.57322],[-88.11828,42.57226],[-88.11687,42.56916],[-88.11645,42.56828],[-88.11636,42.56817],[-88.11888,42.56816],[-88.11887,42.56798],[-88.11872,42.56554],[-88.11885,42.56475],[-88.11885,42.5642],[-88.11883,42.56187],[-88.1193,42.56101],[-88.12238,42.55718],[-88.12268,42.55697],[-88.12368,42.55651],[-88.12852,42.5537],[-88.13016,42.55369],[-88.1333,42.55368],[-88.13811,42.55358],[-88.13865,42.55194],[-88.14161,42.55114],[-88.14526,42.54947],[-88.15037,42.54438],[-88.15401,42.5426],[-88.16031,42.54286],[-88.17038,42.54141],[-88.17616,42.54066],[-88.17969,42.53902],[-88.18738,42.53889],[-88.1877,42.53889],[-88.18787,42.55342],[-88.18794,42.56532],[-88.18797,42.56788],[-88.188,42.57025],[-88.18805,42.5825]]]}},{"type":"Feature","properties":{"GEOID":"55059002904","NAME":"Census Tract 29.04","COUNTY":"Kenosha","ALAND":34766052,"AWATER":2961877,"lng":-88.14469,"lat":42.52417,"ALAND_SQMI":13.4232,"nb":["55059002903","55059002905","55059002906","55059003002"]},"geometry":{"type":"Polygon","coordinates":[[[-88.1877,42.53889],[-88.18738,42.53889],[-88.17969,42.53902],[-88.17616,42.54066],[-88.17038,42.54141],[-88.16031,42.54286],[-88.15401,42.5426],[-88.15037,42.54438],[-88.14526,42.54947],[-88.14161,42.55114],[-88.13865,42.55194],[-88.13811,42.55358],[-88.1333,42.55368],[-88.13016,42.55369],[-88.12852,42.5537],[-88.12368,42.55651],[-88.12268,42.55697],[-88.12238,42.55718],[-88.1193,42.56101],[-88.11883,42.56187],[-88.11885,42.5642],[-88.11885,42.56475],[-88.11872,42.56554],[-88.11887,42.56798],[-88.11888,42.56816],[-88.11636,42.56817],[-88.11324,42.56117],[-88.11318,42.56101],[-88.11047,42.55421],[-88.10156,42.53202],[-88.10106,42.53077],[-88.09904,42.52086],[-88.10701,42.51786],[-88.10967,42.51669],[-88.1185,42.51232],[-88.12226,42.51045],[-88.12195,42.50843],[-88.12116,42.50649],[-88.12104,42.503],[-88.11867,42.5006],[-88.11811,42.49621],[-88.12384,42.4962],[-88.13847,42.49616],[-88.15014,42.49614],[-88.17687,42.49607],[-88.1871,42.49605],[-88.18745,42.52436],[-88.1877,42.53889]]]}},{"type":"Feature","properties":{"GEOID":"55059002905","NAME":"Census Tract 29.05","COUNTY":"Kenosha","ALAND":10280452,"AWATER":998000,"lng":-88.09347,"lat":42.56993,"ALAND_SQMI":3.9693,"nb":["55059002700","55059002802","55059002903","55059002904","55059002906"]},"geometry":{"type":"Polygon","coordinates":[[[-88.1193,42.58277],[-88.11428,42.58278],[-88.10106,42.58283],[-88.09795,42.58284],[-88.09545,42.58285],[-88.08987,42.58286],[-88.08984,42.58286],[-88.07018,42.58288],[-88.07005,42.57758],[-88.0699,42.56729],[-88.06974,42.55674],[-88.08053,42.5565],[-88.0859,42.55698],[-88.08792,42.5568],[-88.08925,42.55688],[-88.09279,42.55682],[-88.10822,42.55476],[-88.11047,42.55421],[-88.11318,42.56101],[-88.11324,42.56117],[-88.11636,42.56817],[-88.11645,42.56828],[-88.11687,42.56916],[-88.11828,42.57226],[-88.11872,42.57322],[-88.11889,42.57374],[-88.11913,42.5755],[-88.11925,42.5817],[-88.1193,42.58277]]]}},{"type":"Feature","properties":{"GEOID":"55059002906","NAME":"Census Tract 29.06","COUNTY":"Kenosha","ALAND":20850690,"AWATER":1352072,"lng":-88.08997,"lat":42.524,"ALAND_SQMI":8.0505,"nb":["55059002700","55059002904","55059002905"]},"geometry":{"type":"Polygon","coordinates":[[[-88.12226,42.51045],[-88.1185,42.51232],[-88.10967,42.51669],[-88.10701,42.51786],[-88.09904,42.52086],[-88.10106,42.53077],[-88.10156,42.53202],[-88.11047,42.55421],[-88.10822,42.55476],[-88.09279,42.55682],[-88.08925,42.55688],[-88.08792,42.5568],[-88.0859,42.55698],[-88.08053,42.5565],[-88.06974,42.55674],[-88.06949,42.5335],[-88.06922,42.51573],[-88.0692,42.51031],[-88.06894,42.49558],[-88.07772,42.4957],[-88.09421,42.49593],[-88.10099,42.49602],[-88.10147,42.49603],[-88.10221,42.49604],[-88.10851,42.49613],[-88.10958,42.49614],[-88.11153,42.49617],[-88.11529,42.49622],[-88.11811,42.49621],[-88.11867,42.5006],[-88.12104,42.503],[-88.12116,42.50649],[-88.12195,42.50843],[-88.12226,42.51045]]]}},{"type":"Feature","properties":{"GEOID":"55059003001","NAME":"Census Tract 30.01","COUNTY":"Kenosha","ALAND":19026241,"AWATER":3836381,"lng":-88.28264,"lat":42.52654,"ALAND_SQMI":7.3461,"nb":["55059002801","55059003002","55127001701","55127001702"]},"geometry":{"type":"Polygon","coordinates":[[[-88.30526,42.55269],[-88.28869,42.55295],[-88.25641,42.55283],[-88.25635,42.54928],[-88.25633,42.54775],[-88.25625,42.54194],[-88.2562,42.53831],[-88.2562,42.531],[-88.25285,42.53126],[-88.2531,42.53024],[-88.24766,42.52928],[-88.25031,42.52663],[-88.25652,42.52119],[-88.26546,42.51903],[-88.26874,42.51895],[-88.26886,42.51459],[-88.27061,42.5092],[-88.27228,42.50332],[-88.27254,42.49855],[-88.27389,42.4977],[-88.27459,42.49481],[-88.27742,42.49481],[-88.27997,42.49481],[-88.285,42.4948],[-88.30263,42.49478],[-88.30273,42.49478],[-88.30299,42.49478],[-88.30469,42.49477],[-88.30469,42.49832],[-88.30479,42.50926],[-88.30487,42.51653],[-88.30495,42.52378],[-88.30503,42.53117],[-88.30526,42.55269]]]}},{"type":"Feature","properties":{"GEOID":"55059003002","NAME":"Census Tract 30.02","COUNTY":"Kenosha","ALAND":37484897,"AWATER":1925532,"lng":-88.22512,"lat":42.52287,"ALAND_SQMI":14.473,"nb":["55059002801","55059002903","55059002904","55059003001"]},"geometry":{"type":"Polygon","coordinates":[[[-88.27389,42.4977],[-88.27254,42.49855],[-88.27228,42.50332],[-88.27061,42.5092],[-88.26886,42.51459],[-88.26874,42.51895],[-88.26546,42.51903],[-88.25652,42.52119],[-88.25031,42.52663],[-88.24766,42.52928],[-88.2531,42.53024],[-88.25285,42.53126],[-88.2562,42.531],[-88.2562,42.53831],[-88.25625,42.54194],[-88.25633,42.54775],[-88.25635,42.54928],[-88.25641,42.55283],[-88.24676,42.55281],[-88.21732,42.55307],[-88.21728,42.55307],[-88.20741,42.55319],[-88.18787,42.55342],[-88.1877,42.53889],[-88.18745,42.52436],[-88.1871,42.49605],[-88.19848,42.49602],[-88.19858,42.49602],[-88.19939,42.49602],[-88.20017,42.49602],[-88.20658,42.49598],[-88.21145,42.49595],[-88.21405,42.49594],[-88.2169,42.49592],[-88.21886,42.49592],[-88.2237,42.4959],[-88.23135,42.49588],[-88.23789,42.49586],[-88.25009,42.49582],[-88.26172,42.49528],[-88.26538,42.49511],[-88.27169,42.49482],[-88.27459,42.49481],[-88.27389,42.4977]]]}},{"type":"Feature","properties":{"GEOID":"55079000101","NAME":"Census Tract 1.01","COUNTY":"Milwaukee","ALAND":3817599,"AWATER":168402,"lng":-88.00919,"lat":43.1851,"ALAND_SQMI":1.474,"nb":["55079000102","55079000201","55079000202","55079050101","55089660201","55089660202"]},"geometry":{"type":"Polygon","coordinates":[[[-88.02418,43.18246],[-88.02407,43.18496],[-88.02372,43.19249],[-88.00381,43.19258],[-87.99417,43.19255],[-87.99425,43.18872],[-87.99448,43.17768],[-88.00562,43.17773],[-88.02434,43.1776],[-88.02418,43.18246]]]}},{"type":"Feature","properties":{"GEOID":"55079000102","NAME":"Census Tract 1.02","COUNTY":"Milwaukee","ALAND":6511460,"AWATER":0,"lng":-88.01167,"lat":43.16464,"ALAND_SQMI":2.5141,"nb":["55079000101","55079000201","55079000202","55079000304","55079000600","55079000700","55079050101"]},"geometry":{"type":"Polygon","coordinates":[[[-88.02479,43.15592],[-88.02451,43.16317],[-88.02437,43.17626],[-88.02434,43.1776],[-88.00562,43.17773],[-87.99448,43.17768],[-87.99461,43.17049],[-87.99476,43.16319],[-87.99776,43.16322],[-88.00457,43.16329],[-88.005,43.15606],[-88.00527,43.14872],[-88.01787,43.14867],[-88.02519,43.14863],[-88.02479,43.15592]]]}},{"type":"Feature","properties":{"GEOID":"55079000201","NAME":"Census Tract 2.01","COUNTY":"Milwaukee","ALAND":7910387,"AWATER":102,"lng":-88.04724,"lat":43.17997,"ALAND_SQMI":3.0542,"nb":["55079000101","55079000102","55079000202","55089660201","55131470204","55133200202"]},"geometry":{"type":"Polygon","coordinates":[[[-88.0641,43.17368],[-88.06367,43.17684],[-88.0634,43.19002],[-88.06335,43.19212],[-88.02372,43.19249],[-88.02407,43.18496],[-88.02418,43.18246],[-88.02434,43.1776],[-88.0285,43.17756],[-88.03413,43.17751],[-88.04416,43.17749],[-88.04422,43.17641],[-88.04446,43.16293],[-88.06428,43.16249],[-88.0641,43.17368]]]}},{"type":"Feature","properties":{"GEOID":"55079000202","NAME":"Census Tract 2.02","COUNTY":"Milwaukee","ALAND":7874256,"AWATER":267,"lng":-88.04132,"lat":43.1604,"ALAND_SQMI":3.0403,"nb":["55079000101","55079000102","55079000201","55079000301","55079000302","55079000304","55133200202","55133200400"]},"geometry":{"type":"Polygon","coordinates":[[[-88.0645,43.14868],[-88.06432,43.16041],[-88.06428,43.16249],[-88.04446,43.16293],[-88.04422,43.17641],[-88.04416,43.17749],[-88.03413,43.17751],[-88.0285,43.17756],[-88.02434,43.1776],[-88.02437,43.17626],[-88.02451,43.16317],[-88.02479,43.15592],[-88.02519,43.14863],[-88.02615,43.14862],[-88.0468,43.14839],[-88.0484,43.14815],[-88.05038,43.14755],[-88.05273,43.14697],[-88.05487,43.14699],[-88.05887,43.14802],[-88.0644,43.14799],[-88.0645,43.14868]]]}},{"type":"Feature","properties":{"GEOID":"55079000301","NAME":"Census Tract 3.01","COUNTY":"Milwaukee","ALAND":1985249,"AWATER":1761,"lng":-88.06026,"lat":43.13631,"ALAND_SQMI":0.7665,"nb":["55079000202","55079000302","55079000303","55079000501","55133200202","55133200400"]},"geometry":{"type":"Polygon","coordinates":[[[-88.06562,43.12542],[-88.0644,43.14799],[-88.05887,43.14802],[-88.05487,43.14699],[-88.05499,43.14011],[-88.05548,43.13598],[-88.05524,43.13397],[-88.05518,43.13128],[-88.05685,43.12644],[-88.05693,43.12464],[-88.0656,43.1245],[-88.06562,43.12542]]]}},{"type":"Feature","properties":{"GEOID":"55079000302","NAME":"Census Tract 3.02","COUNTY":"Milwaukee","ALAND":1836837,"AWATER":0,"lng":-88.04654,"lat":43.13924,"ALAND_SQMI":0.7092,"nb":["55079000202","55079000301","55079000303","55079000304","55079000502"]},"geometry":{"type":"Polygon","coordinates":[[[-88.05548,43.13598],[-88.05499,43.14011],[-88.05487,43.14699],[-88.05273,43.14697],[-88.05038,43.14755],[-88.04238,43.14296],[-88.03344,43.1361],[-88.03322,43.13596],[-88.03365,43.13533],[-88.03261,43.13398],[-88.04527,43.13387],[-88.0489,43.13379],[-88.0537,43.13418],[-88.05524,43.13397],[-88.05548,43.13598]]]}},{"type":"Feature","properties":{"GEOID":"55079000303","NAME":"Census Tract 3.03","COUNTY":"Milwaukee","ALAND":1595753,"AWATER":0,"lng":-88.04593,"lat":43.12975,"ALAND_SQMI":0.6161,"nb":["55079000301","55079000302","55079000304","55079000501","55079000502"]},"geometry":{"type":"Polygon","coordinates":[[[-88.05685,43.12644],[-88.05518,43.13128],[-88.05524,43.13397],[-88.0537,43.13418],[-88.0489,43.13379],[-88.04527,43.13387],[-88.03261,43.13398],[-88.03461,43.13055],[-88.04203,43.12463],[-88.04281,43.1252],[-88.0555,43.12466],[-88.05545,43.12647],[-88.05685,43.12644]]]}},{"type":"Feature","properties":{"GEOID":"55079000304","NAME":"Census Tract 3.04","COUNTY":"Milwaukee","ALAND":3358549,"AWATER":0,"lng":-88.02644,"lat":43.14363,"ALAND_SQMI":1.2967,"nb":["55079000102","55079000202","55079000302","55079000303","55079000502","55079000600","55079000700","55079001400"]},"geometry":{"type":"Polygon","coordinates":[[[-88.0484,43.14815],[-88.0468,43.14839],[-88.02615,43.14862],[-88.02519,43.14863],[-88.01787,43.14867],[-88.00527,43.14872],[-88.00534,43.14593],[-88.00548,43.14144],[-88.01051,43.14142],[-88.01322,43.14131],[-88.01556,43.14044],[-88.01651,43.14137],[-88.01854,43.14035],[-88.01948,43.14028],[-88.02533,43.14133],[-88.02544,43.13406],[-88.03261,43.13398],[-88.03365,43.13533],[-88.03322,43.13596],[-88.03344,43.1361],[-88.04238,43.14296],[-88.05038,43.14755],[-88.0484,43.14815]]]}},{"type":"Feature","properties":{"GEOID":"55079000400","NAME":"Census Tract 4","COUNTY":"Milwaukee","ALAND":2413732,"AWATER":447,"lng":-88.05554,"lat":43.11097,"ALAND_SQMI":0.9319,"nb":["55079000501","55079090100","55133200600"]},"geometry":{"type":"Polygon","coordinates":[[[-88.06598,43.10596],[-88.06567,43.11689],[-88.05535,43.11713],[-88.054,43.11726],[-88.04839,43.119],[-88.04666,43.11932],[-88.04576,43.11937],[-88.04594,43.10434],[-88.05291,43.1043],[-88.06602,43.10422],[-88.06598,43.10596]]]}},{"type":"Feature","properties":{"GEOID":"55079000501","NAME":"Census Tract 5.01","COUNTY":"Milwaukee","ALAND":4048410,"AWATER":0,"lng":-88.04346,"lat":43.11545,"ALAND_SQMI":1.5631,"nb":["55079000301","55079000303","55079000400","55079000502","55079001600","55079001700","55079003300","55079090100","55133200400","55133200600"]},"geometry":{"type":"Polygon","coordinates":[[[-88.06558,43.1191],[-88.06559,43.12068],[-88.0656,43.1245],[-88.05693,43.12464],[-88.05685,43.12644],[-88.05545,43.12647],[-88.0555,43.12466],[-88.04281,43.1252],[-88.04203,43.12463],[-88.04058,43.12359],[-88.03493,43.11957],[-88.02593,43.11258],[-88.02604,43.10779],[-88.0275,43.10545],[-88.02751,43.10496],[-88.02752,43.10445],[-88.03758,43.10441],[-88.04594,43.10434],[-88.04576,43.11937],[-88.04666,43.11932],[-88.04839,43.119],[-88.054,43.11726],[-88.05535,43.11713],[-88.06567,43.11689],[-88.06558,43.1191]]]}},{"type":"Feature","properties":{"GEOID":"55079000502","NAME":"Census Tract 5.02","COUNTY":"Milwaukee","ALAND":1783313,"AWATER":0,"lng":-88.03132,"lat":43.1248,"ALAND_SQMI":0.6885,"nb":["55079000302","55079000303","55079000304","55079000501","55079000600","55079001400","55079001500","55079001600","55079001700"]},"geometry":{"type":"Polygon","coordinates":[[[-88.04203,43.12463],[-88.03461,43.13055],[-88.03261,43.13398],[-88.02544,43.13406],[-88.02568,43.12616],[-88.02588,43.11951],[-88.02593,43.11258],[-88.03493,43.11957],[-88.04058,43.12359],[-88.04203,43.12463]]]}},{"type":"Feature","properties":{"GEOID":"55079000600","NAME":"Census Tract 6","COUNTY":"Milwaukee","ALAND":3885140,"AWATER":0,"lng":-88.00188,"lat":43.14012,"ALAND_SQMI":1.5001,"nb":["55079000102","55079000304","55079000502","55079000700","55079000800","55079001100","55079001200","55079001300","55079001400"]},"geometry":{"type":"Polygon","coordinates":[[[-88.02533,43.14133],[-88.01948,43.14028],[-88.01854,43.14035],[-88.01651,43.14137],[-88.01556,43.14044],[-88.01322,43.14131],[-88.01051,43.14142],[-88.00548,43.14144],[-88.00534,43.14593],[-88.00527,43.14872],[-87.98543,43.14854],[-87.98563,43.1413],[-87.98593,43.13588],[-87.98456,43.13394],[-87.98574,43.13394],[-87.99085,43.13399],[-88.00567,43.13415],[-88.01072,43.13412],[-88.01561,43.13411],[-88.01565,43.1341],[-88.02544,43.13406],[-88.02533,43.14133]]]}},{"type":"Feature","properties":{"GEOID":"55079000700","NAME":"Census Tract 7","COUNTY":"Milwaukee","ALAND":3906107,"AWATER":10362,"lng":-87.99009,"lat":43.15588,"ALAND_SQMI":1.5082,"nb":["55079000102","55079000304","55079000600","55079000800","55079050101","55079050104"]},"geometry":{"type":"Polygon","coordinates":[[[-88.005,43.15606],[-88.00457,43.16329],[-87.99776,43.16322],[-87.99476,43.16319],[-87.98483,43.16309],[-87.97486,43.16313],[-87.97525,43.15586],[-87.9755,43.1494],[-87.97529,43.14859],[-87.97583,43.14857],[-87.98046,43.14856],[-87.98543,43.14854],[-88.00527,43.14872],[-88.005,43.15606]]]}},{"type":"Feature","properties":{"GEOID":"55079000800","NAME":"Census Tract 8","COUNTY":"Milwaukee","ALAND":3037274,"AWATER":0,"lng":-87.97382,"lat":43.14068,"ALAND_SQMI":1.1727,"nb":["55079000600","55079000700","55079000900","55079001100","55079050104"]},"geometry":{"type":"Polygon","coordinates":[[[-87.98563,43.1413],[-87.98543,43.14854],[-87.98046,43.14856],[-87.97583,43.14857],[-87.97529,43.14859],[-87.96548,43.14858],[-87.9657,43.1418],[-87.96491,43.14127],[-87.95522,43.1348],[-87.9564,43.13406],[-87.98456,43.13394],[-87.98593,43.13588],[-87.98563,43.1413]]]}},{"type":"Feature","properties":{"GEOID":"55079000900","NAME":"Census Tract 9","COUNTY":"Milwaukee","ALAND":3476717,"AWATER":31259,"lng":-87.95567,"lat":43.14967,"ALAND_SQMI":1.3424,"nb":["55079000800","55079001000","55079001100","55079040100","55079050104","55079060101","55079060102"]},"geometry":{"type":"Polygon","coordinates":[[[-87.96548,43.14858],[-87.9652,43.15587],[-87.95751,43.15581],[-87.96031,43.16228],[-87.95812,43.16309],[-87.95079,43.16303],[-87.94648,43.15972],[-87.94514,43.15869],[-87.94543,43.14837],[-87.95476,43.14849],[-87.95261,43.14351],[-87.95158,43.14116],[-87.94842,43.13378],[-87.95176,43.13383],[-87.95341,43.13539],[-87.95522,43.1348],[-87.96491,43.14127],[-87.9657,43.1418],[-87.96548,43.14858]]]}},{"type":"Feature","properties":{"GEOID":"55079001000","NAME":"Census Tract 10","COUNTY":"Milwaukee","ALAND":1540160,"AWATER":0,"lng":-87.95353,"lat":43.12461,"ALAND_SQMI":0.5947,"nb":["55079000900","55079001100","55079002000","55079002100","55079002200","55079060101","55079060200"]},"geometry":{"type":"Polygon","coordinates":[[[-87.96333,43.1266],[-87.96214,43.12659],[-87.95973,43.12657],[-87.95611,43.12653],[-87.95189,43.12651],[-87.95244,43.13126],[-87.95341,43.13539],[-87.95176,43.13383],[-87.94842,43.13378],[-87.94774,43.1323],[-87.946,43.12823],[-87.94621,43.12089],[-87.94544,43.11912],[-87.94626,43.11913],[-87.95059,43.11928],[-87.95625,43.11916],[-87.95991,43.11918],[-87.9635,43.1192],[-87.96333,43.1266]]]}},{"type":"Feature","properties":{"GEOID":"55079001100","NAME":"Census Tract 11","COUNTY":"Milwaukee","ALAND":3173535,"AWATER":0,"lng":-87.96903,"lat":43.1277,"ALAND_SQMI":1.2253,"nb":["55079000600","55079000800","55079000900","55079001000","55079001200","55079001900","55079002000"]},"geometry":{"type":"Polygon","coordinates":[[[-87.98456,43.13394],[-87.9564,43.13406],[-87.95522,43.1348],[-87.95341,43.13539],[-87.95244,43.13126],[-87.95189,43.12651],[-87.95611,43.12653],[-87.95973,43.12657],[-87.96214,43.12659],[-87.96333,43.1266],[-87.9635,43.1192],[-87.96627,43.11929],[-87.9676,43.1193],[-87.97624,43.11934],[-87.98116,43.11933],[-87.98097,43.12969],[-87.98574,43.13394],[-87.98456,43.13394]]]}},{"type":"Feature","properties":{"GEOID":"55079001200","NAME":"Census Tract 12","COUNTY":"Milwaukee","ALAND":1225463,"AWATER":0,"lng":-87.98625,"lat":43.12621,"ALAND_SQMI":0.4732,"nb":["55079000600","55079001100","55079001300","55079001800","55079001900"]},"geometry":{"type":"Polygon","coordinates":[[[-87.99094,43.12486],[-87.99089,43.12952],[-87.99085,43.13399],[-87.98574,43.13394],[-87.98097,43.12969],[-87.98116,43.11933],[-87.98361,43.11933],[-87.98834,43.11936],[-87.9911,43.11941],[-87.99094,43.12486]]]}},{"type":"Feature","properties":{"GEOID":"55079001300","NAME":"Census Tract 13","COUNTY":"Milwaukee","ALAND":1975478,"AWATER":0,"lng":-87.99843,"lat":43.12677,"ALAND_SQMI":0.7627,"nb":["55079000600","55079001200","55079001400","55079001500","55079001600","55079001800","55079001900"]},"geometry":{"type":"Polygon","coordinates":[[[-88.00596,43.12687],[-88.00589,43.12953],[-88.00567,43.13415],[-87.99085,43.13399],[-87.99089,43.12952],[-87.99094,43.12486],[-87.9911,43.11941],[-87.99477,43.11947],[-87.9973,43.1195],[-87.99853,43.11951],[-88.00102,43.11953],[-88.00221,43.11954],[-88.00406,43.11946],[-88.006,43.11953],[-88.00596,43.12687]]]}},{"type":"Feature","properties":{"GEOID":"55079001400","NAME":"Census Tract 14","COUNTY":"Milwaukee","ALAND":1111241,"AWATER":0,"lng":-88.01654,"lat":43.1309,"ALAND_SQMI":0.4291,"nb":["55079000304","55079000502","55079000600","55079001300","55079001500"]},"geometry":{"type":"Polygon","coordinates":[[[-88.02544,43.13406],[-88.01565,43.1341],[-88.01561,43.13411],[-88.01072,43.13412],[-88.00567,43.13415],[-88.00589,43.12953],[-88.01576,43.12786],[-88.02094,43.12696],[-88.02568,43.12616],[-88.02544,43.13406]]]}},{"type":"Feature","properties":{"GEOID":"55079001500","NAME":"Census Tract 15","COUNTY":"Milwaukee","ALAND":1484773,"AWATER":0,"lng":-88.01521,"lat":43.12375,"ALAND_SQMI":0.5733,"nb":["55079000502","55079001300","55079001400","55079001600","55079001800"]},"geometry":{"type":"Polygon","coordinates":[[[-88.02568,43.12616],[-88.02094,43.12696],[-88.01576,43.12786],[-88.00589,43.12953],[-88.00596,43.12687],[-88.006,43.11953],[-88.00978,43.11957],[-88.01206,43.11957],[-88.01404,43.11956],[-88.02588,43.11951],[-88.02568,43.12616]]]}},{"type":"Feature","properties":{"GEOID":"55079001600","NAME":"Census Tract 16","COUNTY":"Milwaukee","ALAND":1318148,"AWATER":0,"lng":-88.016,"lat":43.11588,"ALAND_SQMI":0.5089,"nb":["55079000501","55079000502","55079001300","55079001500","55079001700","55079001800","55079003000"]},"geometry":{"type":"Polygon","coordinates":[[[-88.02588,43.11951],[-88.01404,43.11956],[-88.01206,43.11957],[-88.00978,43.11957],[-88.006,43.11953],[-88.00605,43.11228],[-88.00755,43.11227],[-88.01461,43.11224],[-88.0158,43.11224],[-88.01693,43.11224],[-88.02316,43.11224],[-88.02461,43.11159],[-88.02593,43.11258],[-88.02588,43.11951]]]}},{"type":"Feature","properties":{"GEOID":"55079001700","NAME":"Census Tract 17","COUNTY":"Milwaukee","ALAND":1324195,"AWATER":0,"lng":-88.0162,"lat":43.10856,"ALAND_SQMI":0.5113,"nb":["55079000501","55079000502","55079001600","55079001800","55079003000","55079003200","55079003300"]},"geometry":{"type":"Polygon","coordinates":[[[-88.0275,43.10545],[-88.02604,43.10779],[-88.02593,43.11258],[-88.02461,43.11159],[-88.02316,43.11224],[-88.01693,43.11224],[-88.0158,43.11224],[-88.01461,43.11224],[-88.00755,43.11227],[-88.00605,43.11228],[-88.00611,43.10626],[-88.00649,43.105],[-88.01179,43.10499],[-88.01359,43.10499],[-88.0172,43.10498],[-88.01855,43.10498],[-88.02468,43.10497],[-88.02751,43.10496],[-88.0275,43.10545]]]}},{"type":"Feature","properties":{"GEOID":"55079001800","NAME":"Census Tract 18","COUNTY":"Milwaukee","ALAND":985112,"AWATER":0,"lng":-87.99853,"lat":43.11585,"ALAND_SQMI":0.3804,"nb":["55079001200","55079001300","55079001500","55079001600","55079001700","55079001900","55079003000"]},"geometry":{"type":"Polygon","coordinates":[[[-88.006,43.11953],[-88.00406,43.11946],[-88.00221,43.11954],[-88.00102,43.11953],[-87.99853,43.11951],[-87.9973,43.1195],[-87.99477,43.11947],[-87.9911,43.11941],[-87.99104,43.11625],[-87.99117,43.1121],[-87.99361,43.11213],[-87.99484,43.11214],[-87.99607,43.11216],[-88.00145,43.11225],[-88.00194,43.11267],[-88.00255,43.11232],[-88.00353,43.11222],[-88.00605,43.11228],[-88.006,43.11953]]]}},{"type":"Feature","properties":{"GEOID":"55079001900","NAME":"Census Tract 19","COUNTY":"Milwaukee","ALAND":979288,"AWATER":0,"lng":-87.98368,"lat":43.11569,"ALAND_SQMI":0.3781,"nb":["55079001100","55079001200","55079001300","55079001800","55079002000","55079002800","55079002900","55079003000"]},"geometry":{"type":"Polygon","coordinates":[[[-87.99104,43.11625],[-87.9911,43.11941],[-87.98834,43.11936],[-87.98361,43.11933],[-87.98116,43.11933],[-87.97624,43.11934],[-87.97628,43.11566],[-87.97632,43.11199],[-87.98125,43.11201],[-87.98495,43.11203],[-87.98619,43.11204],[-87.99046,43.11209],[-87.99117,43.1121],[-87.99104,43.11625]]]}},{"type":"Feature","properties":{"GEOID":"55079002000","NAME":"Census Tract 20","COUNTY":"Milwaukee","ALAND":1059898,"AWATER":17008,"lng":-87.96816,"lat":43.11563,"ALAND_SQMI":0.4092,"nb":["55079001000","55079001100","55079001900","55079002100","55079002400","55079002500","55079002800","55079002900"]},"geometry":{"type":"Polygon","coordinates":[[[-87.97628,43.11566],[-87.97624,43.11934],[-87.9676,43.1193],[-87.96627,43.11929],[-87.9635,43.1192],[-87.95991,43.11918],[-87.96,43.11561],[-87.96004,43.11378],[-87.96008,43.11194],[-87.96108,43.11194],[-87.96332,43.11195],[-87.96641,43.11196],[-87.96893,43.11197],[-87.97131,43.11198],[-87.97632,43.11199],[-87.97628,43.11566]]]}},{"type":"Feature","properties":{"GEOID":"55079002100","NAME":"Census Tract 21","COUNTY":"Milwaukee","ALAND":898165,"AWATER":0,"lng":-87.95316,"lat":43.11554,"ALAND_SQMI":0.3468,"nb":["55079001000","55079002000","55079002200","55079002300","55079002400"]},"geometry":{"type":"Polygon","coordinates":[[[-87.96004,43.11378],[-87.96,43.11561],[-87.95991,43.11918],[-87.95625,43.11916],[-87.95059,43.11928],[-87.94626,43.11913],[-87.94647,43.11182],[-87.954,43.11189],[-87.96008,43.11194],[-87.96004,43.11378]]]}},{"type":"Feature","properties":{"GEOID":"55079002200","NAME":"Census Tract 22","COUNTY":"Milwaukee","ALAND":1138518,"AWATER":3717,"lng":-87.93355,"lat":43.11459,"ALAND_SQMI":0.4396,"nb":["55079001000","55079002100","55079002300","55079002400","55079060200"]},"geometry":{"type":"Polygon","coordinates":[[[-87.94626,43.11913],[-87.94544,43.11912],[-87.94504,43.11738],[-87.94603,43.11551],[-87.94389,43.11546],[-87.94396,43.11321],[-87.94575,43.11335],[-87.9453,43.11227],[-87.94359,43.11297],[-87.9434,43.11544],[-87.9385,43.11538],[-87.94005,43.11702],[-87.94005,43.11903],[-87.93486,43.11894],[-87.93325,43.11527],[-87.92733,43.11517],[-87.92771,43.11881],[-87.92083,43.1187],[-87.92365,43.11524],[-87.92422,43.11117],[-87.92808,43.11023],[-87.92981,43.10903],[-87.93212,43.11368],[-87.93286,43.11161],[-87.937,43.11167],[-87.93912,43.11171],[-87.94238,43.11222],[-87.94647,43.11182],[-87.94626,43.11913]]]}},{"type":"Feature","properties":{"GEOID":"55079002300","NAME":"Census Tract 23","COUNTY":"Milwaukee","ALAND":1843973,"AWATER":0,"lng":-87.9363,"lat":43.10593,"ALAND_SQMI":0.712,"nb":["55079002100","55079002200","55079002400","55079004300","55079060200"]},"geometry":{"type":"Polygon","coordinates":[[[-87.94654,43.10838],[-87.9465,43.1104],[-87.94647,43.11182],[-87.94238,43.11222],[-87.93912,43.11171],[-87.937,43.11167],[-87.93286,43.11161],[-87.93212,43.11368],[-87.92981,43.10903],[-87.93095,43.10799],[-87.93018,43.10689],[-87.9263,43.10546],[-87.92505,43.10031],[-87.92859,43.10042],[-87.92704,43.09776],[-87.92766,43.09796],[-87.94286,43.10285],[-87.94637,43.10397],[-87.94666,43.1045],[-87.94654,43.10838]]]}},{"type":"Feature","properties":{"GEOID":"55079002400","NAME":"Census Tract 24","COUNTY":"Milwaukee","ALAND":1160508,"AWATER":0,"lng":-87.95184,"lat":43.10639,"ALAND_SQMI":0.4481,"nb":["55079002000","55079002100","55079002200","55079002300","55079002500","55079002600","55079004100","55079004200","55079004300"]},"geometry":{"type":"Polygon","coordinates":[[[-87.96008,43.11194],[-87.954,43.11189],[-87.94647,43.11182],[-87.9465,43.1104],[-87.94654,43.10838],[-87.94666,43.1045],[-87.94637,43.10397],[-87.94548,43.10224],[-87.94372,43.09893],[-87.94535,43.09896],[-87.94577,43.10082],[-87.94676,43.10083],[-87.95301,43.10085],[-87.95441,43.10062],[-87.95656,43.10076],[-87.95681,43.10076],[-87.95658,43.10461],[-87.95655,43.10641],[-87.95778,43.10642],[-87.95691,43.10825],[-87.96108,43.11194],[-87.96008,43.11194]]]}},{"type":"Feature","properties":{"GEOID":"55079002500","NAME":"Census Tract 25","COUNTY":"Milwaukee","ALAND":555002,"AWATER":0,"lng":-87.96212,"lat":43.10796,"ALAND_SQMI":0.2143,"nb":["55079002000","55079002400","55079002600","55079002700","55079002800"]},"geometry":{"type":"Polygon","coordinates":[[[-87.96641,43.11196],[-87.96332,43.11195],[-87.96108,43.11194],[-87.95691,43.10825],[-87.95778,43.10642],[-87.95655,43.10641],[-87.95658,43.10461],[-87.96273,43.10462],[-87.96653,43.10462],[-87.96641,43.11196]]]}},{"type":"Feature","properties":{"GEOID":"55079002600","NAME":"Census Tract 26","COUNTY":"Milwaukee","ALAND":697794,"AWATER":0,"lng":-87.96193,"lat":43.10067,"ALAND_SQMI":0.2694,"nb":["55079002400","55079002500","55079002700","55079002800","55079004000","55079004100"]},"geometry":{"type":"Polygon","coordinates":[[[-87.96696,43.09741],[-87.96691,43.09895],[-87.96681,43.10257],[-87.9668,43.1034],[-87.96653,43.10462],[-87.96273,43.10462],[-87.95658,43.10461],[-87.95681,43.10076],[-87.95833,43.10076],[-87.95758,43.09895],[-87.95681,43.09692],[-87.95685,43.09654],[-87.95811,43.09652],[-87.95989,43.09652],[-87.96167,43.09665],[-87.96699,43.09685],[-87.96696,43.09741]]]}},{"type":"Feature","properties":{"GEOID":"55079002700","NAME":"Census Tract 27","COUNTY":"Milwaukee","ALAND":686072,"AWATER":0,"lng":-87.97177,"lat":43.10082,"ALAND_SQMI":0.2649,"nb":["55079002500","55079002600","55079002800","55079002900","55079003100","55079003600","55079004000","55079004100"]},"geometry":{"type":"Polygon","coordinates":[[[-87.97684,43.09923],[-87.97672,43.10391],[-87.97654,43.10465],[-87.97396,43.10464],[-87.97028,43.10463],[-87.96653,43.10462],[-87.9668,43.1034],[-87.96681,43.10257],[-87.96691,43.09895],[-87.96696,43.09741],[-87.96699,43.09685],[-87.97221,43.09688],[-87.9734,43.0972],[-87.97689,43.09721],[-87.97684,43.09923]]]}},{"type":"Feature","properties":{"GEOID":"55079002800","NAME":"Census Tract 28","COUNTY":"Milwaukee","ALAND":657403,"AWATER":0,"lng":-87.97142,"lat":43.10831,"ALAND_SQMI":0.2538,"nb":["55079001900","55079002000","55079002500","55079002600","55079002700","55079002900","55079003100"]},"geometry":{"type":"Polygon","coordinates":[[[-87.97641,43.10519],[-87.97632,43.11199],[-87.97131,43.11198],[-87.96893,43.11197],[-87.96641,43.11196],[-87.96653,43.10462],[-87.97028,43.10463],[-87.97396,43.10464],[-87.97654,43.10465],[-87.97641,43.10519]]]}},{"type":"Feature","properties":{"GEOID":"55079002900","NAME":"Census Tract 29","COUNTY":"Milwaukee","ALAND":656552,"AWATER":0,"lng":-87.98132,"lat":43.10834,"ALAND_SQMI":0.2535,"nb":["55079001900","55079002000","55079002700","55079002800","55079003000","55079003100"]},"geometry":{"type":"Polygon","coordinates":[[[-87.98631,43.10567],[-87.98619,43.11204],[-87.98495,43.11203],[-87.98125,43.11201],[-87.97632,43.11199],[-87.97641,43.10519],[-87.97654,43.10465],[-87.98136,43.10468],[-87.98649,43.10471],[-87.98631,43.10567]]]}},{"type":"Feature","properties":{"GEOID":"55079003000","NAME":"Census Tract 30","COUNTY":"Milwaukee","ALAND":1312377,"AWATER":0,"lng":-87.99619,"lat":43.10852,"ALAND_SQMI":0.5067,"nb":["55079001600","55079001700","55079001800","55079001900","55079002900","55079003100","55079003200","55079003300"]},"geometry":{"type":"Polygon","coordinates":[[[-88.00611,43.10626],[-88.00605,43.11228],[-88.00353,43.11222],[-88.00255,43.11232],[-88.00194,43.11267],[-88.00145,43.11225],[-87.99607,43.11216],[-87.99484,43.11214],[-87.99361,43.11213],[-87.99117,43.1121],[-87.99046,43.11209],[-87.98619,43.11204],[-87.98631,43.10567],[-87.98649,43.10471],[-87.98648,43.1047],[-87.98971,43.10476],[-87.99306,43.10481],[-87.99377,43.10482],[-87.99508,43.10485],[-88.00071,43.10492],[-88.00331,43.10496],[-88.00649,43.105],[-88.00611,43.10626]]]}},{"type":"Feature","properties":{"GEOID":"55079003100","NAME":"Census Tract 31","COUNTY":"Milwaukee","ALAND":1253608,"AWATER":0,"lng":-87.98608,"lat":43.10093,"ALAND_SQMI":0.484,"nb":["55079002700","55079002800","55079002900","55079003000","55079003200","55079003500","55079003600","55079004000"]},"geometry":{"type":"Polygon","coordinates":[[[-87.99565,43.09916],[-87.99556,43.10266],[-87.99504,43.10331],[-87.99306,43.10481],[-87.98971,43.10476],[-87.98648,43.1047],[-87.98649,43.10471],[-87.98136,43.10468],[-87.97654,43.10465],[-87.97672,43.10391],[-87.97684,43.09923],[-87.97689,43.09721],[-87.98507,43.09726],[-87.98677,43.0969],[-87.98677,43.09726],[-87.98744,43.09726],[-87.98936,43.09726],[-87.99445,43.09726],[-87.99568,43.09726],[-87.99565,43.09916]]]}},{"type":"Feature","properties":{"GEOID":"55079003200","NAME":"Census Tract 32","COUNTY":"Milwaukee","ALAND":813100,"AWATER":0,"lng":-88.00112,"lat":43.10115,"ALAND_SQMI":0.3139,"nb":["55079001700","55079003000","55079003100","55079003300","55079003400","55079003500"]},"geometry":{"type":"Polygon","coordinates":[[[-88.00705,43.09911],[-88.00687,43.10372],[-88.00649,43.105],[-88.00331,43.10496],[-88.00071,43.10492],[-87.99508,43.10485],[-87.99377,43.10482],[-87.99306,43.10481],[-87.99504,43.10331],[-87.99556,43.10266],[-87.99565,43.09916],[-87.99568,43.09726],[-87.99945,43.09725],[-88.00314,43.09723],[-88.0071,43.09721],[-88.00705,43.09911]]]}},{"type":"Feature","properties":{"GEOID":"55079003300","NAME":"Census Tract 33","COUNTY":"Milwaukee","ALAND":1471143,"AWATER":0,"lng":-88.0173,"lat":43.10105,"ALAND_SQMI":0.568,"nb":["55079000501","55079001700","55079003000","55079003200","55079003400","55079003500","55079090100"]},"geometry":{"type":"Polygon","coordinates":[[[-88.02752,43.10445],[-88.02751,43.10496],[-88.02468,43.10497],[-88.01855,43.10498],[-88.0172,43.10498],[-88.01359,43.10499],[-88.01179,43.10499],[-88.00649,43.105],[-88.00687,43.10372],[-88.00705,43.09911],[-88.0071,43.09721],[-88.01608,43.0971],[-88.01741,43.09709],[-88.02252,43.09704],[-88.02764,43.09698],[-88.02752,43.10445]]]}},{"type":"Feature","properties":{"GEOID":"55079003400","NAME":"Census Tract 34","COUNTY":"Milwaukee","ALAND":2041542,"AWATER":0,"lng":-88.0246,"lat":43.09347,"ALAND_SQMI":0.7882,"nb":["55079003200","55079003300","55079003500","55079005100","55079005200","55079005400","55079005500","55079090100","55079090200"]},"geometry":{"type":"Polygon","coordinates":[[[-88.0477,43.09021],[-88.0427,43.09067],[-88.04266,43.09806],[-88.03764,43.09806],[-88.031,43.09765],[-88.03066,43.09694],[-88.03484,43.09467],[-88.03638,43.09518],[-88.03698,43.09691],[-88.03668,43.09074],[-88.03271,43.0914],[-88.03302,43.08985],[-88.03159,43.08984],[-88.03146,43.09154],[-88.02964,43.0902],[-88.02771,43.09019],[-88.02764,43.09698],[-88.02252,43.09704],[-88.01741,43.09709],[-88.01608,43.0971],[-88.0071,43.09721],[-88.00723,43.08999],[-88.01238,43.08995],[-88.01627,43.08991],[-88.01758,43.0899],[-88.02266,43.08983],[-88.02771,43.08976],[-88.02903,43.08872],[-88.03461,43.08872],[-88.03539,43.08975],[-88.0394,43.08975],[-88.0477,43.08972],[-88.0477,43.09021]]]}},{"type":"Feature","properties":{"GEOID":"55079003500","NAME":"Census Tract 35","COUNTY":"Milwaukee","ALAND":1158403,"AWATER":0,"lng":-87.9983,"lat":43.09363,"ALAND_SQMI":0.4473,"nb":["55079003100","55079003200","55079003300","55079003400","55079003600","55079005100","55079005200"]},"geometry":{"type":"Polygon","coordinates":[[[-88.0071,43.09721],[-88.00314,43.09723],[-87.99945,43.09725],[-87.99568,43.09726],[-87.99445,43.09726],[-87.98936,43.09726],[-87.98952,43.09003],[-87.9946,43.09003],[-87.99945,43.09001],[-88.00302,43.09001],[-88.00415,43.09001],[-88.00723,43.08999],[-88.0071,43.09721]]]}},{"type":"Feature","properties":{"GEOID":"55079003600","NAME":"Census Tract 36","COUNTY":"Milwaukee","ALAND":1007038,"AWATER":0,"lng":-87.98321,"lat":43.09273,"ALAND_SQMI":0.3888,"nb":["55079002700","55079003100","55079003500","55079003700","55079003800","55079004000","55079005100"]},"geometry":{"type":"Polygon","coordinates":[[[-87.98952,43.09003],[-87.98936,43.09726],[-87.98744,43.09726],[-87.98677,43.09726],[-87.98677,43.0969],[-87.98507,43.09726],[-87.97689,43.09721],[-87.97706,43.08996],[-87.9771,43.08802],[-87.98091,43.08806],[-87.9832,43.08893],[-87.98525,43.08818],[-87.98954,43.0881],[-87.98952,43.09003]]]}},{"type":"Feature","properties":{"GEOID":"55079003700","NAME":"Census Tract 37","COUNTY":"Milwaukee","ALAND":635345,"AWATER":0,"lng":-87.98337,"lat":43.08544,"ALAND_SQMI":0.2453,"nb":["55079003600","55079003800","55079004900","55079005000","55079005100"]},"geometry":{"type":"Polygon","coordinates":[[[-87.98954,43.0881],[-87.98525,43.08818],[-87.9832,43.08893],[-87.98091,43.08806],[-87.9771,43.08802],[-87.97721,43.08257],[-87.98097,43.08261],[-87.98329,43.08263],[-87.98713,43.08267],[-87.98964,43.08266],[-87.98954,43.0881]]]}},{"type":"Feature","properties":{"GEOID":"55079003800","NAME":"Census Tract 38","COUNTY":"Milwaukee","ALAND":666717,"AWATER":0,"lng":-87.97213,"lat":43.08623,"ALAND_SQMI":0.2574,"nb":["55079003600","55079003700","55079003900","55079004000","55079004100","55079004800","55079004900","55079005000"]},"geometry":{"type":"Polygon","coordinates":[[[-87.9771,43.08802],[-87.97706,43.08996],[-87.97472,43.08995],[-87.97349,43.08992],[-87.96853,43.0899],[-87.96701,43.08988],[-87.96724,43.08251],[-87.9709,43.08253],[-87.97455,43.08255],[-87.97721,43.08257],[-87.9771,43.08802]]]}},{"type":"Feature","properties":{"GEOID":"55079003900","NAME":"Census Tract 39","COUNTY":"Milwaukee","ALAND":669222,"AWATER":0,"lng":-87.96213,"lat":43.0862,"ALAND_SQMI":0.2584,"nb":["55079003800","55079004000","55079004100","55079004700","55079004800","55079004900"]},"geometry":{"type":"Polygon","coordinates":[[[-87.96701,43.08988],[-87.96214,43.0899],[-87.95836,43.08992],[-87.95709,43.08992],[-87.95715,43.08596],[-87.95719,43.08252],[-87.96316,43.08251],[-87.96724,43.08251],[-87.96701,43.08988]]]}},{"type":"Feature","properties":{"GEOID":"55079004000","NAME":"Census Tract 40","COUNTY":"Milwaukee","ALAND":637861,"AWATER":0,"lng":-87.97205,"lat":43.09346,"ALAND_SQMI":0.2463,"nb":["55079002600","55079002700","55079003100","55079003600","55079003800","55079003900","55079004100"]},"geometry":{"type":"Polygon","coordinates":[[[-87.97689,43.09721],[-87.9734,43.0972],[-87.97221,43.09688],[-87.96699,43.09685],[-87.96704,43.09341],[-87.96701,43.08988],[-87.96853,43.0899],[-87.97349,43.08992],[-87.97472,43.08995],[-87.97706,43.08996],[-87.97689,43.09721]]]}},{"type":"Feature","properties":{"GEOID":"55079004100","NAME":"Census Tract 41","COUNTY":"Milwaukee","ALAND":1431476,"AWATER":0,"lng":-87.95678,"lat":43.09411,"ALAND_SQMI":0.5527,"nb":["55079002400","55079002600","55079002700","55079003800","55079003900","55079004000","55079004200","55079004700"]},"geometry":{"type":"Polygon","coordinates":[[[-87.96704,43.09341],[-87.96699,43.09685],[-87.96167,43.09665],[-87.95989,43.09652],[-87.95811,43.09652],[-87.95685,43.09654],[-87.95681,43.09692],[-87.95758,43.09895],[-87.95833,43.10076],[-87.95681,43.10076],[-87.95656,43.10076],[-87.95441,43.10062],[-87.95301,43.10085],[-87.95045,43.0994],[-87.95051,43.09515],[-87.94687,43.09516],[-87.94701,43.0898],[-87.95709,43.08992],[-87.95836,43.08992],[-87.96214,43.0899],[-87.96701,43.08988],[-87.96704,43.09341]]]}},{"type":"Feature","properties":{"GEOID":"55079004200","NAME":"Census Tract 42","COUNTY":"Milwaukee","ALAND":689736,"AWATER":0,"lng":-87.94545,"lat":43.09517,"ALAND_SQMI":0.2663,"nb":["55079002400","55079004100","55079004300","55079004700"]},"geometry":{"type":"Polygon","coordinates":[[[-87.95301,43.10085],[-87.94676,43.10083],[-87.94577,43.10082],[-87.94535,43.09896],[-87.94372,43.09893],[-87.9419,43.09546],[-87.94061,43.09289],[-87.9388,43.08963],[-87.93947,43.08965],[-87.94201,43.0897],[-87.94472,43.08975],[-87.94574,43.08978],[-87.94701,43.0898],[-87.94687,43.09516],[-87.95051,43.09515],[-87.95045,43.0994],[-87.95301,43.10085]]]}},{"type":"Feature","properties":{"GEOID":"55079004300","NAME":"Census Tract 43","COUNTY":"Milwaukee","ALAND":1987853,"AWATER":0,"lng":-87.93225,"lat":43.0948,"ALAND_SQMI":0.7675,"nb":["55079002300","55079002400","55079004200","55079004400","55079004500","55079004600","55079004700","55079060200"]},"geometry":{"type":"Polygon","coordinates":[[[-87.94637,43.10397],[-87.94286,43.10285],[-87.92766,43.09796],[-87.92704,43.09776],[-87.92506,43.09457],[-87.92207,43.09454],[-87.91707,43.09525],[-87.91904,43.09479],[-87.91711,43.093],[-87.91712,43.09254],[-87.91719,43.08931],[-87.92185,43.08934],[-87.92461,43.08936],[-87.92709,43.08938],[-87.92957,43.08944],[-87.93207,43.08949],[-87.93446,43.08954],[-87.93706,43.0896],[-87.9388,43.08963],[-87.94061,43.09289],[-87.9419,43.09546],[-87.94372,43.09893],[-87.94548,43.10224],[-87.94637,43.10397]]]}},{"type":"Feature","properties":{"GEOID":"55079004400","NAME":"Census Tract 44","COUNTY":"Milwaukee","ALAND":2230454,"AWATER":162274,"lng":-87.90611,"lat":43.0893,"ALAND_SQMI":0.8612,"nb":["55079004300","55079004500","55079006900","55079007200","55079007300","55079060200","55079070300","55079080100","55079080400"]},"geometry":{"type":"Polygon","coordinates":[[[-87.9173,43.08552],[-87.91719,43.08931],[-87.91712,43.09254],[-87.917,43.09241],[-87.91656,43.0898],[-87.90788,43.08975],[-87.90782,43.0915],[-87.9077,43.09895],[-87.90994,43.10085],[-87.91281,43.10137],[-87.91688,43.10335],[-87.91695,43.10463],[-87.90959,43.10452],[-87.90886,43.10403],[-87.90712,43.10401],[-87.90706,43.10031],[-87.90635,43.0978],[-87.90097,43.09566],[-87.90093,43.09318],[-87.89967,43.0902],[-87.89822,43.08917],[-87.89326,43.08577],[-87.89163,43.08194],[-87.89218,43.0819],[-87.89754,43.08197],[-87.90125,43.082],[-87.905,43.08204],[-87.90748,43.08205],[-87.9108,43.08207],[-87.9174,43.0821],[-87.9173,43.08552]]]}},{"type":"Feature","properties":{"GEOID":"55079004500","NAME":"Census Tract 45","COUNTY":"Milwaukee","ALAND":686808,"AWATER":0,"lng":-87.92227,"lat":43.08551,"ALAND_SQMI":0.2652,"nb":["55079004300","55079004400","55079004600","55079006800","55079006900"]},"geometry":{"type":"Polygon","coordinates":[[[-87.92709,43.08938],[-87.92461,43.08936],[-87.92185,43.08934],[-87.91719,43.08931],[-87.9173,43.08552],[-87.9174,43.0821],[-87.91839,43.08171],[-87.9206,43.08163],[-87.92238,43.08164],[-87.92485,43.08166],[-87.92608,43.08167],[-87.9273,43.08167],[-87.92709,43.08938]]]}},{"type":"Feature","properties":{"GEOID":"55079004600","NAME":"Census Tract 46","COUNTY":"Milwaukee","ALAND":683593,"AWATER":0,"lng":-87.93211,"lat":43.08569,"ALAND_SQMI":0.2639,"nb":["55079004300","55079004500","55079004700","55079006500","55079006600","55079006800"]},"geometry":{"type":"Polygon","coordinates":[[[-87.93706,43.0896],[-87.93446,43.08954],[-87.93207,43.08949],[-87.92957,43.08944],[-87.92709,43.08938],[-87.9273,43.08167],[-87.92977,43.08172],[-87.93343,43.08179],[-87.93455,43.08181],[-87.93483,43.08231],[-87.93721,43.08236],[-87.93706,43.0896]]]}},{"type":"Feature","properties":{"GEOID":"55079004700","NAME":"Census Tract 47","COUNTY":"Milwaukee","ALAND":1438654,"AWATER":0,"lng":-87.94762,"lat":43.08578,"ALAND_SQMI":0.5555,"nb":["55079003900","55079004100","55079004200","55079004300","55079004600","55079004800","55079006300","55079006500","55079006600"]},"geometry":{"type":"Polygon","coordinates":[[[-87.95719,43.08252],[-87.95715,43.08596],[-87.95709,43.08992],[-87.94701,43.0898],[-87.94574,43.08978],[-87.94472,43.08975],[-87.94201,43.0897],[-87.93947,43.08965],[-87.9388,43.08963],[-87.93706,43.0896],[-87.93721,43.08236],[-87.93969,43.08241],[-87.9411,43.08244],[-87.94219,43.08246],[-87.94369,43.08249],[-87.9459,43.08254],[-87.94714,43.08351],[-87.94718,43.08115],[-87.95331,43.08114],[-87.95722,43.08113],[-87.95719,43.08252]]]}},{"type":"Feature","properties":{"GEOID":"55079004800","NAME":"Census Tract 48","COUNTY":"Milwaukee","ALAND":997450,"AWATER":0,"lng":-87.96231,"lat":43.07703,"ALAND_SQMI":0.3851,"nb":["55079003800","55079003900","55079004700","55079004900","55079006100","55079006200","55079006300","55079008900"]},"geometry":{"type":"Polygon","coordinates":[[[-87.96737,43.07519],[-87.96733,43.07699],[-87.9673,43.07912],[-87.96724,43.08251],[-87.96316,43.08251],[-87.95719,43.08252],[-87.95722,43.08113],[-87.95725,43.07912],[-87.95728,43.07702],[-87.95733,43.07337],[-87.95736,43.07156],[-87.96447,43.07154],[-87.96742,43.07155],[-87.96737,43.07519]]]}},{"type":"Feature","properties":{"GEOID":"55079004900","NAME":"Census Tract 49","COUNTY":"Milwaukee","ALAND":987987,"AWATER":0,"lng":-87.97232,"lat":43.07706,"ALAND_SQMI":0.3815,"nb":["55079003700","55079003800","55079003900","55079004800","55079005000","55079006000","55079006100"]},"geometry":{"type":"Polygon","coordinates":[[[-87.97721,43.08257],[-87.97455,43.08255],[-87.9709,43.08253],[-87.96724,43.08251],[-87.9673,43.07912],[-87.96733,43.07699],[-87.96737,43.07519],[-87.96742,43.07155],[-87.96872,43.07156],[-87.96991,43.07157],[-87.97114,43.07158],[-87.97237,43.07159],[-87.97487,43.07161],[-87.9774,43.07162],[-87.97721,43.08257]]]}},{"type":"Feature","properties":{"GEOID":"55079005000","NAME":"Census Tract 50","COUNTY":"Milwaukee","ALAND":1140724,"AWATER":0,"lng":-87.98324,"lat":43.07666,"ALAND_SQMI":0.4404,"nb":["55079003700","55079003800","55079004900","55079005100","55079005800","55079005900","55079006000"]},"geometry":{"type":"Polygon","coordinates":[[[-87.99238,43.07536],[-87.98732,43.07536],[-87.98713,43.08267],[-87.98329,43.08263],[-87.98097,43.08261],[-87.97721,43.08257],[-87.9774,43.07162],[-87.97861,43.07164],[-87.98094,43.07166],[-87.99199,43.07168],[-87.99151,43.07461],[-87.99238,43.07536]]]}},{"type":"Feature","properties":{"GEOID":"55079005100","NAME":"Census Tract 51","COUNTY":"Milwaukee","ALAND":2429564,"AWATER":0,"lng":-87.9976,"lat":43.08264,"ALAND_SQMI":0.9381,"nb":["55079003400","55079003500","55079003600","55079003700","55079005000","55079005200","55079005300","55079005800"]},"geometry":{"type":"Polygon","coordinates":[[[-88.00732,43.08262],[-88.0073,43.08445],[-88.00723,43.08999],[-88.00415,43.09001],[-88.00302,43.09001],[-87.99945,43.09001],[-87.9946,43.09003],[-87.98952,43.09003],[-87.98954,43.0881],[-87.98964,43.08266],[-87.98713,43.08267],[-87.98732,43.07536],[-87.99238,43.07536],[-87.9973,43.07536],[-88.00129,43.07535],[-88.00736,43.07793],[-88.00732,43.08262]]]}},{"type":"Feature","properties":{"GEOID":"55079005200","NAME":"Census Tract 52","COUNTY":"Milwaukee","ALAND":686287,"AWATER":0,"lng":-88.01242,"lat":43.08626,"ALAND_SQMI":0.265,"nb":["55079003400","55079003500","55079005100","55079005300","55079005400"]},"geometry":{"type":"Polygon","coordinates":[[[-88.01758,43.0899],[-88.01627,43.08991],[-88.01238,43.08995],[-88.00723,43.08999],[-88.0073,43.08445],[-88.00732,43.08262],[-88.01243,43.08257],[-88.01755,43.08251],[-88.01757,43.08616],[-88.01758,43.08975],[-88.01758,43.0899]]]}},{"type":"Feature","properties":{"GEOID":"55079005300","NAME":"Census Tract 53","COUNTY":"Milwaukee","ALAND":670712,"AWATER":0,"lng":-88.01243,"lat":43.07892,"ALAND_SQMI":0.259,"nb":["55079005100","55079005200","55079005400","55079005700","55079005800"]},"geometry":{"type":"Polygon","coordinates":[[[-88.01755,43.08251],[-88.01243,43.08257],[-88.00732,43.08262],[-88.00736,43.07793],[-88.00738,43.07532],[-88.01366,43.07525],[-88.01746,43.07521],[-88.01753,43.08066],[-88.01753,43.08121],[-88.01755,43.08251]]]}},{"type":"Feature","properties":{"GEOID":"55079005400","NAME":"Census Tract 54","COUNTY":"Milwaukee","ALAND":1346019,"AWATER":0,"lng":-88.0226,"lat":43.08248,"ALAND_SQMI":0.5197,"nb":["55079003400","55079005200","55079005300","55079005500","55079005600","55079005700"]},"geometry":{"type":"Polygon","coordinates":[[[-88.02771,43.08976],[-88.02266,43.08983],[-88.01758,43.0899],[-88.01758,43.08975],[-88.01757,43.08616],[-88.01755,43.08251],[-88.01753,43.08121],[-88.01753,43.08066],[-88.01746,43.07521],[-88.01881,43.07519],[-88.02503,43.07509],[-88.02759,43.07505],[-88.02761,43.07697],[-88.02763,43.07879],[-88.02768,43.08419],[-88.02768,43.08502],[-88.02771,43.08976]]]}},{"type":"Feature","properties":{"GEOID":"55079005500","NAME":"Census Tract 55","COUNTY":"Milwaukee","ALAND":1286825,"AWATER":0,"lng":-88.03284,"lat":43.08244,"ALAND_SQMI":0.4968,"nb":["55079003400","55079005400","55079005600","55079090200","55079090300"]},"geometry":{"type":"Polygon","coordinates":[[[-88.0394,43.08975],[-88.03539,43.08975],[-88.03461,43.08872],[-88.02903,43.08872],[-88.02771,43.08976],[-88.02768,43.08502],[-88.02768,43.08419],[-88.02763,43.07879],[-88.02761,43.07697],[-88.02759,43.07505],[-88.03562,43.07501],[-88.03561,43.07479],[-88.03838,43.07498],[-88.03798,43.07542],[-88.03387,43.07614],[-88.03419,43.07813],[-88.03521,43.07778],[-88.03687,43.07869],[-88.03874,43.07891],[-88.0384,43.08378],[-88.03775,43.08411],[-88.0384,43.08411],[-88.03823,43.08916],[-88.0394,43.08975]]]}},{"type":"Feature","properties":{"GEOID":"55079005600","NAME":"Census Tract 56","COUNTY":"Milwaukee","ALAND":1236487,"AWATER":0,"lng":-88.02756,"lat":43.07105,"ALAND_SQMI":0.4774,"nb":["55079005400","55079005500","55079005700","55079090300","55079090700","55079090800"]},"geometry":{"type":"Polygon","coordinates":[[[-88.03841,43.06759],[-88.03522,43.07188],[-88.03561,43.07479],[-88.03562,43.07501],[-88.02759,43.07505],[-88.02503,43.07509],[-88.01881,43.07519],[-88.01857,43.06742],[-88.02249,43.06736],[-88.02501,43.06732],[-88.02753,43.06728],[-88.03729,43.06712],[-88.03841,43.06759]]]}},{"type":"Feature","properties":{"GEOID":"55079005700","NAME":"Census Tract 57","COUNTY":"Milwaukee","ALAND":796893,"AWATER":0,"lng":-88.01306,"lat":43.0714,"ALAND_SQMI":0.3077,"nb":["55079005300","55079005400","55079005600","55079005800","55079090800","55079090900"]},"geometry":{"type":"Polygon","coordinates":[[[-88.01881,43.07519],[-88.01746,43.07521],[-88.01366,43.07525],[-88.00738,43.07532],[-88.00741,43.07168],[-88.00743,43.06947],[-88.00744,43.06762],[-88.01245,43.06751],[-88.01745,43.06744],[-88.01857,43.06742],[-88.01881,43.07519]]]}},{"type":"Feature","properties":{"GEOID":"55079005800","NAME":"Census Tract 58","COUNTY":"Milwaukee","ALAND":1012035,"AWATER":0,"lng":-87.99986,"lat":43.07229,"ALAND_SQMI":0.3907,"nb":["55079005000","55079005100","55079005300","55079005700","55079005900","55079090900","55079091000"]},"geometry":{"type":"Polygon","coordinates":[[[-88.00741,43.07168],[-88.00738,43.07532],[-88.00736,43.07793],[-88.00129,43.07535],[-87.9973,43.07536],[-87.99238,43.07536],[-87.99151,43.07461],[-87.99199,43.07168],[-87.99205,43.07052],[-87.99335,43.06908],[-87.99353,43.06804],[-87.99481,43.06804],[-87.99743,43.06803],[-87.99965,43.06804],[-88.00186,43.06805],[-88.0024,43.06947],[-88.00517,43.06947],[-88.00743,43.06947],[-88.00741,43.07168]]]}},{"type":"Feature","properties":{"GEOID":"55079005900","NAME":"Census Tract 59","COUNTY":"Milwaukee","ALAND":850828,"AWATER":0,"lng":-87.98529,"lat":43.0682,"ALAND_SQMI":0.3285,"nb":["55079005000","55079005800","55079006000","55079009200","55079009300","55079091000"]},"geometry":{"type":"Polygon","coordinates":[[[-87.99353,43.06804],[-87.99335,43.06908],[-87.99205,43.07052],[-87.99199,43.07168],[-87.98094,43.07166],[-87.97861,43.07164],[-87.97864,43.06979],[-87.97867,43.06798],[-87.97869,43.06612],[-87.97871,43.0643],[-87.9819,43.06432],[-87.9875,43.06438],[-87.9892,43.06435],[-87.98918,43.06617],[-87.98918,43.06761],[-87.99085,43.06758],[-87.9921,43.06618],[-87.99354,43.06619],[-87.99353,43.06804]]]}},{"type":"Feature","properties":{"GEOID":"55079006000","NAME":"Census Tract 60","COUNTY":"Milwaukee","ALAND":414269,"AWATER":0,"lng":-87.97554,"lat":43.06795,"ALAND_SQMI":0.16,"nb":["55079004900","55079005000","55079005900","55079006100","55079009100","55079009200","55079009300"]},"geometry":{"type":"Polygon","coordinates":[[[-87.97869,43.06612],[-87.97867,43.06798],[-87.97864,43.06979],[-87.97861,43.07164],[-87.9774,43.07162],[-87.97487,43.07161],[-87.97237,43.07159],[-87.97244,43.0661],[-87.97246,43.06428],[-87.97752,43.0643],[-87.97871,43.0643],[-87.97869,43.06612]]]}},{"type":"Feature","properties":{"GEOID":"55079006100","NAME":"Census Tract 61","COUNTY":"Milwaukee","ALAND":520490,"AWATER":0,"lng":-87.96848,"lat":43.06791,"ALAND_SQMI":0.201,"nb":["55079004800","55079004900","55079006000","55079006200","55079009000","55079009100","55079009200"]},"geometry":{"type":"Polygon","coordinates":[[[-87.97244,43.0661],[-87.97237,43.07159],[-87.97114,43.07158],[-87.96991,43.07157],[-87.96872,43.07156],[-87.96742,43.07155],[-87.96447,43.07154],[-87.96451,43.06971],[-87.96454,43.0679],[-87.96456,43.06607],[-87.96459,43.06426],[-87.97001,43.06426],[-87.97246,43.06428],[-87.97244,43.0661]]]}},{"type":"Feature","properties":{"GEOID":"55079006200","NAME":"Census Tract 62","COUNTY":"Milwaukee","ALAND":470068,"AWATER":0,"lng":-87.96097,"lat":43.0679,"ALAND_SQMI":0.1815,"nb":["55079004800","55079006100","55079006300","55079008900","55079009000","55079009100","55079009800"]},"geometry":{"type":"Polygon","coordinates":[[[-87.96456,43.06607],[-87.96454,43.0679],[-87.96451,43.06971],[-87.96447,43.07154],[-87.95736,43.07156],[-87.95739,43.06973],[-87.95741,43.0679],[-87.95744,43.06607],[-87.95747,43.06426],[-87.96459,43.06426],[-87.96456,43.06607]]]}},{"type":"Feature","properties":{"GEOID":"55079006300","NAME":"Census Tract 63","COUNTY":"Milwaukee","ALAND":867874,"AWATER":0,"lng":-87.95228,"lat":43.07636,"ALAND_SQMI":0.3351,"nb":["55079004700","55079004800","55079006200","55079006400","55079006500","55079008800","55079008900"]},"geometry":{"type":"Polygon","coordinates":[[[-87.95733,43.07337],[-87.95728,43.07702],[-87.95725,43.07912],[-87.95722,43.08113],[-87.95331,43.08114],[-87.94718,43.08115],[-87.94726,43.07702],[-87.94729,43.07523],[-87.94732,43.07339],[-87.94734,43.07158],[-87.94982,43.07157],[-87.95272,43.07157],[-87.95395,43.07156],[-87.95736,43.07156],[-87.95733,43.07337]]]}},{"type":"Feature","properties":{"GEOID":"55079006400","NAME":"Census Tract 64","COUNTY":"Milwaukee","ALAND":488483,"AWATER":0,"lng":-87.94235,"lat":43.07422,"ALAND_SQMI":0.1886,"nb":["55079006300","55079006500","55079006600","55079008600","55079008700","55079008800"]},"geometry":{"type":"Polygon","coordinates":[[[-87.94732,43.07339],[-87.94729,43.07523],[-87.94726,43.07702],[-87.94475,43.07697],[-87.94228,43.07694],[-87.93876,43.07688],[-87.93733,43.07683],[-87.93735,43.07577],[-87.93737,43.07508],[-87.9374,43.07324],[-87.93743,43.07144],[-87.9424,43.0715],[-87.94734,43.07158],[-87.94732,43.07339]]]}},{"type":"Feature","properties":{"GEOID":"55079006500","NAME":"Census Tract 65","COUNTY":"Milwaukee","ALAND":501873,"AWATER":0,"lng":-87.94229,"lat":43.07973,"ALAND_SQMI":0.1938,"nb":["55079004600","55079004700","55079006300","55079006400","55079006600"]},"geometry":{"type":"Polygon","coordinates":[[[-87.94718,43.08115],[-87.94714,43.08351],[-87.9459,43.08254],[-87.94369,43.08249],[-87.94219,43.08246],[-87.9411,43.08244],[-87.93969,43.08241],[-87.93721,43.08236],[-87.93733,43.07683],[-87.93876,43.07688],[-87.94228,43.07694],[-87.94475,43.07697],[-87.94726,43.07702],[-87.94718,43.08115]]]}},{"type":"Feature","properties":{"GEOID":"55079006600","NAME":"Census Tract 66","COUNTY":"Milwaukee","ALAND":944299,"AWATER":0,"lng":-87.93135,"lat":43.07538,"ALAND_SQMI":0.3646,"nb":["55079004600","55079004700","55079006400","55079006500","55079006700","55079006800","55079008400","55079008500","55079008600","55079008700"]},"geometry":{"type":"Polygon","coordinates":[[[-87.9374,43.07324],[-87.93737,43.07508],[-87.93735,43.07577],[-87.93733,43.07683],[-87.93721,43.08236],[-87.93483,43.08231],[-87.93455,43.08181],[-87.93274,43.07797],[-87.92986,43.07791],[-87.92617,43.07768],[-87.92371,43.07766],[-87.92378,43.07489],[-87.92393,43.07489],[-87.92399,43.07121],[-87.92676,43.07123],[-87.92755,43.07123],[-87.92923,43.07124],[-87.93183,43.07139],[-87.9332,43.07138],[-87.93743,43.07144],[-87.9374,43.07324]]]}},{"type":"Feature","properties":{"GEOID":"55079006700","NAME":"Census Tract 67","COUNTY":"Milwaukee","ALAND":403857,"AWATER":0,"lng":-87.9204,"lat":43.07438,"ALAND_SQMI":0.1559,"nb":["55079006600","55079006800","55079007000","55079008400","55079185700"]},"geometry":{"type":"Polygon","coordinates":[[[-87.92393,43.07489],[-87.92378,43.07489],[-87.92371,43.07766],[-87.92247,43.07764],[-87.91689,43.07759],[-87.91693,43.07483],[-87.91697,43.07115],[-87.91979,43.07117],[-87.92399,43.07121],[-87.92393,43.07489]]]}},{"type":"Feature","properties":{"GEOID":"55079006800","NAME":"Census Tract 68","COUNTY":"Milwaukee","ALAND":597800,"AWATER":0,"lng":-87.92507,"lat":43.07968,"ALAND_SQMI":0.2308,"nb":["55079004500","55079004600","55079006600","55079006700","55079006900","55079007000"]},"geometry":{"type":"Polygon","coordinates":[[[-87.93343,43.08179],[-87.92977,43.08172],[-87.9273,43.08167],[-87.92608,43.08167],[-87.92485,43.08166],[-87.92238,43.08164],[-87.9206,43.08163],[-87.91839,43.08171],[-87.91656,43.07955],[-87.91544,43.07758],[-87.91689,43.07759],[-87.92247,43.07764],[-87.92371,43.07766],[-87.92617,43.07768],[-87.92986,43.07791],[-87.93274,43.07797],[-87.93455,43.08181],[-87.93343,43.08179]]]}},{"type":"Feature","properties":{"GEOID":"55079006900","NAME":"Census Tract 69","COUNTY":"Milwaukee","ALAND":503376,"AWATER":0,"lng":-87.91079,"lat":43.07979,"ALAND_SQMI":0.1944,"nb":["55079004400","55079004500","55079006800","55079007000","55079007100","55079007200"]},"geometry":{"type":"Polygon","coordinates":[[[-87.9174,43.0821],[-87.9108,43.08207],[-87.90748,43.08205],[-87.905,43.08204],[-87.90498,43.08013],[-87.90517,43.07658],[-87.90765,43.0766],[-87.90762,43.07755],[-87.91092,43.07756],[-87.91544,43.07758],[-87.91656,43.07955],[-87.91839,43.08171],[-87.9174,43.0821]]]}},{"type":"Feature","properties":{"GEOID":"55079007000","NAME":"Census Tract 70","COUNTY":"Milwaukee","ALAND":663450,"AWATER":0,"lng":-87.91123,"lat":43.07425,"ALAND_SQMI":0.2562,"nb":["55079006700","55079006800","55079006900","55079007100","55079007200","55079008000","55079008100","55079185700"]},"geometry":{"type":"Polygon","coordinates":[[[-87.91693,43.07483],[-87.91689,43.07759],[-87.91544,43.07758],[-87.91092,43.07756],[-87.90762,43.07755],[-87.90765,43.0766],[-87.90517,43.07658],[-87.90523,43.07475],[-87.90525,43.07295],[-87.90526,43.07114],[-87.90954,43.07108],[-87.91402,43.07112],[-87.91697,43.07115],[-87.91693,43.07483]]]}},{"type":"Feature","properties":{"GEOID":"55079007100","NAME":"Census Tract 71","COUNTY":"Milwaukee","ALAND":367623,"AWATER":0,"lng":-87.90149,"lat":43.07384,"ALAND_SQMI":0.1419,"nb":["55079006900","55079007000","55079007200","55079007900","55079008000","55079008100"]},"geometry":{"type":"Polygon","coordinates":[[[-87.90525,43.07295],[-87.90523,43.07475],[-87.90517,43.07658],[-87.90144,43.07656],[-87.8977,43.07653],[-87.89778,43.07291],[-87.8978,43.07116],[-87.8978,43.07109],[-87.89911,43.0711],[-87.90032,43.07111],[-87.90526,43.07114],[-87.90525,43.07295]]]}},{"type":"Feature","properties":{"GEOID":"55079007200","NAME":"Census Tract 72","COUNTY":"Milwaukee","ALAND":813990,"AWATER":31817,"lng":-87.89792,"lat":43.07775,"ALAND_SQMI":0.3143,"nb":["55079004400","55079006900","55079007000","55079007100","55079007300","55079007800","55079007900"]},"geometry":{"type":"Polygon","coordinates":[[[-87.90498,43.08013],[-87.905,43.08204],[-87.90125,43.082],[-87.89754,43.08197],[-87.89218,43.0819],[-87.89327,43.07802],[-87.89268,43.07413],[-87.8932,43.07109],[-87.8978,43.07116],[-87.89778,43.07291],[-87.8977,43.07653],[-87.90144,43.07656],[-87.90517,43.07658],[-87.90498,43.08013]]]}},{"type":"Feature","properties":{"GEOID":"55079007300","NAME":"Census Tract 73","COUNTY":"Milwaukee","ALAND":661433,"AWATER":37659,"lng":-87.88812,"lat":43.07791,"ALAND_SQMI":0.2554,"nb":["55079004400","55079007200","55079007400","55079007500","55079007800","55079007900","55079080400"]},"geometry":{"type":"Polygon","coordinates":[[[-87.89327,43.07802],[-87.89218,43.0819],[-87.89163,43.08194],[-87.88766,43.08193],[-87.88519,43.08193],[-87.88276,43.08193],[-87.88283,43.07765],[-87.8829,43.07464],[-87.88786,43.07465],[-87.89146,43.07468],[-87.8915,43.07286],[-87.89152,43.07107],[-87.8932,43.07109],[-87.89268,43.07413],[-87.89327,43.07802]]]}},{"type":"Feature","properties":{"GEOID":"55079007400","NAME":"Census Tract 74","COUNTY":"Milwaukee","ALAND":913229,"AWATER":476790,"lng":-87.87575,"lat":43.0781,"ALAND_SQMI":0.3526,"nb":["55079007300","55079007500","55079007800","55079080300","55079080400","55079980000"]},"geometry":{"type":"Polygon","coordinates":[[[-87.88283,43.07765],[-87.88276,43.08193],[-87.8827,43.08193],[-87.87546,43.08192],[-87.87291,43.08192],[-87.87011,43.08188],[-87.87022,43.08056],[-87.86871,43.07808],[-87.86664,43.07467],[-87.8671,43.07469],[-87.87199,43.07462],[-87.87562,43.07463],[-87.8829,43.07464],[-87.88283,43.07765]]]}},{"type":"Feature","properties":{"GEOID":"55079007500","NAME":"Census Tract 75","COUNTY":"Milwaukee","ALAND":690878,"AWATER":0,"lng":-87.87772,"lat":43.07106,"ALAND_SQMI":0.2667,"nb":["55079007300","55079007400","55079007600","55079007700","55079007800","55079980000"]},"geometry":{"type":"Polygon","coordinates":[[[-87.88297,43.071],[-87.88294,43.07281],[-87.8829,43.07464],[-87.87562,43.07463],[-87.87199,43.07462],[-87.87215,43.07277],[-87.87232,43.07096],[-87.87341,43.06732],[-87.88302,43.06737],[-87.88297,43.071]]]}},{"type":"Feature","properties":{"GEOID":"55079007600","NAME":"Census Tract 76","COUNTY":"Milwaukee","ALAND":579007,"AWATER":0,"lng":-87.87863,"lat":43.064,"ALAND_SQMI":0.2236,"nb":["55079007500","55079007700","55079007800","55079010800","55079186900","55079187000","55079980000"]},"geometry":{"type":"Polygon","coordinates":[[[-87.88311,43.06079],[-87.88306,43.06372],[-87.88304,43.06491],[-87.88303,43.06609],[-87.88302,43.06737],[-87.87341,43.06732],[-87.87285,43.06509],[-87.87358,43.06389],[-87.8752,43.06221],[-87.87664,43.06078],[-87.87873,43.06009],[-87.87937,43.0594],[-87.88046,43.06011],[-87.88376,43.06011],[-87.88311,43.06079]]]}},{"type":"Feature","properties":{"GEOID":"55079007700","NAME":"Census Tract 77","COUNTY":"Milwaukee","ALAND":679121,"AWATER":21023,"lng":-87.88837,"lat":43.06386,"ALAND_SQMI":0.2622,"nb":["55079007500","55079007600","55079007800","55079007900","55079010700","55079010800","55079011200","55079187000"]},"geometry":{"type":"Polygon","coordinates":[[[-87.89472,43.06741],[-87.88672,43.06739],[-87.88302,43.06737],[-87.88303,43.06609],[-87.88304,43.06491],[-87.88306,43.06372],[-87.88311,43.06079],[-87.88376,43.06011],[-87.89163,43.06015],[-87.89191,43.06015],[-87.89365,43.06017],[-87.89293,43.06332],[-87.89505,43.06792],[-87.89472,43.06741]]]}},{"type":"Feature","properties":{"GEOID":"55079007800","NAME":"Census Tract 78","COUNTY":"Milwaukee","ALAND":639253,"AWATER":11000,"lng":-87.88805,"lat":43.07074,"ALAND_SQMI":0.2468,"nb":["55079007200","55079007300","55079007400","55079007500","55079007600","55079007700","55079007900"]},"geometry":{"type":"Polygon","coordinates":[[[-87.89484,43.06861],[-87.8932,43.07109],[-87.89152,43.07107],[-87.8915,43.07286],[-87.89146,43.07468],[-87.88786,43.07465],[-87.8829,43.07464],[-87.88294,43.07281],[-87.88297,43.071],[-87.88302,43.06737],[-87.88672,43.06739],[-87.89472,43.06741],[-87.89505,43.06792],[-87.89484,43.06861]]]}},{"type":"Feature","properties":{"GEOID":"55079007900","NAME":"Census Tract 79","COUNTY":"Milwaukee","ALAND":534569,"AWATER":24150,"lng":-87.89678,"lat":43.06596,"ALAND_SQMI":0.2064,"nb":["55079007100","55079007200","55079007300","55079007700","55079007800","55079008000","55079010700","55079011200"]},"geometry":{"type":"Polygon","coordinates":[[[-87.90035,43.06746],[-87.90032,43.07111],[-87.89911,43.0711],[-87.8978,43.07109],[-87.8978,43.07116],[-87.8932,43.07109],[-87.89484,43.06861],[-87.89505,43.06792],[-87.89293,43.06332],[-87.89365,43.06017],[-87.89793,43.0602],[-87.89791,43.06201],[-87.89789,43.06381],[-87.9004,43.06382],[-87.90035,43.06746]]]}},{"type":"Feature","properties":{"GEOID":"55079008000","NAME":"Census Tract 80","COUNTY":"Milwaukee","ALAND":326024,"AWATER":0,"lng":-87.90283,"lat":43.06748,"ALAND_SQMI":0.1259,"nb":["55079007000","55079007100","55079007900","55079008100","55079010600","55079010700"]},"geometry":{"type":"Polygon","coordinates":[[[-87.9053,43.06749],[-87.90526,43.07114],[-87.90032,43.07111],[-87.90035,43.06746],[-87.9004,43.06382],[-87.90534,43.06385],[-87.9053,43.06749]]]}},{"type":"Feature","properties":{"GEOID":"55079008100","NAME":"Census Tract 81","COUNTY":"Milwaukee","ALAND":278881,"AWATER":0,"lng":-87.90744,"lat":43.06749,"ALAND_SQMI":0.1077,"nb":["55079007000","55079007100","55079008000","55079010600","55079010700","55079185600","55079185700"]},"geometry":{"type":"Polygon","coordinates":[[[-87.90958,43.06752],[-87.90956,43.06935],[-87.90954,43.07108],[-87.90526,43.07114],[-87.9053,43.06749],[-87.90534,43.06385],[-87.90962,43.06389],[-87.90958,43.06752]]]}},{"type":"Feature","properties":{"GEOID":"55079008400","NAME":"Census Tract 84","COUNTY":"Milwaukee","ALAND":456634,"AWATER":0,"lng":-87.92333,"lat":43.06758,"ALAND_SQMI":0.1763,"nb":["55079006600","55079006700","55079008500","55079185500","55079185600","55079185700"]},"geometry":{"type":"Polygon","coordinates":[[[-87.92682,43.06766],[-87.92676,43.07123],[-87.92399,43.07121],[-87.91979,43.07117],[-87.91982,43.06943],[-87.91984,43.0676],[-87.91987,43.06394],[-87.92686,43.064],[-87.92682,43.06766]]]}},{"type":"Feature","properties":{"GEOID":"55079008500","NAME":"Census Tract 85","COUNTY":"Milwaukee","ALAND":398854,"AWATER":0,"lng":-87.92987,"lat":43.06777,"ALAND_SQMI":0.154,"nb":["55079006600","55079008400","55079008600","55079185400","55079185500"]},"geometry":{"type":"Polygon","coordinates":[[[-87.93322,43.06957],[-87.9332,43.07138],[-87.93183,43.07139],[-87.92923,43.07124],[-87.92755,43.07123],[-87.92676,43.07123],[-87.92682,43.06766],[-87.92686,43.064],[-87.93261,43.06408],[-87.93255,43.06773],[-87.93325,43.06774],[-87.93322,43.06957]]]}},{"type":"Feature","properties":{"GEOID":"55079008600","NAME":"Census Tract 86","COUNTY":"Milwaukee","ALAND":302060,"AWATER":0,"lng":-87.93518,"lat":43.06763,"ALAND_SQMI":0.1166,"nb":["55079006400","55079006600","55079008500","55079008700","55079185400","55079185500"]},"geometry":{"type":"Polygon","coordinates":[[[-87.93748,43.0678],[-87.93745,43.06963],[-87.93743,43.07144],[-87.9332,43.07138],[-87.93322,43.06957],[-87.93325,43.06774],[-87.93255,43.06773],[-87.93261,43.06408],[-87.93754,43.06416],[-87.93748,43.0678]]]}},{"type":"Feature","properties":{"GEOID":"55079008700","NAME":"Census Tract 87","COUNTY":"Milwaukee","ALAND":329089,"AWATER":0,"lng":-87.93997,"lat":43.06783,"ALAND_SQMI":0.1271,"nb":["55079006400","55079006600","55079008600","55079008800","55079009900","55079185400"]},"geometry":{"type":"Polygon","coordinates":[[[-87.94246,43.06785],[-87.9424,43.0715],[-87.93743,43.07144],[-87.93745,43.06963],[-87.93748,43.0678],[-87.93754,43.06416],[-87.94253,43.06422],[-87.94246,43.06785]]]}},{"type":"Feature","properties":{"GEOID":"55079008800","NAME":"Census Tract 88","COUNTY":"Milwaukee","ALAND":490357,"AWATER":0,"lng":-87.94619,"lat":43.06793,"ALAND_SQMI":0.1893,"nb":["55079006300","55079006400","55079008700","55079008900","55079009900","55079185400"]},"geometry":{"type":"Polygon","coordinates":[[[-87.94988,43.06791],[-87.94982,43.07157],[-87.94734,43.07158],[-87.9424,43.0715],[-87.94246,43.06785],[-87.94253,43.06422],[-87.94382,43.06451],[-87.94621,43.06423],[-87.94993,43.06424],[-87.94988,43.06791]]]}},{"type":"Feature","properties":{"GEOID":"55079008900","NAME":"Census Tract 89","COUNTY":"Milwaukee","ALAND":596895,"AWATER":0,"lng":-87.95335,"lat":43.06702,"ALAND_SQMI":0.2305,"nb":["55079004800","55079006200","55079006300","55079008800","55079009000","55079009800","55079009900"]},"geometry":{"type":"Polygon","coordinates":[[[-87.95744,43.06607],[-87.95741,43.0679],[-87.95739,43.06973],[-87.95736,43.07156],[-87.95395,43.07156],[-87.95272,43.07157],[-87.94982,43.07157],[-87.94988,43.06791],[-87.94993,43.06424],[-87.94997,43.06244],[-87.9512,43.06101],[-87.95309,43.06061],[-87.95406,43.06425],[-87.95747,43.06426],[-87.95744,43.06607]]]}},{"type":"Feature","properties":{"GEOID":"55079009000","NAME":"Census Tract 90","COUNTY":"Milwaukee","ALAND":503057,"AWATER":0,"lng":-87.96108,"lat":43.06036,"ALAND_SQMI":0.1942,"nb":["55079006100","55079006200","55079008900","55079009100","55079009600","55079009700","55079009800"]},"geometry":{"type":"Polygon","coordinates":[[[-87.96466,43.05924],[-87.96462,43.06244],[-87.96459,43.06426],[-87.95747,43.06426],[-87.95749,43.06245],[-87.95754,43.05924],[-87.95757,43.05645],[-87.9647,43.05646],[-87.96466,43.05924]]]}},{"type":"Feature","properties":{"GEOID":"55079009100","NAME":"Census Tract 91","COUNTY":"Milwaukee","ALAND":508700,"AWATER":0,"lng":-87.96852,"lat":43.06072,"ALAND_SQMI":0.1964,"nb":["55079006000","55079006100","55079006200","55079009000","55079009200","55079009500","55079009600"]},"geometry":{"type":"Polygon","coordinates":[[[-87.97246,43.06428],[-87.97001,43.06426],[-87.96459,43.06426],[-87.96462,43.06244],[-87.96466,43.05924],[-87.9647,43.05646],[-87.96505,43.05646],[-87.967,43.05749],[-87.97192,43.0571],[-87.97244,43.05711],[-87.97243,43.05926],[-87.97251,43.06064],[-87.97246,43.06428]]]}},{"type":"Feature","properties":{"GEOID":"55079009200","NAME":"Census Tract 92","COUNTY":"Milwaukee","ALAND":407898,"AWATER":0,"lng":-87.97561,"lat":43.0607,"ALAND_SQMI":0.1575,"nb":["55079005900","55079006000","55079006100","55079009100","55079009300","55079009400","55079009500"]},"geometry":{"type":"Polygon","coordinates":[[[-87.97877,43.05929],[-87.97875,43.06066],[-87.97871,43.0643],[-87.97752,43.0643],[-87.97246,43.06428],[-87.97251,43.06064],[-87.97243,43.05926],[-87.97244,43.05711],[-87.97878,43.05714],[-87.97877,43.05929]]]}},{"type":"Feature","properties":{"GEOID":"55079009300","NAME":"Census Tract 93","COUNTY":"Milwaukee","ALAND":570520,"AWATER":0,"lng":-87.98315,"lat":43.06074,"ALAND_SQMI":0.2203,"nb":["55079005900","55079006000","55079009200","55079009400","55079009500","55079090900","55079091000"]},"geometry":{"type":"Polygon","coordinates":[[[-87.98754,43.0607],[-87.9875,43.06438],[-87.9819,43.06432],[-87.97871,43.0643],[-87.97875,43.06066],[-87.97877,43.05929],[-87.97878,43.05714],[-87.9853,43.05717],[-87.98756,43.05712],[-87.98754,43.0607]]]}},{"type":"Feature","properties":{"GEOID":"55079009400","NAME":"Census Tract 94","COUNTY":"Milwaukee","ALAND":604148,"AWATER":0,"lng":-87.98309,"lat":43.05335,"ALAND_SQMI":0.2333,"nb":["55079009200","55079009300","55079009500","55079012400","55079090900","55079091100","55079091200"]},"geometry":{"type":"Polygon","coordinates":[[[-87.98756,43.05542],[-87.98756,43.0571],[-87.98756,43.05712],[-87.9853,43.05717],[-87.97878,43.05714],[-87.97879,43.05521],[-87.9788,43.05293],[-87.9788,43.05158],[-87.97882,43.0491],[-87.98755,43.04999],[-87.98757,43.05297],[-87.98756,43.05542]]]}},{"type":"Feature","properties":{"GEOID":"55079009500","NAME":"Census Tract 95","COUNTY":"Milwaukee","ALAND":510256,"AWATER":0,"lng":-87.97536,"lat":43.05303,"ALAND_SQMI":0.197,"nb":["55079009100","55079009200","55079009300","55079009400","55079009600","55079012400"]},"geometry":{"type":"Polygon","coordinates":[[[-87.9788,43.05158],[-87.9788,43.05293],[-87.97879,43.05521],[-87.97878,43.05714],[-87.97244,43.05711],[-87.97192,43.0571],[-87.97195,43.05294],[-87.97194,43.05267],[-87.97208,43.04881],[-87.97303,43.04878],[-87.97882,43.0491],[-87.9788,43.05158]]]}},{"type":"Feature","properties":{"GEOID":"55079009600","NAME":"Census Tract 96","COUNTY":"Milwaukee","ALAND":993228,"AWATER":43754,"lng":-87.96495,"lat":43.0528,"ALAND_SQMI":0.3835,"nb":["55079009000","55079009100","55079009500","55079009700","55079009800","55079012200","55079012300","55079012400"]},"geometry":{"type":"Polygon","coordinates":[[[-87.97194,43.05267],[-87.97195,43.05294],[-87.97192,43.0571],[-87.967,43.05749],[-87.96505,43.05646],[-87.9647,43.05646],[-87.95757,43.05645],[-87.95762,43.05149],[-87.95763,43.05012],[-87.95764,43.04872],[-87.96541,43.04878],[-87.97208,43.04881],[-87.97194,43.05267]]]}},{"type":"Feature","properties":{"GEOID":"55079009700","NAME":"Census Tract 97","COUNTY":"Milwaukee","ALAND":446218,"AWATER":0,"lng":-87.95263,"lat":43.05394,"ALAND_SQMI":0.1723,"nb":["55079009000","55079009600","55079009800","55079009900","55079012200","55079185800","55079186100"]},"geometry":{"type":"Polygon","coordinates":[[[-87.95757,43.05645],[-87.95173,43.0564],[-87.94995,43.05639],[-87.94757,43.05638],[-87.94775,43.05141],[-87.95228,43.05145],[-87.95762,43.05149],[-87.95757,43.05645]]]}},{"type":"Feature","properties":{"GEOID":"55079009800","NAME":"Census Tract 98","COUNTY":"Milwaukee","ALAND":440162,"AWATER":0,"lng":-87.95416,"lat":43.05975,"ALAND_SQMI":0.1699,"nb":["55079006200","55079008900","55079009000","55079009600","55079009700","55079009900"]},"geometry":{"type":"Polygon","coordinates":[[[-87.95754,43.05924],[-87.95749,43.06245],[-87.95747,43.06426],[-87.95406,43.06425],[-87.95309,43.06061],[-87.9512,43.06101],[-87.94997,43.06244],[-87.94995,43.05639],[-87.95173,43.0564],[-87.95757,43.05645],[-87.95754,43.05924]]]}},{"type":"Feature","properties":{"GEOID":"55079009900","NAME":"Census Tract 99","COUNTY":"Milwaukee","ALAND":516216,"AWATER":0,"lng":-87.94632,"lat":43.06028,"ALAND_SQMI":0.1993,"nb":["55079008700","55079008800","55079008900","55079009700","55079009800","55079185400","55079185800"]},"geometry":{"type":"Polygon","coordinates":[[[-87.94997,43.06244],[-87.94993,43.06424],[-87.94621,43.06423],[-87.94382,43.06451],[-87.94253,43.06422],[-87.94361,43.06274],[-87.94255,43.06171],[-87.94266,43.05631],[-87.94633,43.05634],[-87.94757,43.05638],[-87.94995,43.05639],[-87.94997,43.06244]]]}},{"type":"Feature","properties":{"GEOID":"55079010600","NAME":"Census Tract 106","COUNTY":"Milwaukee","ALAND":290784,"AWATER":0,"lng":-87.90751,"lat":43.06014,"ALAND_SQMI":0.1123,"nb":["55079008000","55079008100","55079010700","55079011400","55079185600","55079185700"]},"geometry":{"type":"Polygon","coordinates":[[[-87.90968,43.05907],[-87.90965,43.06025],[-87.90962,43.06389],[-87.90534,43.06385],[-87.90536,43.06205],[-87.90538,43.06023],[-87.90534,43.05645],[-87.90972,43.05645],[-87.90968,43.05907]]]}},{"type":"Feature","properties":{"GEOID":"55079010700","NAME":"Census Tract 107","COUNTY":"Milwaukee","ALAND":587454,"AWATER":25046,"lng":-87.90108,"lat":43.05977,"ALAND_SQMI":0.2268,"nb":["55079007700","55079007900","55079008000","55079008100","55079010600","55079011200","55079011300","55079011400"]},"geometry":{"type":"Polygon","coordinates":[[[-87.90536,43.06205],[-87.90534,43.06385],[-87.9004,43.06382],[-87.89789,43.06381],[-87.89791,43.06201],[-87.89793,43.0602],[-87.89365,43.06017],[-87.89574,43.05734],[-87.89802,43.05711],[-87.90117,43.05669],[-87.90436,43.0545],[-87.90524,43.05533],[-87.90534,43.05645],[-87.90538,43.06023],[-87.90536,43.06205]]]}},{"type":"Feature","properties":{"GEOID":"55079010800","NAME":"Census Tract 108","COUNTY":"Milwaukee","ALAND":323872,"AWATER":0,"lng":-87.88981,"lat":43.05734,"ALAND_SQMI":0.125,"nb":["55079007600","55079007700","55079011000","55079011200","55079187000"]},"geometry":{"type":"Polygon","coordinates":[[[-87.89365,43.05696],[-87.89197,43.05766],[-87.89191,43.06015],[-87.89163,43.06015],[-87.88376,43.06011],[-87.88749,43.05621],[-87.88924,43.05615],[-87.89132,43.05398],[-87.89233,43.05293],[-87.89376,43.05294],[-87.89365,43.05696]]]}},{"type":"Feature","properties":{"GEOID":"55079011000","NAME":"Census Tract 110","COUNTY":"Milwaukee","ALAND":278908,"AWATER":0,"lng":-87.89725,"lat":43.05005,"ALAND_SQMI":0.1077,"nb":["55079010800","55079011100","55079011200","55079014300","55079186900","55079187000"]},"geometry":{"type":"Polygon","coordinates":[[[-87.89968,43.04933],[-87.89965,43.05053],[-87.8995,43.05297],[-87.89812,43.05296],[-87.89394,43.05294],[-87.89376,43.05294],[-87.89233,43.05293],[-87.89696,43.04808],[-87.89701,43.04626],[-87.89756,43.04568],[-87.89974,43.0457],[-87.89968,43.04933]]]}},{"type":"Feature","properties":{"GEOID":"55079011100","NAME":"Census Tract 111","COUNTY":"Milwaukee","ALAND":247935,"AWATER":0,"lng":-87.90155,"lat":43.04935,"ALAND_SQMI":0.0957,"nb":["55079011000","55079011200","55079011300","55079014300","55079014400"]},"geometry":{"type":"Polygon","coordinates":[[[-87.90348,43.04814],[-87.90345,43.04935],[-87.90334,43.05299],[-87.8995,43.05297],[-87.89965,43.05053],[-87.89968,43.04933],[-87.89974,43.0457],[-87.90352,43.04573],[-87.90348,43.04814]]]}},{"type":"Feature","properties":{"GEOID":"55079011200","NAME":"Census Tract 112","COUNTY":"Milwaukee","ALAND":375296,"AWATER":35020,"lng":-87.89748,"lat":43.05555,"ALAND_SQMI":0.1449,"nb":["55079007700","55079007900","55079010700","55079010800","55079011000","55079011100","55079011300","55079011400"]},"geometry":{"type":"Polygon","coordinates":[[[-87.90436,43.0545],[-87.90117,43.05669],[-87.89802,43.05711],[-87.89574,43.05734],[-87.89365,43.06017],[-87.89191,43.06015],[-87.89197,43.05766],[-87.89365,43.05696],[-87.89376,43.05294],[-87.89394,43.05294],[-87.89812,43.05296],[-87.8995,43.05297],[-87.90334,43.05299],[-87.90413,43.0543],[-87.90436,43.0545]]]}},{"type":"Feature","properties":{"GEOID":"55079011300","NAME":"Census Tract 113","COUNTY":"Milwaukee","ALAND":433647,"AWATER":37538,"lng":-87.90709,"lat":43.04884,"ALAND_SQMI":0.1674,"nb":["55079010700","55079011100","55079011200","55079011400","55079014300","55079014400","55079186300"]},"geometry":{"type":"Polygon","coordinates":[[[-87.91296,43.04722],[-87.90919,43.05005],[-87.90436,43.0545],[-87.90413,43.0543],[-87.90334,43.05299],[-87.90345,43.04935],[-87.90348,43.04814],[-87.90352,43.04573],[-87.90478,43.04574],[-87.9073,43.04576],[-87.91338,43.0457],[-87.91296,43.04722]]]}},{"type":"Feature","properties":{"GEOID":"55079011400","NAME":"Census Tract 114","COUNTY":"Milwaukee","ALAND":512182,"AWATER":39102,"lng":-87.91061,"lat":43.05264,"ALAND_SQMI":0.1978,"nb":["55079010600","55079010700","55079011200","55079011300","55079014100","55079014400","55079185600","55079186000","55079186300"]},"geometry":{"type":"Polygon","coordinates":[[[-87.9143,43.05119],[-87.91422,43.05648],[-87.90972,43.05645],[-87.90534,43.05645],[-87.90524,43.05533],[-87.90436,43.0545],[-87.90919,43.05005],[-87.91296,43.04722],[-87.91338,43.0457],[-87.91441,43.0457],[-87.9143,43.05119]]]}},{"type":"Feature","properties":{"GEOID":"55079012200","NAME":"Census Tract 122","COUNTY":"Milwaukee","ALAND":498545,"AWATER":0,"lng":-87.95271,"lat":43.04867,"ALAND_SQMI":0.1925,"nb":["55079009600","55079009700","55079012300","55079013600","55079013700","55079185800","55079186100"]},"geometry":{"type":"Polygon","coordinates":[[[-87.95765,43.04727],[-87.95764,43.04872],[-87.95763,43.05012],[-87.95762,43.05149],[-87.95228,43.05145],[-87.94775,43.05141],[-87.94776,43.05005],[-87.94776,43.04865],[-87.94777,43.04728],[-87.94777,43.04587],[-87.94887,43.04588],[-87.95766,43.04589],[-87.95765,43.04727]]]}},{"type":"Feature","properties":{"GEOID":"55079012300","NAME":"Census Tract 123","COUNTY":"Milwaukee","ALAND":766027,"AWATER":0,"lng":-87.9619,"lat":43.04357,"ALAND_SQMI":0.2958,"nb":["55079009600","55079012200","55079012400","55079012500","55079013300","55079013400","55079013500","55079013600"]},"geometry":{"type":"Polygon","coordinates":[[[-87.96694,43.04293],[-87.96496,43.04529],[-87.96541,43.04878],[-87.95764,43.04872],[-87.95765,43.04727],[-87.95766,43.04589],[-87.95767,43.04454],[-87.95768,43.04334],[-87.95769,43.04167],[-87.95769,43.0403],[-87.9577,43.03877],[-87.96517,43.03882],[-87.96639,43.03959],[-87.96736,43.04046],[-87.96694,43.04293]]]}},{"type":"Feature","properties":{"GEOID":"55079012400","NAME":"Census Tract 124","COUNTY":"Milwaukee","ALAND":1319164,"AWATER":0,"lng":-87.97664,"lat":43.04581,"ALAND_SQMI":0.5093,"nb":["55079009400","55079009500","55079009600","55079012300","55079012500","55079091100","55079091200"]},"geometry":{"type":"Polygon","coordinates":[[[-87.98755,43.04999],[-87.97882,43.0491],[-87.97303,43.04878],[-87.97208,43.04881],[-87.96541,43.04878],[-87.96496,43.04529],[-87.96694,43.04293],[-87.96736,43.04046],[-87.96885,43.04201],[-87.97158,43.04259],[-87.97319,43.04165],[-87.97532,43.0426],[-87.97838,43.04314],[-87.98752,43.04219],[-87.98753,43.04367],[-87.98735,43.04421],[-87.98755,43.04999]]]}},{"type":"Feature","properties":{"GEOID":"55079012500","NAME":"Census Tract 125","COUNTY":"Milwaukee","ALAND":1820910,"AWATER":0,"lng":-87.97662,"lat":43.03709,"ALAND_SQMI":0.7031,"nb":["55079012300","55079012400","55079012600","55079013000","55079013300","55079091200","55079091400","55079186800"]},"geometry":{"type":"Polygon","coordinates":[[[-87.98752,43.04219],[-87.97838,43.04314],[-87.97532,43.0426],[-87.97319,43.04165],[-87.97158,43.04259],[-87.96885,43.04201],[-87.96736,43.04046],[-87.96639,43.03959],[-87.96517,43.03882],[-87.96494,43.03782],[-87.96716,43.03541],[-87.96749,43.03348],[-87.96724,43.0331],[-87.96842,43.03306],[-87.97282,43.0325],[-87.97919,43.03068],[-87.9826,43.03039],[-87.98658,43.0305],[-87.98619,43.03144],[-87.98495,43.03223],[-87.98453,43.03662],[-87.98406,43.0384],[-87.98407,43.04001],[-87.98748,43.04021],[-87.98752,43.04169],[-87.98752,43.04219]]]}},{"type":"Feature","properties":{"GEOID":"55079012600","NAME":"Census Tract 126","COUNTY":"Milwaukee","ALAND":787676,"AWATER":0,"lng":-87.9943,"lat":43.03396,"ALAND_SQMI":0.3041,"nb":["55079012500","55079012700","55079012900","55079013000","55079091300","55079091400"]},"geometry":{"type":"Polygon","coordinates":[[[-88.0073,43.03523],[-88.00234,43.03569],[-88.00129,43.03413],[-87.9974,43.03407],[-87.99677,43.03407],[-87.99555,43.03606],[-87.99519,43.03652],[-87.99337,43.03613],[-87.98993,43.03631],[-87.98805,43.03702],[-87.98751,43.03644],[-87.98751,43.037],[-87.98498,43.03715],[-87.98406,43.0384],[-87.98453,43.03662],[-87.98495,43.03223],[-87.98619,43.03144],[-87.98874,43.03095],[-87.98991,43.0321],[-87.99104,43.0321],[-87.99241,43.03141],[-87.99335,43.0321],[-87.99739,43.03209],[-88.00728,43.03223],[-88.0073,43.03523]]]}},{"type":"Feature","properties":{"GEOID":"55079012700","NAME":"Census Tract 127","COUNTY":"Milwaukee","ALAND":1013136,"AWATER":0,"lng":-88.01215,"lat":43.02954,"ALAND_SQMI":0.3912,"nb":["55079012600","55079012800","55079012900","55079091300","55079100300","55079100400","55079100600"]},"geometry":{"type":"Polygon","coordinates":[[[-88.01724,43.03133],[-88.01623,43.03133],[-88.01608,43.03601],[-88.01034,43.03501],[-88.0073,43.03523],[-88.00728,43.03223],[-88.00726,43.02834],[-88.00724,43.02422],[-88.00724,43.02408],[-88.01727,43.02395],[-88.01724,43.03133]]]}},{"type":"Feature","properties":{"GEOID":"55079012800","NAME":"Census Tract 128","COUNTY":"Milwaukee","ALAND":2709462,"AWATER":19352,"lng":-88.03142,"lat":43.03058,"ALAND_SQMI":1.0461,"nb":["55079012700","55079090600","55079091300","55079100400","55079100600","55079100700","55079100800","55079185300"]},"geometry":{"type":"Polygon","coordinates":[[[-88.04721,43.03386],[-88.04704,43.03508],[-88.04226,43.03471],[-88.03138,43.03547],[-88.03155,43.03616],[-88.03158,43.03836],[-88.0219,43.03892],[-88.02189,43.03851],[-88.02186,43.03593],[-88.02363,43.03592],[-88.02358,43.03159],[-88.01724,43.03133],[-88.01727,43.02395],[-88.02354,43.02385],[-88.02518,43.02493],[-88.02731,43.02497],[-88.02926,43.02501],[-88.03622,43.02514],[-88.04235,43.02583],[-88.04489,43.02665],[-88.04587,43.03101],[-88.04717,43.03099],[-88.04717,43.03101],[-88.04721,43.03386]]]}},{"type":"Feature","properties":{"GEOID":"55079012900","NAME":"Census Tract 129","COUNTY":"Milwaukee","ALAND":1057405,"AWATER":0,"lng":-87.99988,"lat":43.02816,"ALAND_SQMI":0.4083,"nb":["55079012600","55079012700","55079013000","55079100200","55079100300"]},"geometry":{"type":"Polygon","coordinates":[[[-88.00728,43.03223],[-87.99739,43.03209],[-87.99335,43.0321],[-87.99241,43.03141],[-87.99243,43.02781],[-87.99242,43.02414],[-87.99741,43.02428],[-88.0,43.02417],[-88.00724,43.02422],[-88.00726,43.02834],[-88.00728,43.03223]]]}},{"type":"Feature","properties":{"GEOID":"55079013000","NAME":"Census Tract 130","COUNTY":"Milwaukee","ALAND":643294,"AWATER":0,"lng":-87.98769,"lat":43.02762,"ALAND_SQMI":0.2484,"nb":["55079012500","55079012600","55079012900","55079100100","55079100200","55079186800"]},"geometry":{"type":"Polygon","coordinates":[[[-87.99243,43.02781],[-87.99241,43.03141],[-87.99104,43.0321],[-87.98991,43.0321],[-87.98874,43.03095],[-87.98619,43.03144],[-87.98658,43.0305],[-87.9826,43.03039],[-87.98246,43.02413],[-87.98367,43.02403],[-87.98653,43.02405],[-87.99242,43.02414],[-87.99243,43.02781]]]}},{"type":"Feature","properties":{"GEOID":"55079013300","NAME":"Census Tract 133","COUNTY":"Milwaukee","ALAND":596295,"AWATER":0,"lng":-87.96204,"lat":43.03494,"ALAND_SQMI":0.2302,"nb":["55079012300","55079012500","55079013400","55079013500","55079186800"]},"geometry":{"type":"Polygon","coordinates":[[[-87.96749,43.03348],[-87.96716,43.03541],[-87.96494,43.03782],[-87.96517,43.03882],[-87.9577,43.03877],[-87.95773,43.03479],[-87.95774,43.03227],[-87.95774,43.0321],[-87.95774,43.03106],[-87.9652,43.0315],[-87.96724,43.0331],[-87.96749,43.03348]]]}},{"type":"Feature","properties":{"GEOID":"55079013400","NAME":"Census Tract 134","COUNTY":"Milwaukee","ALAND":561743,"AWATER":0,"lng":-87.95358,"lat":43.03483,"ALAND_SQMI":0.2169,"nb":["55079012300","55079013300","55079013500","55079014900","55079186800"]},"geometry":{"type":"Polygon","coordinates":[[[-87.95774,43.0321],[-87.95774,43.03227],[-87.95773,43.03479],[-87.9577,43.03877],[-87.95398,43.03874],[-87.95037,43.03872],[-87.95039,43.03751],[-87.95042,43.03477],[-87.94774,43.03478],[-87.94775,43.03402],[-87.94776,43.03272],[-87.9523,43.03122],[-87.95774,43.03106],[-87.95774,43.0321]]]}},{"type":"Feature","properties":{"GEOID":"55079013500","NAME":"Census Tract 135","COUNTY":"Milwaukee","ALAND":253354,"AWATER":0,"lng":-87.95264,"lat":43.04017,"ALAND_SQMI":0.0978,"nb":["55079012300","55079013300","55079013400","55079013600","55079013700","55079014900"]},"geometry":{"type":"Polygon","coordinates":[[[-87.95769,43.0403],[-87.95769,43.04167],[-87.9552,43.04167],[-87.95521,43.04079],[-87.95346,43.04166],[-87.9477,43.04165],[-87.94771,43.04027],[-87.94772,43.0387],[-87.95037,43.03872],[-87.95398,43.03874],[-87.9577,43.03877],[-87.95769,43.0403]]]}},{"type":"Feature","properties":{"GEOID":"55079013600","NAME":"Census Tract 136","COUNTY":"Milwaukee","ALAND":390886,"AWATER":0,"lng":-87.95274,"lat":43.04372,"ALAND_SQMI":0.1509,"nb":["55079012200","55079012300","55079013500","55079013700","55079186100"]},"geometry":{"type":"Polygon","coordinates":[[[-87.95768,43.04334],[-87.95767,43.04454],[-87.95766,43.04589],[-87.94887,43.04588],[-87.94777,43.04587],[-87.94778,43.04453],[-87.94769,43.04325],[-87.9477,43.04165],[-87.95346,43.04166],[-87.95521,43.04079],[-87.9552,43.04167],[-87.95769,43.04167],[-87.95768,43.04334]]]}},{"type":"Feature","properties":{"GEOID":"55079013700","NAME":"Census Tract 137","COUNTY":"Milwaukee","ALAND":315489,"AWATER":0,"lng":-87.9453,"lat":43.04229,"ALAND_SQMI":0.1218,"nb":["55079012200","55079013500","55079013600","55079014800","55079014900","55079186100"]},"geometry":{"type":"Polygon","coordinates":[[[-87.94777,43.04587],[-87.94285,43.04586],[-87.94288,43.04162],[-87.94289,43.04024],[-87.94289,43.03869],[-87.94772,43.0387],[-87.94771,43.04027],[-87.9477,43.04165],[-87.94769,43.04325],[-87.94778,43.04453],[-87.94777,43.04587]]]}},{"type":"Feature","properties":{"GEOID":"55079014100","NAME":"Census Tract 141","COUNTY":"Milwaukee","ALAND":665061,"AWATER":0,"lng":-87.92102,"lat":43.0487,"ALAND_SQMI":0.2568,"nb":["55079011400","55079014600","55079185900","55079186000","55079186200","55079186300"]},"geometry":{"type":"Polygon","coordinates":[[[-87.9271,43.0513],[-87.92709,43.05261],[-87.92429,43.05259],[-87.92292,43.05124],[-87.92014,43.05124],[-87.9143,43.05119],[-87.91441,43.0457],[-87.92712,43.04576],[-87.9271,43.0513]]]}},{"type":"Feature","properties":{"GEOID":"55079014300","NAME":"Census Tract 143","COUNTY":"Milwaukee","ALAND":251197,"AWATER":0,"lng":-87.90102,"lat":43.04277,"ALAND_SQMI":0.097,"nb":["55079011000","55079011100","55079011300","55079014400","55079186900","55079187400","55079980000"]},"geometry":{"type":"Polygon","coordinates":[[[-87.90352,43.04573],[-87.89974,43.0457],[-87.89756,43.04568],[-87.89825,43.04412],[-87.89942,43.04309],[-87.8992,43.04118],[-87.89948,43.04041],[-87.89984,43.03919],[-87.90277,43.03896],[-87.90328,43.04383],[-87.90352,43.04573]]]}},{"type":"Feature","properties":{"GEOID":"55079014400","NAME":"Census Tract 144","COUNTY":"Milwaukee","ALAND":559475,"AWATER":28273,"lng":-87.90782,"lat":43.04242,"ALAND_SQMI":0.216,"nb":["55079011100","55079011300","55079011400","55079014300","55079186300","55079187400"]},"geometry":{"type":"Polygon","coordinates":[[[-87.91338,43.0457],[-87.9073,43.04576],[-87.90478,43.04574],[-87.90352,43.04573],[-87.90328,43.04383],[-87.90277,43.03896],[-87.90653,43.03873],[-87.91017,43.03863],[-87.91046,43.03936],[-87.91252,43.04171],[-87.91328,43.04332],[-87.91338,43.0457]]]}},{"type":"Feature","properties":{"GEOID":"55079014600","NAME":"Census Tract 146","COUNTY":"Milwaukee","ALAND":404415,"AWATER":0,"lng":-87.93033,"lat":43.04238,"ALAND_SQMI":0.1561,"nb":["55079014100","55079014700","55079186200","55079186300","55079186400"]},"geometry":{"type":"Polygon","coordinates":[[[-87.93402,43.0459],[-87.93232,43.04577],[-87.92712,43.04576],[-87.92717,43.04159],[-87.92721,43.03865],[-87.93296,43.03867],[-87.93292,43.04161],[-87.93401,43.04322],[-87.93402,43.0459]]]}},{"type":"Feature","properties":{"GEOID":"55079014700","NAME":"Census Tract 147","COUNTY":"Milwaukee","ALAND":268914,"AWATER":0,"lng":-87.93551,"lat":43.04221,"ALAND_SQMI":0.1038,"nb":["55079014600","55079014800","55079186100","55079186200","55079186400"]},"geometry":{"type":"Polygon","coordinates":[[[-87.93786,43.04161],[-87.93784,43.04323],[-87.93783,43.04434],[-87.93781,43.04584],[-87.93402,43.0459],[-87.93401,43.04322],[-87.93292,43.04161],[-87.93296,43.03867],[-87.93666,43.03868],[-87.93664,43.04025],[-87.93788,43.04024],[-87.93786,43.04161]]]}},{"type":"Feature","properties":{"GEOID":"55079014800","NAME":"Census Tract 148","COUNTY":"Milwaukee","ALAND":342795,"AWATER":0,"lng":-87.94021,"lat":43.04213,"ALAND_SQMI":0.1324,"nb":["55079013700","55079014700","55079014900","55079186100","55079186200","55079186400"]},"geometry":{"type":"Polygon","coordinates":[[[-87.94289,43.04024],[-87.94288,43.04162],[-87.94285,43.04586],[-87.93781,43.04584],[-87.93783,43.04434],[-87.93784,43.04323],[-87.93786,43.04161],[-87.93788,43.04024],[-87.93664,43.04025],[-87.93666,43.03868],[-87.9379,43.03868],[-87.93939,43.03868],[-87.94159,43.03869],[-87.94289,43.03869],[-87.94289,43.04024]]]}},{"type":"Feature","properties":{"GEOID":"55079014900","NAME":"Census Tract 149","COUNTY":"Milwaukee","ALAND":356629,"AWATER":0,"lng":-87.94482,"lat":43.03704,"ALAND_SQMI":0.1377,"nb":["55079013400","55079013500","55079013700","55079014800","55079186400","55079186800"]},"geometry":{"type":"Polygon","coordinates":[[[-87.95039,43.03751],[-87.95037,43.03872],[-87.94772,43.0387],[-87.94289,43.03869],[-87.94159,43.03869],[-87.93939,43.03868],[-87.9379,43.03868],[-87.9379,43.03748],[-87.93791,43.03612],[-87.945,43.03613],[-87.94499,43.03555],[-87.94499,43.03534],[-87.94483,43.03478],[-87.94638,43.03478],[-87.94774,43.03478],[-87.95042,43.03477],[-87.95039,43.03751]]]}},{"type":"Feature","properties":{"GEOID":"55079015700","NAME":"Census Tract 157","COUNTY":"Milwaukee","ALAND":486733,"AWATER":0,"lng":-87.92778,"lat":43.02166,"ALAND_SQMI":0.1879,"nb":["55079015800","55079016300","55079016400","55079016500","55079186500","55079186800"]},"geometry":{"type":"Polygon","coordinates":[[[-87.933,43.02014],[-87.933,43.02116],[-87.933,43.02218],[-87.93299,43.02299],[-87.93304,43.02423],[-87.92253,43.02422],[-87.92254,43.02322],[-87.92254,43.02119],[-87.92253,43.01911],[-87.92675,43.0191],[-87.93306,43.0191],[-87.933,43.02014]]]}},{"type":"Feature","properties":{"GEOID":"55079015800","NAME":"Census Tract 158","COUNTY":"Milwaukee","ALAND":428515,"AWATER":0,"lng":-87.93762,"lat":43.02166,"ALAND_SQMI":0.1655,"nb":["55079015700","55079015900","55079016200","55079016300","55079016400","55079186800"]},"geometry":{"type":"Polygon","coordinates":[[[-87.94224,43.02113],[-87.94224,43.02251],[-87.94224,43.0242],[-87.93304,43.02423],[-87.93299,43.02299],[-87.933,43.02218],[-87.933,43.02116],[-87.933,43.02014],[-87.93306,43.0191],[-87.93681,43.0191],[-87.94225,43.0191],[-87.94224,43.02113]]]}},{"type":"Feature","properties":{"GEOID":"55079015900","NAME":"Census Tract 159","COUNTY":"Milwaukee","ALAND":471510,"AWATER":0,"lng":-87.94737,"lat":43.02159,"ALAND_SQMI":0.1821,"nb":["55079015800","55079016000","55079016100","55079016200","55079016300","55079186800"]},"geometry":{"type":"Polygon","coordinates":[[[-87.95264,43.02384],[-87.9478,43.02417],[-87.94224,43.0242],[-87.94224,43.02251],[-87.94224,43.02113],[-87.94225,43.0191],[-87.94364,43.01909],[-87.94641,43.01908],[-87.94911,43.01907],[-87.95258,43.01905],[-87.95258,43.02191],[-87.95264,43.02384]]]}},{"type":"Feature","properties":{"GEOID":"55079016000","NAME":"Census Tract 160","COUNTY":"Milwaukee","ALAND":395383,"AWATER":0,"lng":-87.95725,"lat":43.02135,"ALAND_SQMI":0.1527,"nb":["55079015900","55079016100","55079016200","55079110100","55079186800"]},"geometry":{"type":"Polygon","coordinates":[[[-87.96229,43.02343],[-87.95386,43.02372],[-87.95264,43.02384],[-87.95258,43.02191],[-87.95258,43.01905],[-87.95512,43.01904],[-87.95772,43.01902],[-87.96178,43.019],[-87.9617,43.02137],[-87.96233,43.02133],[-87.96229,43.02343]]]}},{"type":"Feature","properties":{"GEOID":"55079016100","NAME":"Census Tract 161","COUNTY":"Milwaukee","ALAND":594386,"AWATER":0,"lng":-87.95949,"lat":43.01611,"ALAND_SQMI":0.2295,"nb":["55079015900","55079016000","55079016200","55079017000","55079017100","55079110100"]},"geometry":{"type":"Polygon","coordinates":[[[-87.9675,43.01685],[-87.96185,43.01688],[-87.96178,43.019],[-87.95772,43.01902],[-87.95512,43.01904],[-87.95258,43.01905],[-87.95271,43.01411],[-87.95521,43.0141],[-87.9576,43.01409],[-87.95883,43.01408],[-87.962,43.01406],[-87.96272,43.01231],[-87.96269,43.01325],[-87.96655,43.01323],[-87.96751,43.01431],[-87.9675,43.01685]]]}},{"type":"Feature","properties":{"GEOID":"55079016200","NAME":"Census Tract 162","COUNTY":"Milwaukee","ALAND":463874,"AWATER":0,"lng":-87.94745,"lat":43.01661,"ALAND_SQMI":0.1791,"nb":["55079015800","55079015900","55079016000","55079016100","55079016300","55079017000","55079017100"]},"geometry":{"type":"Polygon","coordinates":[[[-87.95258,43.01905],[-87.94911,43.01907],[-87.94641,43.01908],[-87.94364,43.01909],[-87.94225,43.0191],[-87.94224,43.01702],[-87.94228,43.01417],[-87.94505,43.01417],[-87.94777,43.01415],[-87.94789,43.01414],[-87.95033,43.01412],[-87.95271,43.01411],[-87.95258,43.01905]]]}},{"type":"Feature","properties":{"GEOID":"55079016300","NAME":"Census Tract 163","COUNTY":"Milwaukee","ALAND":563205,"AWATER":0,"lng":-87.93761,"lat":43.01574,"ALAND_SQMI":0.2175,"nb":["55079015700","55079015800","55079015900","55079016200","55079016400","55079016800","55079016900","55079017000"]},"geometry":{"type":"Polygon","coordinates":[[[-87.94228,43.01417],[-87.94224,43.01702],[-87.94225,43.0191],[-87.93681,43.0191],[-87.93306,43.0191],[-87.93291,43.01702],[-87.933,43.01425],[-87.93301,43.01401],[-87.93306,43.01233],[-87.93817,43.01239],[-87.94092,43.01242],[-87.9423,43.01244],[-87.94228,43.01417]]]}},{"type":"Feature","properties":{"GEOID":"55079016400","NAME":"Census Tract 164","COUNTY":"Milwaukee","ALAND":463201,"AWATER":0,"lng":-87.92773,"lat":43.01666,"ALAND_SQMI":0.1788,"nb":["55079015700","55079015800","55079016300","55079016500","55079016700","55079016800","55079186500"]},"geometry":{"type":"Polygon","coordinates":[[[-87.93306,43.0191],[-87.92675,43.0191],[-87.92253,43.01911],[-87.92252,43.01704],[-87.92263,43.01414],[-87.92545,43.01414],[-87.92803,43.01423],[-87.933,43.01425],[-87.93291,43.01702],[-87.93306,43.0191]]]}},{"type":"Feature","properties":{"GEOID":"55079016500","NAME":"Census Tract 165","COUNTY":"Milwaukee","ALAND":1063064,"AWATER":83484,"lng":-87.91162,"lat":43.01578,"ALAND_SQMI":0.4105,"nb":["55079015700","55079016400","55079016600","55079016700","55079018000","55079186500"]},"geometry":{"type":"Polygon","coordinates":[[[-87.92252,43.01704],[-87.92253,43.01911],[-87.91967,43.01911],[-87.91675,43.01908],[-87.90986,43.01909],[-87.90738,43.02007],[-87.90739,43.0196],[-87.9033,43.01947],[-87.90239,43.01755],[-87.90428,43.01361],[-87.90591,43.01007],[-87.90834,43.00827],[-87.91117,43.01364],[-87.91117,43.01416],[-87.91623,43.01416],[-87.91847,43.01417],[-87.91981,43.01414],[-87.92263,43.01414],[-87.92252,43.01704]]]}},{"type":"Feature","properties":{"GEOID":"55079016600","NAME":"Census Tract 166","COUNTY":"Milwaukee","ALAND":603887,"AWATER":36712,"lng":-87.91392,"lat":43.00999,"ALAND_SQMI":0.2332,"nb":["55079016500","55079016700","55079017600","55079018000","55079186600"]},"geometry":{"type":"Polygon","coordinates":[[[-87.91866,43.00829],[-87.91858,43.01103],[-87.91847,43.01417],[-87.91623,43.01416],[-87.91117,43.01416],[-87.91117,43.01364],[-87.90834,43.00827],[-87.90821,43.00804],[-87.90713,43.0065],[-87.90888,43.0065],[-87.91625,43.00635],[-87.9187,43.00647],[-87.91866,43.00829]]]}},{"type":"Feature","properties":{"GEOID":"55079016700","NAME":"Census Tract 167","COUNTY":"Milwaukee","ALAND":486175,"AWATER":0,"lng":-87.92209,"lat":43.0103,"ALAND_SQMI":0.1877,"nb":["55079016400","55079016500","55079016600","55079016800","55079017500","55079017600","55079186600"]},"geometry":{"type":"Polygon","coordinates":[[[-87.92573,43.00647],[-87.92566,43.00829],[-87.9256,43.01016],[-87.92545,43.01414],[-87.92263,43.01414],[-87.91981,43.01414],[-87.91847,43.01417],[-87.91858,43.01103],[-87.91866,43.00829],[-87.9187,43.00647],[-87.92573,43.00645],[-87.92573,43.00647]]]}},{"type":"Feature","properties":{"GEOID":"55079016800","NAME":"Census Tract 168","COUNTY":"Milwaukee","ALAND":526168,"AWATER":0,"lng":-87.92935,"lat":43.01036,"ALAND_SQMI":0.2032,"nb":["55079016300","55079016400","55079016700","55079016900","55079017400","55079017500"]},"geometry":{"type":"Polygon","coordinates":[[[-87.93317,43.00838],[-87.93308,43.01019],[-87.93306,43.01233],[-87.93301,43.01401],[-87.933,43.01425],[-87.92803,43.01423],[-87.92545,43.01414],[-87.9256,43.01016],[-87.92566,43.00829],[-87.92573,43.00647],[-87.92969,43.00649],[-87.93323,43.00655],[-87.93317,43.00838]]]}},{"type":"Feature","properties":{"GEOID":"55079016900","NAME":"Census Tract 169","COUNTY":"Milwaukee","ALAND":477616,"AWATER":0,"lng":-87.93768,"lat":43.00953,"ALAND_SQMI":0.1844,"nb":["55079016300","55079016800","55079017000","55079017300","55079017400","55079017500"]},"geometry":{"type":"Polygon","coordinates":[[[-87.94231,43.01127],[-87.9423,43.01244],[-87.94092,43.01242],[-87.93817,43.01239],[-87.93306,43.01233],[-87.93308,43.01019],[-87.93317,43.00838],[-87.93323,43.00655],[-87.94233,43.00668],[-87.94177,43.00775],[-87.94237,43.00852],[-87.94231,43.01127]]]}},{"type":"Feature","properties":{"GEOID":"55079017000","NAME":"Census Tract 170","COUNTY":"Milwaukee","ALAND":705659,"AWATER":0,"lng":-87.94751,"lat":43.01041,"ALAND_SQMI":0.2725,"nb":["55079016100","55079016200","55079016300","55079016900","55079017100","55079017200","55079017300","55079017400"]},"geometry":{"type":"Polygon","coordinates":[[[-87.95279,43.01035],[-87.95271,43.01411],[-87.95033,43.01412],[-87.94789,43.01414],[-87.94777,43.01415],[-87.94505,43.01417],[-87.94228,43.01417],[-87.9423,43.01244],[-87.94231,43.01127],[-87.94237,43.00852],[-87.94177,43.00775],[-87.94233,43.00668],[-87.94793,43.00676],[-87.94804,43.00676],[-87.95289,43.00671],[-87.95279,43.01035]]]}},{"type":"Feature","properties":{"GEOID":"55079017100","NAME":"Census Tract 171","COUNTY":"Milwaukee","ALAND":675647,"AWATER":0,"lng":-87.95815,"lat":43.01059,"ALAND_SQMI":0.2609,"nb":["55079016100","55079016200","55079017000","55079017200","55079017300","55079110100"]},"geometry":{"type":"Polygon","coordinates":[[[-87.96641,43.01226],[-87.96272,43.01231],[-87.962,43.01406],[-87.95883,43.01408],[-87.9576,43.01409],[-87.95521,43.0141],[-87.95271,43.01411],[-87.95279,43.01035],[-87.95289,43.00671],[-87.95778,43.00664],[-87.96105,43.00662],[-87.96098,43.00981],[-87.96633,43.01016],[-87.96641,43.01226]]]}},{"type":"Feature","properties":{"GEOID":"55079017200","NAME":"Census Tract 172","COUNTY":"Milwaukee","ALAND":485608,"AWATER":0,"lng":-87.95618,"lat":43.00299,"ALAND_SQMI":0.1875,"nb":["55079017000","55079017100","55079017300","55079018900","55079019000","55079110100"]},"geometry":{"type":"Polygon","coordinates":[[[-87.96105,43.00662],[-87.95778,43.00664],[-87.95289,43.00671],[-87.95292,43.00488],[-87.95296,43.0031],[-87.95296,42.99947],[-87.95299,42.99792],[-87.95545,42.99645],[-87.95554,42.99944],[-87.95802,43.00036],[-87.95793,43.00303],[-87.96112,43.00299],[-87.96105,43.00662]]]}},{"type":"Feature","properties":{"GEOID":"55079017300","NAME":"Census Tract 173","COUNTY":"Milwaukee","ALAND":509429,"AWATER":0,"lng":-87.94876,"lat":43.00366,"ALAND_SQMI":0.1967,"nb":["55079016900","55079017000","55079017100","55079017200","55079017400","55079018800","55079018900"]},"geometry":{"type":"Polygon","coordinates":[[[-87.95296,43.0031],[-87.95292,43.00488],[-87.95289,43.00671],[-87.94804,43.00676],[-87.94793,43.00676],[-87.94233,43.00668],[-87.94305,43.0053],[-87.94404,43.00341],[-87.94453,43.00311],[-87.94819,43.0008],[-87.94817,42.99956],[-87.95296,42.99947],[-87.95296,43.0031]]]}},{"type":"Feature","properties":{"GEOID":"55079017400","NAME":"Census Tract 174","COUNTY":"Milwaukee","ALAND":326532,"AWATER":0,"lng":-87.9383,"lat":43.00476,"ALAND_SQMI":0.1261,"nb":["55079016800","55079016900","55079017000","55079017300","55079017500","55079018800"]},"geometry":{"type":"Polygon","coordinates":[[[-87.94404,43.00341],[-87.94305,43.0053],[-87.94233,43.00668],[-87.93323,43.00655],[-87.9333,43.00472],[-87.93337,43.00293],[-87.93554,43.00297],[-87.93825,43.00301],[-87.94453,43.00311],[-87.94404,43.00341]]]}},{"type":"Feature","properties":{"GEOID":"55079017500","NAME":"Census Tract 175","COUNTY":"Milwaukee","ALAND":488635,"AWATER":0,"lng":-87.92968,"lat":43.00287,"ALAND_SQMI":0.1887,"nb":["55079016700","55079016800","55079016900","55079017400","55079017600","55079018600","55079018700","55079018800"]},"geometry":{"type":"Polygon","coordinates":[[[-87.93337,43.00293],[-87.9333,43.00472],[-87.93323,43.00655],[-87.92969,43.00649],[-87.92573,43.00647],[-87.92573,43.00645],[-87.92604,43.00285],[-87.92607,43.00126],[-87.92612,42.9992],[-87.92991,42.99921],[-87.93354,42.99927],[-87.93337,43.00293]]]}},{"type":"Feature","properties":{"GEOID":"55079017600","NAME":"Census Tract 176","COUNTY":"Milwaukee","ALAND":471590,"AWATER":0,"lng":-87.92238,"lat":43.0028,"ALAND_SQMI":0.1821,"nb":["55079016600","55079016700","55079017500","55079018600","55079018700","55079186600"]},"geometry":{"type":"Polygon","coordinates":[[[-87.92607,43.00126],[-87.92604,43.00285],[-87.92573,43.00645],[-87.9187,43.00647],[-87.9188,43.00178],[-87.91881,43.00126],[-87.91885,42.99917],[-87.92612,42.9992],[-87.92607,43.00126]]]}},{"type":"Feature","properties":{"GEOID":"55079017900","NAME":"Census Tract 179","COUNTY":"Milwaukee","ALAND":611852,"AWATER":0,"lng":-87.90509,"lat":42.99881,"ALAND_SQMI":0.2362,"nb":["55079018000","55079018300","55079018400","55079186600"]},"geometry":{"type":"Polygon","coordinates":[[[-87.91064,42.9952],[-87.90936,42.9982],[-87.90911,42.99928],[-87.909,43.00143],[-87.90897,43.00288],[-87.90881,43.00288],[-87.90554,43.00453],[-87.90423,43.00291],[-87.90272,43.00111],[-87.90133,42.99944],[-87.89976,42.99761],[-87.89682,42.99599],[-87.89803,42.99565],[-87.90044,42.99565],[-87.90426,42.99562],[-87.90676,42.9952],[-87.90997,42.9952],[-87.91064,42.9952]]]}},{"type":"Feature","properties":{"GEOID":"55079018000","NAME":"Census Tract 180","COUNTY":"Milwaukee","ALAND":2830669,"AWATER":1971450,"lng":-87.8984,"lat":43.00874,"ALAND_SQMI":1.0929,"nb":["55079016500","55079016600","55079017900","55079018100","55079018300","55079186500","55079186600","55079187400","55079980000"]},"geometry":{"type":"Polygon","coordinates":[[[-87.90834,43.00827],[-87.90591,43.01007],[-87.90428,43.01361],[-87.90239,43.01755],[-87.9033,43.01947],[-87.90473,43.02296],[-87.90238,43.02513],[-87.90123,43.02499],[-87.89893,43.02509],[-87.89853,43.02513],[-87.89853,43.02511],[-87.8984,43.0245],[-87.89748,43.02009],[-87.89161,43.00704],[-87.88801,43.00221],[-87.88701,43.00115],[-87.88837,43.00011],[-87.89292,42.99742],[-87.89366,42.99718],[-87.89671,42.99593],[-87.89682,42.99599],[-87.89976,42.99761],[-87.90133,42.99944],[-87.90272,43.00111],[-87.90423,43.00291],[-87.90554,43.00453],[-87.90713,43.0065],[-87.90821,43.00804],[-87.90834,43.00827]]]}},{"type":"Feature","properties":{"GEOID":"55079018100","NAME":"Census Tract 181","COUNTY":"Milwaukee","ALAND":572888,"AWATER":593830,"lng":-87.88878,"lat":42.99618,"ALAND_SQMI":0.2212,"nb":["55079018000","55079018200","55079018300"]},"geometry":{"type":"Polygon","coordinates":[[[-87.89671,42.99593],[-87.89366,42.99718],[-87.89292,42.99742],[-87.88837,43.00011],[-87.88701,43.00115],[-87.88367,42.99765],[-87.88276,42.99669],[-87.88428,42.99588],[-87.88313,42.99474],[-87.88714,42.99254],[-87.88714,42.9921],[-87.89057,42.99277],[-87.89096,42.99293],[-87.89319,42.99409],[-87.89513,42.99508],[-87.89671,42.99593]]]}},{"type":"Feature","properties":{"GEOID":"55079018200","NAME":"Census Tract 182","COUNTY":"Milwaukee","ALAND":555911,"AWATER":1358156,"lng":-87.88066,"lat":42.99116,"ALAND_SQMI":0.2146,"nb":["55079018100","55079018300","55079020800"]},"geometry":{"type":"Polygon","coordinates":[[[-87.88714,42.99254],[-87.88313,42.99474],[-87.88428,42.99588],[-87.88276,42.99669],[-87.88123,42.99509],[-87.87971,42.99349],[-87.87868,42.99242],[-87.8713,42.98807],[-87.8774,42.98814],[-87.87822,42.98815],[-87.87936,42.98817],[-87.88152,42.98814],[-87.88344,42.98817],[-87.88415,42.98951],[-87.88714,42.9921],[-87.88714,42.99254]]]}},{"type":"Feature","properties":{"GEOID":"55079018300","NAME":"Census Tract 183","COUNTY":"Milwaukee","ALAND":673550,"AWATER":0,"lng":-87.89295,"lat":42.9914,"ALAND_SQMI":0.2601,"nb":["55079017900","55079018000","55079018100","55079018200","55079018400","55079020700","55079020800"]},"geometry":{"type":"Polygon","coordinates":[[[-87.90044,42.99565],[-87.89803,42.99565],[-87.89682,42.99599],[-87.89671,42.99593],[-87.89513,42.99508],[-87.89319,42.99409],[-87.89096,42.99293],[-87.89057,42.99277],[-87.88714,42.9921],[-87.88415,42.98951],[-87.88344,42.98817],[-87.88859,42.98822],[-87.89327,42.98826],[-87.89437,42.98827],[-87.89692,42.98829],[-87.89684,42.99105],[-87.89931,42.99107],[-87.89929,42.99243],[-87.90045,42.99378],[-87.90044,42.99565]]]}},{"type":"Feature","properties":{"GEOID":"55079018400","NAME":"Census Tract 184","COUNTY":"Milwaukee","ALAND":714703,"AWATER":16275,"lng":-87.90423,"lat":42.99171,"ALAND_SQMI":0.2759,"nb":["55079017900","55079018300","55079018500","55079020600","55079020700","55079186600"]},"geometry":{"type":"Polygon","coordinates":[[[-87.91112,42.99416],[-87.91064,42.9952],[-87.90997,42.9952],[-87.90676,42.9952],[-87.90426,42.99562],[-87.90044,42.99565],[-87.90045,42.99378],[-87.89929,42.99243],[-87.89931,42.99107],[-87.89684,42.99105],[-87.89692,42.98829],[-87.89933,42.98831],[-87.90395,42.9883],[-87.9044,42.9883],[-87.90932,42.98828],[-87.90933,42.99069],[-87.91091,42.99374],[-87.91112,42.99416]]]}},{"type":"Feature","properties":{"GEOID":"55079018500","NAME":"Census Tract 185","COUNTY":"Milwaukee","ALAND":1876099,"AWATER":0,"lng":-87.9144,"lat":42.98452,"ALAND_SQMI":0.7244,"nb":["55079018400","55079018600","55079020300","55079020500","55079020600","55079020900","55079021100","55079021200","55079186600"]},"geometry":{"type":"Polygon","coordinates":[[[-87.91923,42.98161],[-87.91916,42.9847],[-87.91913,42.98652],[-87.9191,42.98829],[-87.91905,42.99015],[-87.919,42.99196],[-87.91891,42.99561],[-87.9189,42.99634],[-87.91693,42.99516],[-87.91249,42.99692],[-87.91112,42.99416],[-87.91091,42.99374],[-87.90933,42.99069],[-87.90932,42.98828],[-87.90948,42.98104],[-87.90951,42.97651],[-87.90953,42.97376],[-87.91935,42.97377],[-87.91923,42.98161]]]}},{"type":"Feature","properties":{"GEOID":"55079018600","NAME":"Census Tract 186","COUNTY":"Milwaukee","ALAND":478342,"AWATER":0,"lng":-87.92256,"lat":42.99557,"ALAND_SQMI":0.1847,"nb":["55079017500","55079017600","55079018500","55079018700","55079020400","55079020500","55079186600"]},"geometry":{"type":"Polygon","coordinates":[[[-87.92619,42.99555],[-87.92615,42.99764],[-87.92612,42.9992],[-87.91885,42.99917],[-87.91887,42.99764],[-87.9189,42.99634],[-87.91891,42.99561],[-87.919,42.99196],[-87.92628,42.99194],[-87.92619,42.99555]]]}},{"type":"Feature","properties":{"GEOID":"55079018700","NAME":"Census Tract 187","COUNTY":"Milwaukee","ALAND":489660,"AWATER":0,"lng":-87.92991,"lat":42.99559,"ALAND_SQMI":0.1891,"nb":["55079017500","55079017600","55079018600","55079018800","55079020100","55079020400","55079020500"]},"geometry":{"type":"Polygon","coordinates":[[[-87.93361,42.99563],[-87.93358,42.99721],[-87.93357,42.99771],[-87.93354,42.99927],[-87.92991,42.99921],[-87.92612,42.9992],[-87.92615,42.99764],[-87.92619,42.99555],[-87.92628,42.99194],[-87.92871,42.99193],[-87.93375,42.99201],[-87.93361,42.99563]]]}},{"type":"Feature","properties":{"GEOID":"55079018800","NAME":"Census Tract 188","COUNTY":"Milwaukee","ALAND":932635,"AWATER":0,"lng":-87.94059,"lat":42.99929,"ALAND_SQMI":0.3601,"nb":["55079017300","55079017400","55079017500","55079018700","55079018900","55079020100"]},"geometry":{"type":"Polygon","coordinates":[[[-87.94817,42.99956],[-87.94819,43.0008],[-87.94453,43.00311],[-87.93825,43.00301],[-87.93554,43.00297],[-87.93337,43.00293],[-87.93354,42.99927],[-87.93357,42.99771],[-87.93358,42.99721],[-87.93361,42.99563],[-87.93577,42.99567],[-87.9372,42.99569],[-87.93839,42.99572],[-87.94821,42.99589],[-87.94817,42.99956]]]}},{"type":"Feature","properties":{"GEOID":"55079018900","NAME":"Census Tract 189","COUNTY":"Milwaukee","ALAND":621622,"AWATER":0,"lng":-87.9533,"lat":42.99575,"ALAND_SQMI":0.24,"nb":["55079017200","55079017300","55079018800","55079019000","55079020000","55079020100"]},"geometry":{"type":"Polygon","coordinates":[[[-87.95895,42.99591],[-87.95802,43.00036],[-87.95554,42.99944],[-87.95545,42.99645],[-87.95299,42.99792],[-87.95296,42.99947],[-87.94817,42.99956],[-87.94821,42.99589],[-87.94819,42.99228],[-87.95807,42.99215],[-87.95806,42.99412],[-87.95837,42.99472],[-87.95895,42.99591]]]}},{"type":"Feature","properties":{"GEOID":"55079019000","NAME":"Census Tract 190","COUNTY":"Milwaukee","ALAND":2467513,"AWATER":31918,"lng":-87.96789,"lat":42.9955,"ALAND_SQMI":0.9527,"nb":["55079017200","55079018900","55079019100","55079019200","55079019800","55079020000","55079100200","55079101600","55079110100"]},"geometry":{"type":"Polygon","coordinates":[[[-87.97778,42.99204],[-87.97771,42.99564],[-87.97727,42.99909],[-87.97764,42.99928],[-87.97762,43.00031],[-87.97758,43.00292],[-87.9757,43.00289],[-87.97757,43.00371],[-87.97757,43.00385],[-87.96851,43.00079],[-87.9685,43.0029],[-87.96112,43.00299],[-87.95793,43.00303],[-87.95802,43.00036],[-87.95895,42.99591],[-87.95837,42.99472],[-87.95806,42.99412],[-87.95807,42.99215],[-87.9581,42.98846],[-87.96053,42.98843],[-87.96297,42.9884],[-87.96789,42.98835],[-87.96914,42.98836],[-87.97038,42.98837],[-87.97785,42.98842],[-87.97778,42.99204]]]}},{"type":"Feature","properties":{"GEOID":"55079019100","NAME":"Census Tract 191","COUNTY":"Milwaukee","ALAND":1565059,"AWATER":0,"lng":-87.9655,"lat":42.98218,"ALAND_SQMI":0.6043,"nb":["55079019000","55079019200","55079019800","55079020000","55079120300","55079120400"]},"geometry":{"type":"Polygon","coordinates":[[[-87.97785,42.98842],[-87.97038,42.98837],[-87.96914,42.98836],[-87.96789,42.98835],[-87.96297,42.9884],[-87.96053,42.98843],[-87.9581,42.98846],[-87.95813,42.98572],[-87.95819,42.9812],[-87.95826,42.97784],[-87.96013,42.9752],[-87.9648,42.97518],[-87.96483,42.97391],[-87.96775,42.9739],[-87.96825,42.9727],[-87.96823,42.9739],[-87.96997,42.97449],[-87.96995,42.97498],[-87.97057,42.97508],[-87.97062,42.97863],[-87.9681,42.97862],[-87.96794,42.98573],[-87.96859,42.98618],[-87.97143,42.98557],[-87.9699,42.9871],[-87.97224,42.98788],[-87.97226,42.98701],[-87.9714,42.98751],[-87.97142,42.9869],[-87.97403,42.98532],[-87.97526,42.98457],[-87.97576,42.98373],[-87.97789,42.98299],[-87.97785,42.98842]]]}},{"type":"Feature","properties":{"GEOID":"55079019200","NAME":"Census Tract 192","COUNTY":"Milwaukee","ALAND":1423880,"AWATER":0,"lng":-87.98589,"lat":42.9928,"ALAND_SQMI":0.5498,"nb":["55079019000","55079019100","55079019300","55079019600","55079019800","55079101600","55079101800"]},"geometry":{"type":"Polygon","coordinates":[[[-88.00203,42.99034],[-87.99768,42.99036],[-87.99391,42.99056],[-87.99163,42.99243],[-87.99003,42.99565],[-87.98957,42.99637],[-87.98758,42.99747],[-87.98667,42.99755],[-87.98545,42.99806],[-87.98452,42.99929],[-87.97764,42.99928],[-87.97727,42.99909],[-87.97771,42.99564],[-87.97778,42.99204],[-87.97785,42.98842],[-87.98779,42.98841],[-87.99001,42.9884],[-87.99773,42.98835],[-88.00209,42.98832],[-88.00203,42.99034]]]}},{"type":"Feature","properties":{"GEOID":"55079019300","NAME":"Census Tract 193","COUNTY":"Milwaukee","ALAND":883072,"AWATER":0,"lng":-87.99617,"lat":42.99501,"ALAND_SQMI":0.341,"nb":["55079019200","55079101600","55079101700","55079101800"]},"geometry":{"type":"Polygon","coordinates":[[[-88.00189,42.99902],[-88.00128,42.99902],[-87.99749,42.99905],[-87.99576,42.99883],[-87.99341,42.99888],[-87.98953,42.99888],[-87.98893,42.99876],[-87.98825,42.99776],[-87.98758,42.99747],[-87.98957,42.99637],[-87.99003,42.99565],[-87.99163,42.99243],[-87.99391,42.99056],[-87.99768,42.99036],[-88.00203,42.99034],[-88.00189,42.99902]]]}},{"type":"Feature","properties":{"GEOID":"55079019400","NAME":"Census Tract 194","COUNTY":"Milwaukee","ALAND":1302294,"AWATER":0,"lng":-88.02752,"lat":42.98459,"ALAND_SQMI":0.5028,"nb":["55079019500","55079019600","55079019700","55079101200","55079101800","55079120102"]},"geometry":{"type":"Polygon","coordinates":[[[-88.03769,42.9881],[-88.0287,42.98819],[-88.02746,42.9882],[-88.01756,42.98824],[-88.01769,42.98101],[-88.02761,42.98095],[-88.03255,42.98092],[-88.03645,42.98117],[-88.03749,42.98092],[-88.0375,42.98097],[-88.03747,42.98744],[-88.03769,42.9881]]]}},{"type":"Feature","properties":{"GEOID":"55079019500","NAME":"Census Tract 195","COUNTY":"Milwaukee","ALAND":1307603,"AWATER":0,"lng":-88.02771,"lat":42.97733,"ALAND_SQMI":0.5049,"nb":["55079019400","55079019600","55079019700","55079120102","55079120201"]},"geometry":{"type":"Polygon","coordinates":[[[-88.03749,42.98092],[-88.03645,42.98117],[-88.03255,42.98092],[-88.02761,42.98095],[-88.01769,42.98101],[-88.01777,42.97738],[-88.01785,42.97373],[-88.02231,42.97371],[-88.02775,42.97369],[-88.03768,42.97363],[-88.03749,42.98092]]]}},{"type":"Feature","properties":{"GEOID":"55079019600","NAME":"Census Tract 196","COUNTY":"Milwaukee","ALAND":1303165,"AWATER":0,"lng":-88.0077,"lat":42.98466,"ALAND_SQMI":0.5032,"nb":["55079019200","55079019400","55079019500","55079019700","55079019800","55079101200","55079101800"]},"geometry":{"type":"Polygon","coordinates":[[[-88.01756,42.98824],[-88.0126,42.98826],[-88.00764,42.98827],[-88.00209,42.98832],[-87.99773,42.98835],[-87.99784,42.98202],[-87.99785,42.98108],[-87.99931,42.98107],[-88.00338,42.98105],[-88.00647,42.98103],[-88.00781,42.98102],[-88.01275,42.98101],[-88.01769,42.98101],[-88.01756,42.98824]]]}},{"type":"Feature","properties":{"GEOID":"55079019700","NAME":"Census Tract 197","COUNTY":"Milwaukee","ALAND":1882750,"AWATER":0,"lng":-88.00742,"lat":42.97571,"ALAND_SQMI":0.7269,"nb":["55079019400","55079019500","55079019600","55079019800","55079120201","55079120202"]},"geometry":{"type":"Polygon","coordinates":[[[-88.01777,42.97738],[-88.01769,42.98101],[-88.01275,42.98101],[-88.00781,42.98102],[-88.00647,42.98103],[-88.00338,42.98105],[-87.99931,42.98107],[-87.99785,42.98108],[-87.99787,42.98],[-87.99798,42.97382],[-87.99808,42.97047],[-87.99876,42.97005],[-88.00807,42.96994],[-88.01302,42.96989],[-88.01477,42.96986],[-88.01476,42.97374],[-88.01785,42.97373],[-88.01777,42.97738]]]}},{"type":"Feature","properties":{"GEOID":"55079019800","NAME":"Census Tract 198","COUNTY":"Milwaukee","ALAND":2062296,"AWATER":0,"lng":-87.98973,"lat":42.98208,"ALAND_SQMI":0.7963,"nb":["55079019000","55079019100","55079019200","55079019600","55079019700","55079019900","55079120202","55079120300"]},"geometry":{"type":"Polygon","coordinates":[[[-87.99798,42.97382],[-87.99787,42.98],[-87.99785,42.98108],[-87.99784,42.98202],[-87.99773,42.98835],[-87.99001,42.9884],[-87.98779,42.98841],[-87.97785,42.98842],[-87.97789,42.98299],[-87.9791,42.98224],[-87.98014,42.98161],[-87.98086,42.98115],[-87.98187,42.98055],[-87.98418,42.9806],[-87.98603,42.97805],[-87.98794,42.97689],[-87.99285,42.97386],[-87.99808,42.97047],[-87.99798,42.97382]]]}},{"type":"Feature","properties":{"GEOID":"55079019900","NAME":"Census Tract 199","COUNTY":"Milwaukee","ALAND":1559238,"AWATER":0,"lng":-87.98223,"lat":42.97333,"ALAND_SQMI":0.602,"nb":["55079019800","55079120202","55079120300","55079120400"]},"geometry":{"type":"Polygon","coordinates":[[[-87.99285,42.97386],[-87.98794,42.97689],[-87.98603,42.97805],[-87.98418,42.9806],[-87.98187,42.98055],[-87.98086,42.98115],[-87.98014,42.98161],[-87.98014,42.98115],[-87.98109,42.98067],[-87.97995,42.97648],[-87.97989,42.97754],[-87.97804,42.97755],[-87.97682,42.97573],[-87.9756,42.97574],[-87.97556,42.97863],[-87.97348,42.97861],[-87.9727,42.97617],[-87.97065,42.97598],[-87.97067,42.97498],[-87.97016,42.97498],[-87.97038,42.9739],[-87.97238,42.97391],[-87.97334,42.97295],[-87.97332,42.97391],[-87.97483,42.97391],[-87.97401,42.97295],[-87.97407,42.97083],[-87.97756,42.97083],[-87.97833,42.96665],[-87.9783,42.96756],[-87.98326,42.96756],[-87.98329,42.96664],[-87.98826,42.96663],[-87.98813,42.96988],[-87.98822,42.96988],[-87.99276,42.97024],[-87.9927,42.97208],[-87.99011,42.9721],[-87.99006,42.97388],[-87.99285,42.97386]]]}},{"type":"Feature","properties":{"GEOID":"55079020000","NAME":"Census Tract 200","COUNTY":"Milwaukee","ALAND":1406788,"AWATER":0,"lng":-87.95274,"lat":42.98403,"ALAND_SQMI":0.5432,"nb":["55079018900","55079019000","55079019100","55079020100","55079020200","55079021300","55079120400"]},"geometry":{"type":"Polygon","coordinates":[[[-87.95819,42.9812],[-87.95813,42.98572],[-87.9581,42.98846],[-87.95807,42.99215],[-87.94819,42.99228],[-87.94823,42.98311],[-87.94825,42.98126],[-87.94833,42.97393],[-87.94851,42.97394],[-87.95388,42.97393],[-87.95605,42.97501],[-87.9532,42.97716],[-87.95326,42.9807],[-87.95388,42.9807],[-87.95388,42.98033],[-87.9545,42.98032],[-87.95696,42.98047],[-87.95761,42.97981],[-87.95826,42.97784],[-87.95819,42.9812]]]}},{"type":"Feature","properties":{"GEOID":"55079020100","NAME":"Census Tract 201","COUNTY":"Milwaukee","ALAND":1901369,"AWATER":0,"lng":-87.94101,"lat":42.98849,"ALAND_SQMI":0.7341,"nb":["55079018700","55079018800","55079018900","55079020000","55079020200","55079020300","55079020400"]},"geometry":{"type":"Polygon","coordinates":[[[-87.94823,42.98311],[-87.94819,42.99228],[-87.94821,42.99589],[-87.93839,42.99572],[-87.9372,42.99569],[-87.93577,42.99567],[-87.93361,42.99563],[-87.93375,42.99201],[-87.93384,42.98833],[-87.93385,42.98474],[-87.93392,42.98109],[-87.94051,42.98117],[-87.94228,42.98119],[-87.94825,42.98126],[-87.94823,42.98311]]]}},{"type":"Feature","properties":{"GEOID":"55079020200","NAME":"Census Tract 202","COUNTY":"Milwaukee","ALAND":949816,"AWATER":0,"lng":-87.94113,"lat":42.97753,"ALAND_SQMI":0.3667,"nb":["55079020000","55079020100","55079020300","55079021300"]},"geometry":{"type":"Polygon","coordinates":[[[-87.94825,42.98126],[-87.94228,42.98119],[-87.94051,42.98117],[-87.93392,42.98109],[-87.93394,42.97747],[-87.93399,42.97382],[-87.94479,42.97391],[-87.94833,42.97393],[-87.94825,42.98126]]]}},{"type":"Feature","properties":{"GEOID":"55079020300","NAME":"Census Tract 203","COUNTY":"Milwaukee","ALAND":1450957,"AWATER":0,"lng":-87.92659,"lat":42.97925,"ALAND_SQMI":0.5602,"nb":["55079018500","55079020100","55079020200","55079020400","55079020500","55079021100","55079021200","55079021300"]},"geometry":{"type":"Polygon","coordinates":[[[-87.93394,42.97747],[-87.93392,42.98109],[-87.93385,42.98474],[-87.92887,42.98469],[-87.92644,42.9847],[-87.9216,42.9847],[-87.91916,42.9847],[-87.91923,42.98161],[-87.91935,42.97377],[-87.92911,42.97377],[-87.93399,42.97382],[-87.93394,42.97747]]]}},{"type":"Feature","properties":{"GEOID":"55079020400","NAME":"Census Tract 204","COUNTY":"Milwaukee","ALAND":489099,"AWATER":0,"lng":-87.93009,"lat":42.98834,"ALAND_SQMI":0.1888,"nb":["55079018600","55079018700","55079020100","55079020300","55079020500"]},"geometry":{"type":"Polygon","coordinates":[[[-87.93384,42.98833],[-87.93375,42.99201],[-87.92871,42.99193],[-87.92628,42.99194],[-87.92632,42.99013],[-87.92636,42.98827],[-87.92641,42.9865],[-87.92644,42.9847],[-87.92887,42.98469],[-87.93385,42.98474],[-87.93384,42.98833]]]}},{"type":"Feature","properties":{"GEOID":"55079020500","NAME":"Census Tract 205","COUNTY":"Milwaukee","ALAND":477668,"AWATER":0,"lng":-87.92272,"lat":42.98832,"ALAND_SQMI":0.1844,"nb":["55079018500","55079018600","55079018700","55079020300","55079020400"]},"geometry":{"type":"Polygon","coordinates":[[[-87.92641,42.9865],[-87.92636,42.98827],[-87.92632,42.99013],[-87.92628,42.99194],[-87.919,42.99196],[-87.91905,42.99015],[-87.9191,42.98829],[-87.91913,42.98652],[-87.91916,42.9847],[-87.9216,42.9847],[-87.92644,42.9847],[-87.92641,42.9865]]]}},{"type":"Feature","properties":{"GEOID":"55079020600","NAME":"Census Tract 206","COUNTY":"Milwaukee","ALAND":1326336,"AWATER":0,"lng":-87.90443,"lat":42.98102,"ALAND_SQMI":0.5121,"nb":["55079018400","55079018500","55079020700","55079020900","55079021100"]},"geometry":{"type":"Polygon","coordinates":[[[-87.90951,42.97651],[-87.90948,42.98104],[-87.90932,42.98828],[-87.9044,42.9883],[-87.90395,42.9883],[-87.89933,42.98831],[-87.89938,42.98242],[-87.89956,42.97373],[-87.90038,42.97372],[-87.90558,42.97375],[-87.90953,42.97376],[-87.90951,42.97651]]]}},{"type":"Feature","properties":{"GEOID":"55079020700","NAME":"Census Tract 207","COUNTY":"Milwaukee","ALAND":1777786,"AWATER":0,"lng":-87.89278,"lat":42.9803,"ALAND_SQMI":0.6864,"nb":["55079018300","55079018400","55079020600","55079020800","55079020900","55079185100","55079185200"]},"geometry":{"type":"Polygon","coordinates":[[[-87.89938,42.98242],[-87.89933,42.98831],[-87.89692,42.98829],[-87.89437,42.98827],[-87.89327,42.98826],[-87.88859,42.98822],[-87.88699,42.9851],[-87.88365,42.98096],[-87.88339,42.98056],[-87.88881,42.98058],[-87.88883,42.97874],[-87.88708,42.97873],[-87.8871,42.97662],[-87.88648,42.97644],[-87.88633,42.97281],[-87.88652,42.9719],[-87.89073,42.97178],[-87.88955,42.97075],[-87.89291,42.97082],[-87.89181,42.97328],[-87.894,42.97319],[-87.89454,42.97373],[-87.89956,42.97373],[-87.89938,42.98242]]]}},{"type":"Feature","properties":{"GEOID":"55079020800","NAME":"Census Tract 208","COUNTY":"Milwaukee","ALAND":899314,"AWATER":211873,"lng":-87.87974,"lat":42.98485,"ALAND_SQMI":0.3472,"nb":["55079018200","55079018300","55079020700","55079185100","55079185200"]},"geometry":{"type":"Polygon","coordinates":[[[-87.88859,42.98822],[-87.88344,42.98817],[-87.88152,42.98814],[-87.87936,42.98817],[-87.87822,42.98815],[-87.8774,42.98814],[-87.8713,42.98807],[-87.87064,42.98768],[-87.86886,42.98664],[-87.87144,42.98672],[-87.87452,42.98448],[-87.8746,42.98094],[-87.87466,42.98051],[-87.87936,42.98054],[-87.88203,42.9805],[-87.88339,42.98056],[-87.88365,42.98096],[-87.88699,42.9851],[-87.88859,42.98822]]]}},{"type":"Feature","properties":{"GEOID":"55079020900","NAME":"Census Tract 209","COUNTY":"Milwaukee","ALAND":1011688,"AWATER":0,"lng":-87.90186,"lat":42.97013,"ALAND_SQMI":0.3906,"nb":["55079018500","55079020600","55079020700","55079021000","55079021100","55079021200","55079185200"]},"geometry":{"type":"Polygon","coordinates":[[[-87.90955,42.9701],[-87.90953,42.97376],[-87.90558,42.97375],[-87.90038,42.97372],[-87.89956,42.97373],[-87.89454,42.97373],[-87.894,42.97319],[-87.89406,42.96619],[-87.89713,42.96749],[-87.89712,42.96647],[-87.90083,42.96647],[-87.90961,42.96647],[-87.90955,42.9701]]]}},{"type":"Feature","properties":{"GEOID":"55079021000","NAME":"Census Tract 210","COUNTY":"Milwaukee","ALAND":1273043,"AWATER":0,"lng":-87.89994,"lat":42.96277,"ALAND_SQMI":0.4915,"nb":["55079020900","55079021100","55079021200","55079021600","55079021700","55079185200"]},"geometry":{"type":"Polygon","coordinates":[[[-87.90961,42.96647],[-87.90083,42.96647],[-87.89712,42.96647],[-87.89713,42.96749],[-87.89406,42.96619],[-87.88962,42.9643],[-87.88968,42.95924],[-87.90215,42.95923],[-87.90966,42.95923],[-87.90961,42.96647]]]}},{"type":"Feature","properties":{"GEOID":"55079021100","NAME":"Census Tract 211","COUNTY":"Milwaukee","ALAND":642849,"AWATER":0,"lng":-87.91446,"lat":42.97013,"ALAND_SQMI":0.2482,"nb":["55079018500","55079020300","55079020600","55079020900","55079021000","55079021200"]},"geometry":{"type":"Polygon","coordinates":[[[-87.91935,42.97377],[-87.90953,42.97376],[-87.90955,42.9701],[-87.90961,42.96647],[-87.91936,42.96649],[-87.91935,42.97377]]]}},{"type":"Feature","properties":{"GEOID":"55079021200","NAME":"Census Tract 212","COUNTY":"Milwaukee","ALAND":1933866,"AWATER":0,"lng":-87.92103,"lat":42.96529,"ALAND_SQMI":0.7467,"nb":["55079018500","55079020300","55079020900","55079021000","55079021100","55079021300","55079021400","55079021600","55079021700"]},"geometry":{"type":"Polygon","coordinates":[[[-87.92917,42.96609],[-87.92917,42.96654],[-87.92911,42.97377],[-87.91935,42.97377],[-87.91936,42.96649],[-87.90961,42.96647],[-87.90966,42.95923],[-87.91945,42.95921],[-87.92653,42.95925],[-87.92921,42.95927],[-87.92917,42.96609]]]}},{"type":"Feature","properties":{"GEOID":"55079021300","NAME":"Census Tract 213","COUNTY":"Milwaukee","ALAND":1241610,"AWATER":37233,"lng":-87.93887,"lat":42.97023,"ALAND_SQMI":0.4794,"nb":["55079020000","55079020200","55079020300","55079021200","55079021400","55079120400"]},"geometry":{"type":"Polygon","coordinates":[[[-87.94851,42.97394],[-87.94833,42.97393],[-87.94479,42.97391],[-87.93399,42.97382],[-87.92911,42.97377],[-87.92917,42.96654],[-87.93893,42.9666],[-87.94864,42.96665],[-87.94851,42.97394]]]}},{"type":"Feature","properties":{"GEOID":"55079021400","NAME":"Census Tract 214","COUNTY":"Milwaukee","ALAND":1283163,"AWATER":0,"lng":-87.93893,"lat":42.96296,"ALAND_SQMI":0.4954,"nb":["55079021200","55079021300","55079021500","55079021600","55079120400","55079120502"]},"geometry":{"type":"Polygon","coordinates":[[[-87.94864,42.96665],[-87.93893,42.9666],[-87.92917,42.96654],[-87.92917,42.96609],[-87.92921,42.95927],[-87.93886,42.95931],[-87.94379,42.95936],[-87.94872,42.95941],[-87.94864,42.96665]]]}},{"type":"Feature","properties":{"GEOID":"55079021500","NAME":"Census Tract 215","COUNTY":"Milwaukee","ALAND":1291068,"AWATER":0,"lng":-87.94397,"lat":42.9521,"ALAND_SQMI":0.4985,"nb":["55079021400","55079021600","55079021700","55079120400","55079120502"]},"geometry":{"type":"Polygon","coordinates":[[[-87.94887,42.95213],[-87.94872,42.95941],[-87.94379,42.95936],[-87.93886,42.95931],[-87.93908,42.95207],[-87.93924,42.94481],[-87.94905,42.94486],[-87.94887,42.95213]]]}},{"type":"Feature","properties":{"GEOID":"55079021600","NAME":"Census Tract 216","COUNTY":"Milwaukee","ALAND":3703308,"AWATER":0,"lng":-87.92485,"lat":42.95224,"ALAND_SQMI":1.4299,"nb":["55079021000","55079021200","55079021400","55079021500","55079021700"]},"geometry":{"type":"Polygon","coordinates":[[[-87.93908,42.95207],[-87.93886,42.95931],[-87.92921,42.95927],[-87.92653,42.95925],[-87.91945,42.95921],[-87.90966,42.95923],[-87.90971,42.94783],[-87.91193,42.9474],[-87.92005,42.94471],[-87.92942,42.94476],[-87.93519,42.94478],[-87.93924,42.94481],[-87.93908,42.95207]]]}},{"type":"Feature","properties":{"GEOID":"55079021700","NAME":"Census Tract 217","COUNTY":"Milwaukee","ALAND":12788916,"AWATER":0,"lng":-87.91313,"lat":42.94053,"ALAND_SQMI":4.9378,"nb":["55079021000","55079021200","55079021500","55079021600","55079021800","55079120501","55079120502","55079150100","55079160101","55079160102","55079180300","55079180500","55079185200"]},"geometry":{"type":"Polygon","coordinates":[[[-87.94924,42.93762],[-87.94909,42.94368],[-87.94905,42.94486],[-87.93924,42.94481],[-87.93519,42.94478],[-87.92942,42.94476],[-87.92005,42.94471],[-87.91193,42.9474],[-87.90971,42.94783],[-87.90966,42.95923],[-87.90215,42.95923],[-87.88968,42.95924],[-87.88325,42.95913],[-87.88327,42.95683],[-87.88531,42.94457],[-87.88785,42.93003],[-87.88913,42.92269],[-87.89068,42.92269],[-87.89033,42.93004],[-87.93,42.93026],[-87.9306,42.92082],[-87.9405,42.9209],[-87.94015,42.93031],[-87.94938,42.93037],[-87.94924,42.93762]]]}},{"type":"Feature","properties":{"GEOID":"55079021800","NAME":"Census Tract 218","COUNTY":"Milwaukee","ALAND":872800,"AWATER":0,"lng":-87.95694,"lat":42.94077,"ALAND_SQMI":0.337,"nb":["55079021700","55079120501","55079120502"]},"geometry":{"type":"Polygon","coordinates":[[[-87.96451,42.94488],[-87.96228,42.9431],[-87.96022,42.94328],[-87.96017,42.94488],[-87.95806,42.94487],[-87.95719,42.94369],[-87.95396,42.94369],[-87.94909,42.94368],[-87.94924,42.93762],[-87.95548,42.93762],[-87.9631,42.93764],[-87.96407,42.93764],[-87.96468,42.93836],[-87.96451,42.94488]]]}},{"type":"Feature","properties":{"GEOID":"55079030100","NAME":"Census Tract 301","COUNTY":"Milwaukee","ALAND":5955565,"AWATER":1323427,"lng":-87.90193,"lat":43.18224,"ALAND_SQMI":2.2995,"nb":["55079035100","55079035200","55079040100","55089660303","55089660304"]},"geometry":{"type":"Polygon","coordinates":[[[-87.92466,43.19214],[-87.92411,43.19214],[-87.89877,43.19219],[-87.89501,43.19209],[-87.89209,43.19204],[-87.88802,43.18713],[-87.88759,43.18661],[-87.88108,43.17061],[-87.8815,43.16972],[-87.8859,43.17011],[-87.89479,43.17018],[-87.89897,43.16988],[-87.90055,43.17027],[-87.90076,43.1737],[-87.90176,43.17612],[-87.91283,43.17632],[-87.91521,43.17628],[-87.91736,43.17633],[-87.92383,43.18902],[-87.92467,43.19151],[-87.92466,43.19214]]]}},{"type":"Feature","properties":{"GEOID":"55079035100","NAME":"Census Tract 351","COUNTY":"Milwaukee","ALAND":3542651,"AWATER":2117208,"lng":-87.89511,"lat":43.15597,"ALAND_SQMI":1.3678,"nb":["55079030100","55079035200","55079060101","55079070100","55079070200"]},"geometry":{"type":"Polygon","coordinates":[[[-87.90816,43.13464],[-87.90815,43.13495],[-87.90331,43.13998],[-87.90206,43.14189],[-87.90121,43.14467],[-87.90101,43.15124],[-87.90077,43.1621],[-87.90059,43.16935],[-87.90055,43.17027],[-87.89897,43.16988],[-87.89479,43.17018],[-87.8859,43.17011],[-87.8815,43.16972],[-87.8851,43.16198],[-87.88524,43.16172],[-87.88914,43.15451],[-87.88916,43.15448],[-87.89229,43.14871],[-87.90028,43.13731],[-87.90139,43.13321],[-87.90138,43.1332],[-87.90632,43.13308],[-87.90819,43.1331],[-87.90816,43.13464]]]}},{"type":"Feature","properties":{"GEOID":"55079035200","NAME":"Census Tract 352","COUNTY":"Milwaukee","ALAND":3864669,"AWATER":0,"lng":-87.9071,"lat":43.16013,"ALAND_SQMI":1.4922,"nb":["55079030100","55079035100","55079040100","55079060101"]},"geometry":{"type":"Polygon","coordinates":[[[-87.91521,43.17628],[-87.91283,43.17632],[-87.90176,43.17612],[-87.90076,43.1737],[-87.90055,43.17027],[-87.90059,43.16935],[-87.90077,43.1621],[-87.90101,43.15124],[-87.90121,43.14467],[-87.90206,43.14189],[-87.90331,43.13998],[-87.90815,43.13495],[-87.90776,43.14291],[-87.90862,43.144],[-87.90834,43.14946],[-87.91433,43.15031],[-87.91255,43.15314],[-87.9123,43.15496],[-87.9125,43.15867],[-87.91175,43.16193],[-87.91331,43.16172],[-87.91545,43.16228],[-87.91521,43.17628]]]}},{"type":"Feature","properties":{"GEOID":"55079040100","NAME":"Census Tract 401","COUNTY":"Milwaukee","ALAND":13352910,"AWATER":452589,"lng":-87.93526,"lat":43.17165,"ALAND_SQMI":5.1556,"nb":["55079000900","55079030100","55079035200","55079050103","55079050104","55079060101","55079060102","55089660303"]},"geometry":{"type":"Polygon","coordinates":[[[-87.96271,43.17433],[-87.95961,43.17431],[-87.95871,43.17649],[-87.95579,43.17822],[-87.95538,43.18121],[-87.95862,43.18585],[-87.96083,43.18804],[-87.96093,43.18987],[-87.95925,43.19241],[-87.9443,43.19226],[-87.92466,43.19214],[-87.92467,43.19151],[-87.92383,43.18902],[-87.91736,43.17633],[-87.91521,43.17628],[-87.91545,43.16228],[-87.91567,43.155],[-87.91581,43.14773],[-87.91515,43.14263],[-87.91655,43.1437],[-87.91966,43.14337],[-87.91974,43.14055],[-87.92616,43.14288],[-87.92787,43.14397],[-87.92955,43.1463],[-87.93051,43.14863],[-87.92995,43.15238],[-87.93313,43.15585],[-87.93522,43.15887],[-87.94067,43.1592],[-87.94065,43.16011],[-87.94646,43.16024],[-87.94648,43.15972],[-87.95079,43.16303],[-87.95702,43.16835],[-87.96099,43.17016],[-87.96239,43.17359],[-87.96271,43.17433]]]}},{"type":"Feature","properties":{"GEOID":"55079050101","NAME":"Census Tract 501.01","COUNTY":"Milwaukee","ALAND":4896027,"AWATER":0,"lng":-87.98493,"lat":43.17681,"ALAND_SQMI":1.8904,"nb":["55079000101","55079000102","55079000700","55079050103","55079050104","55089660202"]},"geometry":{"type":"Polygon","coordinates":[[[-87.99461,43.17049],[-87.99448,43.17768],[-87.99425,43.18872],[-87.99417,43.19255],[-87.98396,43.19254],[-87.98436,43.18945],[-87.98439,43.18811],[-87.97734,43.18809],[-87.97434,43.18788],[-87.97454,43.17768],[-87.97468,43.17041],[-87.97486,43.16313],[-87.98483,43.16309],[-87.99476,43.16319],[-87.99461,43.17049]]]}},{"type":"Feature","properties":{"GEOID":"55079050103","NAME":"Census Tract 501.03","COUNTY":"Milwaukee","ALAND":3442087,"AWATER":0,"lng":-87.96804,"lat":43.18262,"ALAND_SQMI":1.329,"nb":["55079040100","55079050101","55079050104","55089660202","55089660303"]},"geometry":{"type":"Polygon","coordinates":[[[-87.98436,43.18945],[-87.98396,43.19254],[-87.96467,43.19243],[-87.95925,43.19241],[-87.96093,43.18987],[-87.96083,43.18804],[-87.95862,43.18585],[-87.95538,43.18121],[-87.95579,43.17822],[-87.95871,43.17649],[-87.95961,43.17431],[-87.96271,43.17433],[-87.96239,43.17359],[-87.96402,43.17129],[-87.96446,43.17041],[-87.97468,43.17041],[-87.97454,43.17768],[-87.97434,43.18788],[-87.97734,43.18809],[-87.98439,43.18811],[-87.98436,43.18945]]]}},{"type":"Feature","properties":{"GEOID":"55079050104","NAME":"Census Tract 501.04","COUNTY":"Milwaukee","ALAND":3045801,"AWATER":0,"lng":-87.96675,"lat":43.16099,"ALAND_SQMI":1.176,"nb":["55079000700","55079000800","55079000900","55079040100","55079050101","55079050103"]},"geometry":{"type":"Polygon","coordinates":[[[-87.9755,43.1494],[-87.97525,43.15586],[-87.97486,43.16313],[-87.97468,43.17041],[-87.96446,43.17041],[-87.96402,43.17129],[-87.96239,43.17359],[-87.96099,43.17016],[-87.95702,43.16835],[-87.95079,43.16303],[-87.95812,43.16309],[-87.96031,43.16228],[-87.95751,43.15581],[-87.9652,43.15587],[-87.96548,43.14858],[-87.97529,43.14859],[-87.9755,43.1494]]]}},{"type":"Feature","properties":{"GEOID":"55079060101","NAME":"Census Tract 601.01","COUNTY":"Milwaukee","ALAND":4276671,"AWATER":89601,"lng":-87.92538,"lat":43.13948,"ALAND_SQMI":1.6512,"nb":["55079000900","55079001000","55079035100","55079035200","55079040100","55079060102","55079060200","55079070100"]},"geometry":{"type":"Polygon","coordinates":[[[-87.95158,43.14116],[-87.93645,43.14085],[-87.93314,43.14077],[-87.92785,43.14118],[-87.92616,43.14288],[-87.91974,43.14055],[-87.91966,43.14337],[-87.91655,43.1437],[-87.91515,43.14263],[-87.91581,43.14773],[-87.91567,43.155],[-87.91545,43.16228],[-87.91331,43.16172],[-87.91175,43.16193],[-87.9125,43.15867],[-87.9123,43.15496],[-87.91255,43.15314],[-87.91433,43.15031],[-87.90834,43.14946],[-87.90862,43.144],[-87.90776,43.14291],[-87.90815,43.13495],[-87.90816,43.13464],[-87.90958,43.13371],[-87.91129,43.13312],[-87.91345,43.13237],[-87.91738,43.13172],[-87.92834,43.13192],[-87.93244,43.13199],[-87.94774,43.1323],[-87.94842,43.13378],[-87.95158,43.14116]]]}},{"type":"Feature","properties":{"GEOID":"55079060102","NAME":"Census Tract 601.02","COUNTY":"Milwaukee","ALAND":3023037,"AWATER":0,"lng":-87.9398,"lat":43.14867,"ALAND_SQMI":1.1672,"nb":["55079000900","55079040100","55079060101"]},"geometry":{"type":"Polygon","coordinates":[[[-87.95476,43.14849],[-87.94543,43.14837],[-87.94514,43.15869],[-87.94648,43.15972],[-87.94646,43.16024],[-87.94065,43.16011],[-87.94067,43.1592],[-87.93522,43.15887],[-87.93313,43.15585],[-87.92995,43.15238],[-87.93051,43.14863],[-87.92955,43.1463],[-87.92787,43.14397],[-87.92616,43.14288],[-87.92785,43.14118],[-87.93314,43.14077],[-87.93645,43.14085],[-87.95158,43.14116],[-87.95261,43.14351],[-87.95476,43.14849]]]}},{"type":"Feature","properties":{"GEOID":"55079060200","NAME":"Census Tract 602","COUNTY":"Milwaukee","ALAND":7630601,"AWATER":429658,"lng":-87.91758,"lat":43.11555,"ALAND_SQMI":2.9462,"nb":["55079001000","55079002200","55079002300","55079004300","55079004400","55079060101","55079070100","55079070300"]},"geometry":{"type":"Polygon","coordinates":[[[-87.94774,43.1323],[-87.93244,43.13199],[-87.92834,43.13192],[-87.91738,43.13172],[-87.91345,43.13237],[-87.91129,43.13312],[-87.91216,43.13253],[-87.91211,43.12589],[-87.91155,43.12406],[-87.91168,43.11859],[-87.91227,43.11736],[-87.91175,43.11605],[-87.91183,43.11327],[-87.91365,43.11135],[-87.91188,43.11133],[-87.912,43.10613],[-87.90959,43.10452],[-87.91695,43.10463],[-87.91688,43.10335],[-87.91281,43.10137],[-87.90994,43.10085],[-87.9077,43.09895],[-87.90782,43.0915],[-87.90788,43.08975],[-87.91656,43.0898],[-87.917,43.09241],[-87.91712,43.09254],[-87.91711,43.093],[-87.91904,43.09479],[-87.91707,43.09525],[-87.92207,43.09454],[-87.92506,43.09457],[-87.92704,43.09776],[-87.92859,43.10042],[-87.92505,43.10031],[-87.9263,43.10546],[-87.93018,43.10689],[-87.93095,43.10799],[-87.92981,43.10903],[-87.92808,43.11023],[-87.92422,43.11117],[-87.92365,43.11524],[-87.92083,43.1187],[-87.92771,43.11881],[-87.92733,43.11517],[-87.93325,43.11527],[-87.93486,43.11894],[-87.94005,43.11903],[-87.94005,43.11702],[-87.9385,43.11538],[-87.9434,43.11544],[-87.94359,43.11297],[-87.9453,43.11227],[-87.94575,43.11335],[-87.94396,43.11321],[-87.94389,43.11546],[-87.94603,43.11551],[-87.94504,43.11738],[-87.94544,43.11912],[-87.94621,43.12089],[-87.946,43.12823],[-87.94774,43.1323]]]}},{"type":"Feature","properties":{"GEOID":"55079070100","NAME":"Census Tract 701","COUNTY":"Milwaukee","ALAND":1616167,"AWATER":0,"lng":-87.90763,"lat":43.1207,"ALAND_SQMI":0.624,"nb":["55079035100","55079060101","55079060200","55079070200","55079070300"]},"geometry":{"type":"Polygon","coordinates":[[[-87.91365,43.11135],[-87.91183,43.11327],[-87.91175,43.11605],[-87.91227,43.11736],[-87.91168,43.11859],[-87.91155,43.12406],[-87.91211,43.12589],[-87.91216,43.13253],[-87.91129,43.13312],[-87.90958,43.13371],[-87.90816,43.13464],[-87.90819,43.1331],[-87.90632,43.13308],[-87.90654,43.12582],[-87.90416,43.12579],[-87.90426,43.12181],[-87.90219,43.11846],[-87.90222,43.11719],[-87.90171,43.11593],[-87.90002,43.11312],[-87.89945,43.11217],[-87.90212,43.1122],[-87.90215,43.11122],[-87.90821,43.11128],[-87.91188,43.11133],[-87.91365,43.11135]]]}},{"type":"Feature","properties":{"GEOID":"55079070200","NAME":"Census Tract 702","COUNTY":"Milwaukee","ALAND":2581764,"AWATER":2069356,"lng":-87.89423,"lat":43.11191,"ALAND_SQMI":0.9968,"nb":["55079035100","55079070100","55079070300","55079080100","55079080200","55079080300"]},"geometry":{"type":"Polygon","coordinates":[[[-87.90632,43.13308],[-87.90138,43.1332],[-87.90049,43.12591],[-87.89921,43.12283],[-87.89848,43.12108],[-87.89447,43.11572],[-87.89319,43.11401],[-87.87917,43.10172],[-87.87611,43.09903],[-87.87932,43.09892],[-87.88349,43.0987],[-87.88494,43.0987],[-87.8874,43.10014],[-87.8923,43.10018],[-87.89473,43.10019],[-87.89721,43.10021],[-87.8972,43.10391],[-87.89721,43.10573],[-87.89717,43.10755],[-87.89715,43.10873],[-87.89945,43.11217],[-87.90002,43.11312],[-87.90171,43.11593],[-87.90222,43.11719],[-87.90219,43.11846],[-87.90426,43.12181],[-87.90416,43.12579],[-87.90654,43.12582],[-87.90632,43.13308]]]}},{"type":"Feature","properties":{"GEOID":"55079070300","NAME":"Census Tract 703","COUNTY":"Milwaukee","ALAND":1280685,"AWATER":0,"lng":-87.90381,"lat":43.1063,"ALAND_SQMI":0.4945,"nb":["55079004400","55079060200","55079070100","55079070200","55079080100"]},"geometry":{"type":"Polygon","coordinates":[[[-87.91188,43.11133],[-87.90821,43.11128],[-87.90215,43.11122],[-87.90212,43.1122],[-87.89945,43.11217],[-87.89715,43.10873],[-87.89717,43.10755],[-87.89721,43.10573],[-87.8972,43.10391],[-87.89721,43.10021],[-87.90093,43.10025],[-87.90706,43.10031],[-87.90712,43.10401],[-87.90886,43.10403],[-87.90959,43.10452],[-87.912,43.10613],[-87.91188,43.11133]]]}},{"type":"Feature","properties":{"GEOID":"55079080100","NAME":"Census Tract 801","COUNTY":"Milwaukee","ALAND":996173,"AWATER":0,"lng":-87.89776,"lat":43.09554,"ALAND_SQMI":0.3846,"nb":["55079004400","55079070200","55079070300","55079080200","55079080400"]},"geometry":{"type":"Polygon","coordinates":[[[-87.90706,43.10031],[-87.90093,43.10025],[-87.89721,43.10021],[-87.89473,43.10019],[-87.8923,43.10018],[-87.89232,43.09554],[-87.89234,43.09213],[-87.89235,43.0892],[-87.89507,43.08921],[-87.89822,43.08917],[-87.89967,43.0902],[-87.90093,43.09318],[-87.90097,43.09566],[-87.90635,43.0978],[-87.90706,43.10031]]]}},{"type":"Feature","properties":{"GEOID":"55079080200","NAME":"Census Tract 802","COUNTY":"Milwaukee","ALAND":881854,"AWATER":0,"lng":-87.88775,"lat":43.09432,"ALAND_SQMI":0.3405,"nb":["55079070200","55079080100","55079080300","55079080400"]},"geometry":{"type":"Polygon","coordinates":[[[-87.89234,43.09213],[-87.89232,43.09554],[-87.8923,43.10018],[-87.8874,43.10014],[-87.88494,43.0987],[-87.88349,43.0987],[-87.88356,43.09627],[-87.88381,43.09559],[-87.88249,43.09463],[-87.8825,43.09262],[-87.88251,43.09161],[-87.88252,43.0892],[-87.885,43.08919],[-87.89235,43.0892],[-87.89234,43.09213]]]}},{"type":"Feature","properties":{"GEOID":"55079080300","NAME":"Census Tract 803","COUNTY":"Milwaukee","ALAND":1491398,"AWATER":946432,"lng":-87.87744,"lat":43.08961,"ALAND_SQMI":0.5758,"nb":["55079007400","55079070200","55079080200","55079080400"]},"geometry":{"type":"Polygon","coordinates":[[[-87.88356,43.09627],[-87.88349,43.0987],[-87.87932,43.09892],[-87.87611,43.09903],[-87.87608,43.09901],[-87.87087,43.08705],[-87.87076,43.08674],[-87.87064,43.08638],[-87.86991,43.08429],[-87.8701,43.08194],[-87.87011,43.08188],[-87.87291,43.08192],[-87.87546,43.08192],[-87.8827,43.08193],[-87.88262,43.08505],[-87.88252,43.0892],[-87.88251,43.09161],[-87.8825,43.09262],[-87.88249,43.09463],[-87.88381,43.09559],[-87.88356,43.09627]]]}},{"type":"Feature","properties":{"GEOID":"55079080400","NAME":"Census Tract 804","COUNTY":"Milwaukee","ALAND":747723,"AWATER":0,"lng":-87.88848,"lat":43.08592,"ALAND_SQMI":0.2887,"nb":["55079004400","55079007300","55079007400","55079080100","55079080200","55079080300"]},"geometry":{"type":"Polygon","coordinates":[[[-87.89507,43.08921],[-87.89235,43.0892],[-87.885,43.08919],[-87.88252,43.0892],[-87.88262,43.08505],[-87.8827,43.08193],[-87.88276,43.08193],[-87.88519,43.08193],[-87.88766,43.08193],[-87.89163,43.08194],[-87.89326,43.08577],[-87.89822,43.08917],[-87.89507,43.08921]]]}},{"type":"Feature","properties":{"GEOID":"55079090100","NAME":"Census Tract 901","COUNTY":"Milwaukee","ALAND":4506829,"AWATER":0,"lng":-88.04837,"lat":43.09737,"ALAND_SQMI":1.7401,"nb":["55079000400","55079000501","55079003300","55079003400","55079090200","55133200600","55133200700"]},"geometry":{"type":"Polygon","coordinates":[[[-88.06614,43.09829],[-88.06602,43.10422],[-88.05291,43.1043],[-88.04594,43.10434],[-88.03758,43.10441],[-88.02752,43.10445],[-88.02764,43.09698],[-88.02771,43.09019],[-88.02964,43.0902],[-88.03146,43.09154],[-88.03159,43.08984],[-88.03302,43.08985],[-88.03271,43.0914],[-88.03668,43.09074],[-88.03698,43.09691],[-88.03638,43.09518],[-88.03484,43.09467],[-88.03066,43.09694],[-88.031,43.09765],[-88.03764,43.09806],[-88.04266,43.09806],[-88.0427,43.09067],[-88.0477,43.09021],[-88.0477,43.08972],[-88.0595,43.08897],[-88.06627,43.08897],[-88.06614,43.09829]]]}},{"type":"Feature","properties":{"GEOID":"55079090200","NAME":"Census Tract 902","COUNTY":"Milwaukee","ALAND":3822389,"AWATER":9179,"lng":-88.05191,"lat":43.0819,"ALAND_SQMI":1.4758,"nb":["55079003400","55079005500","55079090100","55079090300","55133200700","55133200901"]},"geometry":{"type":"Polygon","coordinates":[[[-88.06627,43.08881],[-88.06627,43.08897],[-88.0595,43.08897],[-88.0477,43.08972],[-88.0394,43.08975],[-88.03823,43.08916],[-88.0384,43.08411],[-88.03775,43.08411],[-88.0384,43.08378],[-88.03874,43.07891],[-88.03687,43.07869],[-88.03521,43.07778],[-88.03419,43.07813],[-88.03387,43.07614],[-88.03798,43.07542],[-88.03838,43.07498],[-88.0583,43.07458],[-88.06378,43.0745],[-88.0666,43.07446],[-88.06627,43.08881]]]}},{"type":"Feature","properties":{"GEOID":"55079090300","NAME":"Census Tract 903","COUNTY":"Milwaukee","ALAND":4015001,"AWATER":0,"lng":-88.05153,"lat":43.0674,"ALAND_SQMI":1.5502,"nb":["55079005500","55079005600","55079090200","55079090700","55079185300","55133200901","55133201002"]},"geometry":{"type":"Polygon","coordinates":[[[-88.06673,43.06724],[-88.0666,43.07446],[-88.06378,43.0745],[-88.0583,43.07458],[-88.03838,43.07498],[-88.03561,43.07479],[-88.03522,43.07188],[-88.03841,43.06759],[-88.03729,43.06712],[-88.0365,43.06564],[-88.03742,43.06404],[-88.03487,43.06038],[-88.04545,43.0602],[-88.04766,43.05993],[-88.05046,43.05958],[-88.05336,43.05992],[-88.05409,43.06003],[-88.0563,43.06005],[-88.0576,43.06004],[-88.06682,43.05994],[-88.06673,43.06724]]]}},{"type":"Feature","properties":{"GEOID":"55079090600","NAME":"Census Tract 906","COUNTY":"Milwaukee","ALAND":3069808,"AWATER":243,"lng":-88.05439,"lat":43.03798,"ALAND_SQMI":1.1853,"nb":["55079012800","55079100800","55079185300","55133201001","55133201002","55133201102"]},"geometry":{"type":"Polygon","coordinates":[[[-88.06694,43.03644],[-88.0669,43.04546],[-88.0669,43.04548],[-88.05732,43.0455],[-88.05627,43.04551],[-88.04738,43.04558],[-88.04724,43.0383],[-88.04475,43.03838],[-88.03158,43.03836],[-88.03155,43.03616],[-88.03138,43.03547],[-88.04226,43.03471],[-88.04704,43.03508],[-88.04721,43.03386],[-88.04717,43.03101],[-88.05713,43.03095],[-88.06284,43.03091],[-88.06699,43.03088],[-88.06694,43.03644]]]}},{"type":"Feature","properties":{"GEOID":"55079090700","NAME":"Census Tract 907","COUNTY":"Milwaukee","ALAND":1804120,"AWATER":0,"lng":-88.02544,"lat":43.05922,"ALAND_SQMI":0.6966,"nb":["55079005600","55079090300","55079090800","55079091100","55079091200","55079185300"]},"geometry":{"type":"Polygon","coordinates":[[[-88.0365,43.06564],[-88.03729,43.06712],[-88.02753,43.06728],[-88.02501,43.06732],[-88.02249,43.06736],[-88.02248,43.06052],[-88.02221,43.05947],[-88.02182,43.05842],[-88.02087,43.05587],[-88.016,43.05226],[-88.00996,43.05248],[-88.00991,43.0503],[-88.00813,43.04942],[-88.0084,43.04927],[-88.00879,43.04906],[-88.01066,43.04923],[-88.01658,43.04934],[-88.02053,43.05042],[-88.02945,43.05687],[-88.03127,43.05891],[-88.03452,43.05987],[-88.03487,43.06038],[-88.03742,43.06404],[-88.0365,43.06564]]]}},{"type":"Feature","properties":{"GEOID":"55079090800","NAME":"Census Tract 908","COUNTY":"Milwaukee","ALAND":786986,"AWATER":0,"lng":-88.01759,"lat":43.06309,"ALAND_SQMI":0.3039,"nb":["55079005600","55079005700","55079090700","55079090900","55079091100"]},"geometry":{"type":"Polygon","coordinates":[[[-88.02249,43.06736],[-88.01857,43.06742],[-88.01745,43.06744],[-88.01245,43.06751],[-88.01247,43.0625],[-88.01344,43.06066],[-88.01342,43.05857],[-88.02182,43.05842],[-88.02221,43.05947],[-88.02248,43.06052],[-88.02249,43.06736]]]}},{"type":"Feature","properties":{"GEOID":"55079090900","NAME":"Census Tract 909","COUNTY":"Milwaukee","ALAND":1228445,"AWATER":0,"lng":-88.00911,"lat":43.06124,"ALAND_SQMI":0.4743,"nb":["55079005700","55079005800","55079009300","55079009400","55079090800","55079091000","55079091100"]},"geometry":{"type":"Polygon","coordinates":[[[-88.01344,43.06066],[-88.01247,43.0625],[-88.01245,43.06751],[-88.00744,43.06762],[-88.00743,43.06947],[-88.00517,43.06947],[-88.00506,43.06868],[-88.00508,43.06075],[-88.0021,43.06074],[-87.99975,43.06074],[-87.99752,43.06074],[-87.99494,43.06073],[-87.99359,43.06072],[-87.99092,43.06072],[-87.98754,43.0607],[-87.98756,43.05712],[-87.98756,43.0571],[-87.98856,43.05687],[-87.99358,43.05689],[-87.99974,43.0569],[-88.00344,43.05691],[-88.00402,43.05884],[-88.00746,43.05891],[-88.00745,43.05869],[-88.01342,43.05857],[-88.01344,43.06066]]]}},{"type":"Feature","properties":{"GEOID":"55079091000","NAME":"Census Tract 910","COUNTY":"Milwaukee","ALAND":1103937,"AWATER":0,"lng":-87.99711,"lat":43.06433,"ALAND_SQMI":0.4262,"nb":["55079005800","55079005900","55079009300","55079090900"]},"geometry":{"type":"Polygon","coordinates":[[[-88.00517,43.06947],[-88.0024,43.06947],[-88.00186,43.06805],[-87.99965,43.06804],[-87.99743,43.06803],[-87.99481,43.06804],[-87.99353,43.06804],[-87.99354,43.06619],[-87.9921,43.06618],[-87.99085,43.06758],[-87.98918,43.06761],[-87.98918,43.06617],[-87.9892,43.06435],[-87.9875,43.06438],[-87.98754,43.0607],[-87.99092,43.06072],[-87.99359,43.06072],[-87.99494,43.06073],[-87.99752,43.06074],[-87.99975,43.06074],[-88.0021,43.06074],[-88.00508,43.06075],[-88.00506,43.06868],[-88.00517,43.06947]]]}},{"type":"Feature","properties":{"GEOID":"55079091100","NAME":"Census Tract 911","COUNTY":"Milwaukee","ALAND":1721772,"AWATER":0,"lng":-88.00382,"lat":43.05493,"ALAND_SQMI":0.6648,"nb":["55079009400","55079012400","55079090700","55079090800","55079090900","55079091200"]},"geometry":{"type":"Polygon","coordinates":[[[-88.02182,43.05842],[-88.01342,43.05857],[-88.00745,43.05869],[-88.00746,43.05891],[-88.00402,43.05884],[-88.00344,43.05691],[-87.99974,43.0569],[-87.99358,43.05689],[-87.98856,43.05687],[-87.98756,43.0571],[-87.98756,43.05542],[-87.98757,43.05297],[-87.98755,43.04999],[-87.99251,43.05099],[-87.99479,43.05126],[-87.99678,43.0515],[-88.00131,43.05204],[-88.00318,43.05226],[-88.00742,43.05268],[-88.00996,43.05248],[-88.016,43.05226],[-88.02087,43.05587],[-88.02182,43.05842]]]}},{"type":"Feature","properties":{"GEOID":"55079091200","NAME":"Census Tract 912","COUNTY":"Milwaukee","ALAND":2366760,"AWATER":0,"lng":-88.00388,"lat":43.04673,"ALAND_SQMI":0.9138,"nb":["55079009400","55079012400","55079012500","55079090700","55079091100","55079091300","55079091400","55079185300"]},"geometry":{"type":"Polygon","coordinates":[[[-88.02038,43.04837],[-88.01658,43.04934],[-88.01066,43.04923],[-88.00879,43.04906],[-88.0084,43.04927],[-88.00813,43.04942],[-88.00991,43.0503],[-88.00996,43.05248],[-88.00742,43.05268],[-88.00318,43.05226],[-88.00131,43.05204],[-87.99678,43.0515],[-87.99479,43.05126],[-87.99251,43.05099],[-87.98755,43.04999],[-87.98735,43.04421],[-87.98753,43.04367],[-87.98752,43.04219],[-87.98752,43.04169],[-87.99525,43.04288],[-87.99848,43.04485],[-88.00065,43.04499],[-88.00239,43.04411],[-88.00382,43.04371],[-88.00484,43.04389],[-88.00892,43.04434],[-88.01065,43.04289],[-88.01353,43.04319],[-88.01429,43.04112],[-88.01588,43.04109],[-88.01634,43.03865],[-88.0193,43.03858],[-88.02,43.04191],[-88.01925,43.04272],[-88.02038,43.04584],[-88.02038,43.04837]]]}},{"type":"Feature","properties":{"GEOID":"55079091300","NAME":"Census Tract 913","COUNTY":"Milwaukee","ALAND":1720754,"AWATER":0,"lng":-88.00971,"lat":43.03779,"ALAND_SQMI":0.6644,"nb":["55079012600","55079012700","55079012800","55079091200","55079091400","55079185300"]},"geometry":{"type":"Polygon","coordinates":[[[-88.02363,43.03592],[-88.02186,43.03593],[-88.02189,43.03851],[-88.0193,43.03858],[-88.01634,43.03865],[-88.01588,43.04109],[-88.01429,43.04112],[-88.01353,43.04319],[-88.01065,43.04289],[-88.00892,43.04434],[-88.00484,43.04389],[-88.00382,43.04371],[-88.00239,43.04411],[-88.00237,43.03969],[-87.99569,43.03965],[-87.99555,43.03606],[-87.99677,43.03407],[-87.9974,43.03407],[-88.00129,43.03413],[-88.00234,43.03569],[-88.0073,43.03523],[-88.01034,43.03501],[-88.01608,43.03601],[-88.01623,43.03133],[-88.01724,43.03133],[-88.02358,43.03159],[-88.02363,43.03592]]]}},{"type":"Feature","properties":{"GEOID":"55079091400","NAME":"Census Tract 914","COUNTY":"Milwaukee","ALAND":807551,"AWATER":0,"lng":-87.99376,"lat":43.04025,"ALAND_SQMI":0.3118,"nb":["55079012500","55079012600","55079091200","55079091300"]},"geometry":{"type":"Polygon","coordinates":[[[-88.00239,43.04411],[-88.00065,43.04499],[-87.99848,43.04485],[-87.99525,43.04288],[-87.98752,43.04169],[-87.98748,43.04021],[-87.98407,43.04001],[-87.98406,43.0384],[-87.98498,43.03715],[-87.98751,43.037],[-87.98751,43.03644],[-87.98805,43.03702],[-87.98993,43.03631],[-87.99337,43.03613],[-87.99519,43.03652],[-87.99555,43.03606],[-87.99569,43.03965],[-88.00237,43.03969],[-88.00239,43.04411]]]}},{"type":"Feature","properties":{"GEOID":"55079100100","NAME":"Census Tract 1001","COUNTY":"Milwaukee","ALAND":859797,"AWATER":0,"lng":-87.98598,"lat":43.01657,"ALAND_SQMI":0.332,"nb":["55079013000","55079100200","55079110100","55079186800"]},"geometry":{"type":"Polygon","coordinates":[[[-87.98996,43.01227],[-87.98994,43.01393],[-87.98991,43.01674],[-87.98993,43.02086],[-87.98748,43.02088],[-87.98749,43.02237],[-87.98653,43.02405],[-87.98367,43.02403],[-87.98246,43.02413],[-87.9824,43.02006],[-87.98239,43.01838],[-87.98259,43.01835],[-87.98265,43.01396],[-87.98267,43.01229],[-87.98206,43.01205],[-87.98206,43.01018],[-87.98502,43.0101],[-87.98998,43.01016],[-87.98996,43.01227]]]}},{"type":"Feature","properties":{"GEOID":"55079100200","NAME":"Census Tract 1002","COUNTY":"Milwaukee","ALAND":1965664,"AWATER":0,"lng":-87.99142,"lat":43.01462,"ALAND_SQMI":0.7589,"nb":["55079012900","55079013000","55079019000","55079100100","55079100300","55079101500","55079101600","55079110100"]},"geometry":{"type":"Polygon","coordinates":[[[-88.00028,43.01032],[-88.00024,43.01221],[-88.00022,43.01302],[-88.0,43.02417],[-87.99741,43.02428],[-87.99242,43.02414],[-87.98653,43.02405],[-87.98749,43.02237],[-87.98748,43.02088],[-87.98993,43.02086],[-87.98991,43.01674],[-87.98994,43.01393],[-87.98996,43.01227],[-87.98998,43.01016],[-87.98502,43.0101],[-87.98206,43.01018],[-87.97638,43.0102],[-87.97639,43.00836],[-87.97743,43.00836],[-87.97757,43.00385],[-87.97757,43.00371],[-87.98389,43.00579],[-87.98623,43.00658],[-87.9891,43.00754],[-87.99576,43.00972],[-87.99794,43.01006],[-88.00028,43.0101],[-88.00028,43.01032]]]}},{"type":"Feature","properties":{"GEOID":"55079100300","NAME":"Census Tract 1003","COUNTY":"Milwaukee","ALAND":779874,"AWATER":0,"lng":-88.00314,"lat":43.01726,"ALAND_SQMI":0.3011,"nb":["55079012700","55079012900","55079100200","55079100400","55079101500"]},"geometry":{"type":"Polygon","coordinates":[[[-88.00724,43.02422],[-88.0,43.02417],[-88.00022,43.01302],[-88.00024,43.01221],[-88.00028,43.01032],[-88.00028,43.0101],[-88.00145,43.01009],[-88.00498,43.01009],[-88.00611,43.01008],[-88.00615,43.01026],[-88.00609,43.01301],[-88.00605,43.01664],[-88.00602,43.01853],[-88.00597,43.02232],[-88.00724,43.02408],[-88.00724,43.02422]]]}},{"type":"Feature","properties":{"GEOID":"55079100400","NAME":"Census Tract 1004","COUNTY":"Milwaukee","ALAND":1389954,"AWATER":0,"lng":-88.01163,"lat":43.01704,"ALAND_SQMI":0.5367,"nb":["55079012700","55079012800","55079100300","55079100500","55079100600","55079101400","55079101500"]},"geometry":{"type":"Polygon","coordinates":[[[-88.01727,43.02395],[-88.00724,43.02408],[-88.00597,43.02232],[-88.00602,43.01853],[-88.00605,43.01664],[-88.00609,43.01301],[-88.00615,43.01026],[-88.00611,43.01008],[-88.01221,43.01007],[-88.01715,43.01006],[-88.01714,43.01067],[-88.0171,43.01179],[-88.01709,43.01295],[-88.01709,43.01409],[-88.01713,43.01656],[-88.01727,43.02395]]]}},{"type":"Feature","properties":{"GEOID":"55079100500","NAME":"Census Tract 1005","COUNTY":"Milwaukee","ALAND":1127567,"AWATER":0,"lng":-88.02672,"lat":43.01327,"ALAND_SQMI":0.4354,"nb":["55079100400","55079100600","55079100700","55079100900","55079101400","55079101500"]},"geometry":{"type":"Polygon","coordinates":[[[-88.03633,43.01222],[-88.0363,43.01645],[-88.03322,43.01647],[-88.03173,43.01648],[-88.0304,43.01649],[-88.02723,43.0165],[-88.02708,43.01651],[-88.02222,43.01653],[-88.01713,43.01656],[-88.01709,43.01409],[-88.01709,43.01295],[-88.0171,43.01179],[-88.01714,43.01067],[-88.01715,43.01006],[-88.0236,43.01004],[-88.02712,43.01004],[-88.03078,43.01003],[-88.03667,43.01003],[-88.03633,43.01222]]]}},{"type":"Feature","properties":{"GEOID":"55079100600","NAME":"Census Tract 1006","COUNTY":"Milwaukee","ALAND":693011,"AWATER":0,"lng":-88.02237,"lat":43.02038,"ALAND_SQMI":0.2676,"nb":["55079012700","55079012800","55079100400","55079100500","55079100700"]},"geometry":{"type":"Polygon","coordinates":[[[-88.02731,43.02497],[-88.02518,43.02493],[-88.02354,43.02385],[-88.01727,43.02395],[-88.01713,43.01656],[-88.02222,43.01653],[-88.02708,43.01651],[-88.02723,43.0165],[-88.02731,43.02497]]]}},{"type":"Feature","properties":{"GEOID":"55079100700","NAME":"Census Tract 1007","COUNTY":"Milwaukee","ALAND":1690871,"AWATER":0,"lng":-88.0379,"lat":43.02132,"ALAND_SQMI":0.6528,"nb":["55079012800","55079100500","55079100600","55079100800","55079100900"]},"geometry":{"type":"Polygon","coordinates":[[[-88.04717,43.03099],[-88.04587,43.03101],[-88.04489,43.02665],[-88.04235,43.02583],[-88.03622,43.02514],[-88.02926,43.02501],[-88.02731,43.02497],[-88.02723,43.0165],[-88.0304,43.01649],[-88.03173,43.01648],[-88.03322,43.01647],[-88.0363,43.01645],[-88.03841,43.01644],[-88.042,43.01644],[-88.04688,43.01642],[-88.04693,43.01642],[-88.04712,43.01825],[-88.04717,43.03099]]]}},{"type":"Feature","properties":{"GEOID":"55079100800","NAME":"Census Tract 1008","COUNTY":"Milwaukee","ALAND":2617672,"AWATER":14646,"lng":-88.05711,"lat":43.02365,"ALAND_SQMI":1.0107,"nb":["55079012800","55079090600","55079100700","55079100900","55133201102","55133201402"]},"geometry":{"type":"Polygon","coordinates":[[[-88.06715,43.02184],[-88.06699,43.03088],[-88.06284,43.03091],[-88.05713,43.03095],[-88.04717,43.03101],[-88.04717,43.03099],[-88.04712,43.01825],[-88.04693,43.01642],[-88.05709,43.0164],[-88.06725,43.0164],[-88.06715,43.02184]]]}},{"type":"Feature","properties":{"GEOID":"55079100900","NAME":"Census Tract 1009","COUNTY":"Milwaukee","ALAND":3776145,"AWATER":30353,"lng":-88.05215,"lat":43.0096,"ALAND_SQMI":1.458,"nb":["55079100500","55079100700","55079100800","55079101000","55079101100","55079101300","55079101400","55133201102","55133201402"]},"geometry":{"type":"Polygon","coordinates":[[[-88.0675,43.00704],[-88.06746,43.01001],[-88.06725,43.0164],[-88.05709,43.0164],[-88.04693,43.01642],[-88.04688,43.01642],[-88.042,43.01644],[-88.03841,43.01644],[-88.0363,43.01645],[-88.03633,43.01222],[-88.03667,43.01003],[-88.03671,43.00987],[-88.03822,43.0026],[-88.03951,43.0026],[-88.04693,43.00258],[-88.06774,43.00282],[-88.0675,43.00704]]]}},{"type":"Feature","properties":{"GEOID":"55079101000","NAME":"Census Tract 1010","COUNTY":"Milwaukee","ALAND":4166392,"AWATER":0,"lng":-88.05764,"lat":42.99174,"ALAND_SQMI":1.6087,"nb":["55079100900","55079101100","55079120102","55133201402","55133201508"]},"geometry":{"type":"Polygon","coordinates":[[[-88.06833,42.98823],[-88.06803,42.99549],[-88.0678,42.99995],[-88.06774,43.00282],[-88.04693,43.00258],[-88.04707,42.99111],[-88.0471,42.98806],[-88.04724,42.98444],[-88.04739,42.98083],[-88.05076,42.98083],[-88.05723,42.98084],[-88.06862,42.98096],[-88.06833,42.98823]]]}},{"type":"Feature","properties":{"GEOID":"55079101100","NAME":"Census Tract 1011","COUNTY":"Milwaukee","ALAND":1347710,"AWATER":0,"lng":-88.04277,"lat":42.99422,"ALAND_SQMI":0.5204,"nb":["55079100900","55079101000","55079101200","55079101300","55079101400","55079120102"]},"geometry":{"type":"Polygon","coordinates":[[[-88.0471,42.98806],[-88.04707,42.99111],[-88.04693,43.00258],[-88.03951,43.0026],[-88.03822,43.0026],[-88.03784,42.99537],[-88.03794,42.98985],[-88.03834,42.9881],[-88.0422,42.98809],[-88.04232,42.98447],[-88.04724,42.98444],[-88.0471,42.98806]]]}},{"type":"Feature","properties":{"GEOID":"55079101200","NAME":"Census Tract 1012","COUNTY":"Milwaukee","ALAND":1343091,"AWATER":0,"lng":-88.02774,"lat":42.9918,"ALAND_SQMI":0.5186,"nb":["55079019400","55079019600","55079101100","55079101300","55079101800","55079120102"]},"geometry":{"type":"Polygon","coordinates":[[[-88.03794,42.98985],[-88.03784,42.99537],[-88.03585,42.99539],[-88.03241,42.99541],[-88.02732,42.99545],[-88.02238,42.99546],[-88.01745,42.99548],[-88.01747,42.9943],[-88.0175,42.99174],[-88.01756,42.98824],[-88.02746,42.9882],[-88.0287,42.98819],[-88.03769,42.9881],[-88.03834,42.9881],[-88.03794,42.98985]]]}},{"type":"Feature","properties":{"GEOID":"55079101300","NAME":"Census Tract 1013","COUNTY":"Milwaukee","ALAND":1355858,"AWATER":0,"lng":-88.02769,"lat":42.99907,"ALAND_SQMI":0.5235,"nb":["55079100900","55079101100","55079101200","55079101400","55079101700","55079101800"]},"geometry":{"type":"Polygon","coordinates":[[[-88.03822,43.0026],[-88.0358,43.00261],[-88.03085,43.00266],[-88.02716,43.0027],[-88.02348,43.00271],[-88.02223,43.00272],[-88.0173,43.00274],[-88.01737,42.99911],[-88.01741,42.99714],[-88.01745,42.99548],[-88.02238,42.99546],[-88.02732,42.99545],[-88.03241,42.99541],[-88.03585,42.99539],[-88.03784,42.99537],[-88.03822,43.0026]]]}},{"type":"Feature","properties":{"GEOID":"55079101400","NAME":"Census Tract 1014","COUNTY":"Milwaukee","ALAND":1346031,"AWATER":0,"lng":-88.02737,"lat":43.00632,"ALAND_SQMI":0.5197,"nb":["55079100400","55079100500","55079100900","55079101100","55079101300","55079101500","55079101700"]},"geometry":{"type":"Polygon","coordinates":[[[-88.03671,43.00987],[-88.03667,43.01003],[-88.03078,43.01003],[-88.02712,43.01004],[-88.0236,43.01004],[-88.01715,43.01006],[-88.01727,43.00394],[-88.0173,43.00274],[-88.02223,43.00272],[-88.02348,43.00271],[-88.02716,43.0027],[-88.03085,43.00266],[-88.0358,43.00261],[-88.03822,43.0026],[-88.03671,43.00987]]]}},{"type":"Feature","properties":{"GEOID":"55079101500","NAME":"Census Tract 1015","COUNTY":"Milwaukee","ALAND":1051355,"AWATER":0,"lng":-88.00736,"lat":43.00714,"ALAND_SQMI":0.4059,"nb":["55079100200","55079100300","55079100400","55079100500","55079101400","55079101600","55079101700"]},"geometry":{"type":"Polygon","coordinates":[[[-88.01715,43.01006],[-88.01221,43.01007],[-88.00611,43.01008],[-88.00498,43.01009],[-88.00145,43.01009],[-88.00028,43.0101],[-87.99794,43.01006],[-87.99678,43.00821],[-87.99682,43.00461],[-88.00035,43.00458],[-88.00152,43.00458],[-88.00508,43.00455],[-88.00625,43.00454],[-88.00744,43.00401],[-88.01017,43.00399],[-88.01158,43.00398],[-88.01727,43.00394],[-88.01715,43.01006]]]}},{"type":"Feature","properties":{"GEOID":"55079101600","NAME":"Census Tract 1016","COUNTY":"Milwaukee","ALAND":1454831,"AWATER":0,"lng":-87.98873,"lat":43.00305,"ALAND_SQMI":0.5617,"nb":["55079019000","55079019200","55079019300","55079100200","55079101500","55079101700"]},"geometry":{"type":"Polygon","coordinates":[[[-87.99794,43.01006],[-87.99576,43.00972],[-87.9891,43.00754],[-87.98623,43.00658],[-87.98389,43.00579],[-87.97757,43.00371],[-87.9757,43.00289],[-87.97758,43.00292],[-87.97762,43.00031],[-87.97764,42.99928],[-87.98452,42.99929],[-87.98545,42.99806],[-87.98667,42.99755],[-87.98758,42.99747],[-87.98825,42.99776],[-87.98893,42.99876],[-87.98953,42.99888],[-87.99341,42.99888],[-87.99576,42.99883],[-87.99749,42.99905],[-87.99744,43.00279],[-87.99682,43.00461],[-87.99678,43.00821],[-87.99794,43.01006]]]}},{"type":"Feature","properties":{"GEOID":"55079101700","NAME":"Census Tract 1017","COUNTY":"Milwaukee","ALAND":932628,"AWATER":0,"lng":-88.00702,"lat":43.00171,"ALAND_SQMI":0.3601,"nb":["55079019300","55079101300","55079101400","55079101500","55079101600","55079101800"]},"geometry":{"type":"Polygon","coordinates":[[[-88.0173,43.00274],[-88.01727,43.00394],[-88.01158,43.00398],[-88.01017,43.00399],[-88.00744,43.00401],[-88.00625,43.00454],[-88.00508,43.00455],[-88.00152,43.00458],[-88.00035,43.00458],[-87.99682,43.00461],[-87.99744,43.00279],[-87.99749,42.99905],[-88.00128,42.99902],[-88.00217,42.99921],[-88.00386,42.99918],[-88.00751,42.99917],[-88.01016,42.99915],[-88.01737,42.99911],[-88.0173,43.00274]]]}},{"type":"Feature","properties":{"GEOID":"55079101800","NAME":"Census Tract 1018","COUNTY":"Milwaukee","ALAND":1517625,"AWATER":15790,"lng":-88.00972,"lat":42.99371,"ALAND_SQMI":0.586,"nb":["55079019200","55079019300","55079019400","55079019600","55079101200","55079101300","55079101700"]},"geometry":{"type":"Polygon","coordinates":[[[-88.0175,42.99174],[-88.01747,42.9943],[-88.01745,42.99548],[-88.01741,42.99714],[-88.01737,42.99911],[-88.01016,42.99915],[-88.00751,42.99917],[-88.00386,42.99918],[-88.00217,42.99921],[-88.00128,42.99902],[-88.00189,42.99902],[-88.00203,42.99034],[-88.00209,42.98832],[-88.00764,42.98827],[-88.0126,42.98826],[-88.01756,42.98824],[-88.0175,42.99174]]]}},{"type":"Feature","properties":{"GEOID":"55079110100","NAME":"Census Tract 1101","COUNTY":"Milwaukee","ALAND":2897231,"AWATER":0,"lng":-87.97099,"lat":43.01245,"ALAND_SQMI":1.1186,"nb":["55079016000","55079016100","55079017100","55079017200","55079019000","55079100100","55079100200","55079186800"]},"geometry":{"type":"Polygon","coordinates":[[[-87.98265,43.01396],[-87.98259,43.01835],[-87.98239,43.01838],[-87.97918,43.01898],[-87.9695,43.0207],[-87.96938,43.02416],[-87.96235,43.02417],[-87.96229,43.02343],[-87.96233,43.02133],[-87.9617,43.02137],[-87.96178,43.019],[-87.96185,43.01688],[-87.9675,43.01685],[-87.96751,43.01431],[-87.96655,43.01323],[-87.96269,43.01325],[-87.96272,43.01231],[-87.96641,43.01226],[-87.96633,43.01016],[-87.96098,43.00981],[-87.96105,43.00662],[-87.96112,43.00299],[-87.9685,43.0029],[-87.96851,43.00079],[-87.97757,43.00385],[-87.97743,43.00836],[-87.97639,43.00836],[-87.97638,43.0102],[-87.98206,43.01018],[-87.98206,43.01205],[-87.98267,43.01229],[-87.98265,43.01396]]]}},{"type":"Feature","properties":{"GEOID":"55079120101","NAME":"Census Tract 1201.01","COUNTY":"Milwaukee","ALAND":5350704,"AWATER":14778,"lng":-88.04817,"lat":42.9592,"ALAND_SQMI":2.0659,"nb":["55079120102","55079120201","55079120203","55079130100","55079140100","55133201504","55133201507"]},"geometry":{"type":"Polygon","coordinates":[[[-88.06925,42.95918],[-88.0691,42.96639],[-88.04778,42.96637],[-88.0382,42.96641],[-88.0279,42.96646],[-88.02794,42.96455],[-88.028,42.96195],[-88.028,42.96171],[-88.02806,42.95922],[-88.0282,42.95222],[-88.02741,42.95128],[-88.02823,42.95064],[-88.03012,42.94877],[-88.03107,42.94856],[-88.03319,42.95127],[-88.03812,42.95345],[-88.03814,42.95249],[-88.04795,42.95244],[-88.06929,42.95237],[-88.06925,42.95918]]]}},{"type":"Feature","properties":{"GEOID":"55079120102","NAME":"Census Tract 1201.02","COUNTY":"Milwaukee","ALAND":5221935,"AWATER":0,"lng":-88.04967,"lat":42.97411,"ALAND_SQMI":2.0162,"nb":["55079019400","55079019500","55079101000","55079101100","55079101200","55079120101","55079120201","55133201507","55133201508"]},"geometry":{"type":"Polygon","coordinates":[[[-88.06889,42.97367],[-88.06866,42.97983],[-88.06862,42.98096],[-88.05723,42.98084],[-88.05076,42.98083],[-88.04739,42.98083],[-88.04724,42.98444],[-88.04232,42.98447],[-88.0422,42.98809],[-88.03834,42.9881],[-88.03769,42.9881],[-88.03747,42.98744],[-88.0375,42.98097],[-88.03749,42.98092],[-88.03768,42.97363],[-88.02775,42.97369],[-88.0279,42.96646],[-88.0382,42.96641],[-88.04778,42.96637],[-88.0691,42.96639],[-88.06889,42.97367]]]}},{"type":"Feature","properties":{"GEOID":"55079120201","NAME":"Census Tract 1202.01","COUNTY":"Milwaukee","ALAND":1859545,"AWATER":0,"lng":-88.0187,"lat":42.96738,"ALAND_SQMI":0.718,"nb":["55079019500","55079019700","55079120101","55079120102","55079120202","55079120203"]},"geometry":{"type":"Polygon","coordinates":[[[-88.02794,42.96455],[-88.0279,42.96646],[-88.02775,42.97369],[-88.02231,42.97371],[-88.01785,42.97373],[-88.01476,42.97374],[-88.01477,42.96986],[-88.01302,42.96989],[-88.00807,42.96994],[-88.00826,42.96186],[-88.01094,42.96153],[-88.01813,42.96216],[-88.02185,42.9625],[-88.028,42.96195],[-88.02794,42.96455]]]}},{"type":"Feature","properties":{"GEOID":"55079120202","NAME":"Census Tract 1202.02","COUNTY":"Milwaukee","ALAND":1788049,"AWATER":0,"lng":-87.99865,"lat":42.96586,"ALAND_SQMI":0.6904,"nb":["55079019700","55079019800","55079019900","55079120201","55079120203","55079120400"]},"geometry":{"type":"Polygon","coordinates":[[[-88.00826,42.96186],[-88.00807,42.96994],[-87.99876,42.97005],[-87.99808,42.97047],[-87.99285,42.97386],[-87.99006,42.97388],[-87.99011,42.9721],[-87.9927,42.97208],[-87.99276,42.97024],[-87.98822,42.96988],[-87.98813,42.96988],[-87.98826,42.96663],[-87.98842,42.96243],[-87.99833,42.96257],[-87.99844,42.95931],[-88.00832,42.95925],[-88.00826,42.96186]]]}},{"type":"Feature","properties":{"GEOID":"55079120203","NAME":"Census Tract 1202.03","COUNTY":"Milwaukee","ALAND":3235326,"AWATER":0,"lng":-88.00777,"lat":42.95695,"ALAND_SQMI":1.2492,"nb":["55079120101","55079120201","55079120202","55079120400","55079120501","55079120502","55079140100","55079140201"]},"geometry":{"type":"Polygon","coordinates":[[[-88.02806,42.95922],[-88.028,42.96171],[-88.028,42.96195],[-88.02185,42.9625],[-88.01813,42.96216],[-88.01094,42.96153],[-88.00826,42.96186],[-88.00832,42.95925],[-87.99844,42.95931],[-87.99833,42.96257],[-87.98842,42.96243],[-87.98854,42.95939],[-87.98864,42.95213],[-87.99854,42.95207],[-87.99856,42.95088],[-88.00844,42.95081],[-88.00845,42.95039],[-88.0098,42.95039],[-88.00841,42.95201],[-88.00889,42.95291],[-88.01266,42.9529],[-88.01133,42.95506],[-88.01333,42.95381],[-88.01826,42.95422],[-88.02384,42.95369],[-88.02741,42.95128],[-88.0282,42.95222],[-88.02806,42.95922]]]}},{"type":"Feature","properties":{"GEOID":"55079120300","NAME":"Census Tract 1203","COUNTY":"Milwaukee","ALAND":886271,"AWATER":0,"lng":-87.97361,"lat":42.98113,"ALAND_SQMI":0.3422,"nb":["55079019100","55079019800","55079019900","55079120400"]},"geometry":{"type":"Polygon","coordinates":[[[-87.98014,42.98115],[-87.98014,42.98161],[-87.9791,42.98224],[-87.97789,42.98299],[-87.97576,42.98373],[-87.97526,42.98457],[-87.97403,42.98532],[-87.97142,42.9869],[-87.9714,42.98751],[-87.97226,42.98701],[-87.97224,42.98788],[-87.9699,42.9871],[-87.97143,42.98557],[-87.96859,42.98618],[-87.96794,42.98573],[-87.9681,42.97862],[-87.97062,42.97863],[-87.97057,42.97508],[-87.96995,42.97498],[-87.96997,42.97449],[-87.96823,42.9739],[-87.97038,42.9739],[-87.97016,42.97498],[-87.97067,42.97498],[-87.97065,42.97598],[-87.9727,42.97617],[-87.97348,42.97861],[-87.97556,42.97863],[-87.9756,42.97574],[-87.97682,42.97573],[-87.97804,42.97755],[-87.97989,42.97754],[-87.97995,42.97648],[-87.98109,42.98067],[-87.98014,42.98115]]]}},{"type":"Feature","properties":{"GEOID":"55079120400","NAME":"Census Tract 1204","COUNTY":"Milwaukee","ALAND":4794658,"AWATER":0,"lng":-87.96556,"lat":42.96672,"ALAND_SQMI":1.8512,"nb":["55079019100","55079019900","55079020000","55079021300","55079021400","55079021500","55079120202","55079120203","55079120300","55079120502"]},"geometry":{"type":"Polygon","coordinates":[[[-87.98842,42.96243],[-87.98826,42.96663],[-87.98329,42.96664],[-87.98326,42.96756],[-87.9783,42.96756],[-87.97833,42.96665],[-87.97756,42.97083],[-87.97407,42.97083],[-87.97401,42.97295],[-87.97483,42.97391],[-87.97332,42.97391],[-87.97334,42.97295],[-87.97238,42.97391],[-87.97038,42.9739],[-87.96823,42.9739],[-87.96825,42.9727],[-87.96775,42.9739],[-87.96483,42.97391],[-87.9648,42.97518],[-87.96013,42.9752],[-87.95826,42.97784],[-87.95761,42.97981],[-87.95696,42.98047],[-87.9545,42.98032],[-87.95388,42.98033],[-87.95388,42.9807],[-87.95326,42.9807],[-87.9532,42.97716],[-87.95605,42.97501],[-87.95388,42.97393],[-87.94851,42.97394],[-87.94864,42.96665],[-87.94872,42.95941],[-87.96856,42.9594],[-87.96966,42.9594],[-87.98854,42.95939],[-87.98842,42.96243]]]}},{"type":"Feature","properties":{"GEOID":"55079120501","NAME":"Census Tract 1205.01","COUNTY":"Milwaukee","ALAND":2606172,"AWATER":0,"lng":-87.96678,"lat":42.94073,"ALAND_SQMI":1.0062,"nb":["55079021700","55079021800","55079120203","55079120502","55079140201","55079140202","55079150100","55079160102"]},"geometry":{"type":"Polygon","coordinates":[[[-87.98864,42.95213],[-87.9687,42.95214],[-87.96883,42.9449],[-87.96451,42.94488],[-87.96468,42.93836],[-87.96407,42.93764],[-87.9631,42.93764],[-87.95548,42.93762],[-87.94924,42.93762],[-87.94938,42.93037],[-87.9593,42.9304],[-87.96371,42.93039],[-87.9691,42.93039],[-87.96913,42.93403],[-87.96668,42.934],[-87.96657,42.93764],[-87.96902,42.93765],[-87.96895,42.9402],[-87.9728,42.94021],[-87.97268,42.94489],[-87.9763,42.94489],[-87.97628,42.94613],[-87.97877,42.94615],[-87.97872,42.9489],[-87.98131,42.9489],[-87.98301,42.94745],[-87.9852,42.94932],[-87.98868,42.94928],[-87.98864,42.95213]]]}},{"type":"Feature","properties":{"GEOID":"55079120502","NAME":"Census Tract 1205.02","COUNTY":"Milwaukee","ALAND":4060848,"AWATER":0,"lng":-87.96511,"lat":42.95304,"ALAND_SQMI":1.5679,"nb":["55079021400","55079021500","55079021700","55079021800","55079120203","55079120400","55079120501","55079140201"]},"geometry":{"type":"Polygon","coordinates":[[[-87.98854,42.95939],[-87.96966,42.9594],[-87.96856,42.9594],[-87.94872,42.95941],[-87.94887,42.95213],[-87.94905,42.94486],[-87.94909,42.94368],[-87.95396,42.94369],[-87.95719,42.94369],[-87.95806,42.94487],[-87.96017,42.94488],[-87.96022,42.94328],[-87.96228,42.9431],[-87.96451,42.94488],[-87.96883,42.9449],[-87.9687,42.95214],[-87.98864,42.95213],[-87.98854,42.95939]]]}},{"type":"Feature","properties":{"GEOID":"55079130100","NAME":"Census Tract 1301","COUNTY":"Milwaukee","ALAND":5495500,"AWATER":0,"lng":-88.0441,"lat":42.94282,"ALAND_SQMI":2.1218,"nb":["55079120101","55079130200","55079140100","55079150301","55079150304","55133201504"]},"geometry":{"type":"Polygon","coordinates":[[[-88.06929,42.95237],[-88.04795,42.95244],[-88.03814,42.95249],[-88.03812,42.95345],[-88.03319,42.95127],[-88.03107,42.94856],[-88.03012,42.94877],[-88.02829,42.94799],[-88.02836,42.94474],[-88.02581,42.94414],[-88.02585,42.9424],[-88.0284,42.94239],[-88.02857,42.9303],[-88.03852,42.93024],[-88.03879,42.92844],[-88.04547,42.92838],[-88.0454,42.93018],[-88.04836,42.93016],[-88.04821,42.93743],[-88.04822,42.94467],[-88.05815,42.94461],[-88.06938,42.94453],[-88.06929,42.95237]]]}},{"type":"Feature","properties":{"GEOID":"55079130200","NAME":"Census Tract 1302","COUNTY":"Milwaukee","ALAND":2771078,"AWATER":15882,"lng":-88.05885,"lat":42.93733,"ALAND_SQMI":1.0699,"nb":["55079130100","55079150301","55079150304","55133201504"]},"geometry":{"type":"Polygon","coordinates":[[[-88.06938,42.94453],[-88.05815,42.94461],[-88.04822,42.94467],[-88.04821,42.93743],[-88.04836,42.93016],[-88.06353,42.93001],[-88.0695,42.92995],[-88.06938,42.94453]]]}},{"type":"Feature","properties":{"GEOID":"55079140100","NAME":"Census Tract 1401","COUNTY":"Milwaukee","ALAND":5650346,"AWATER":0,"lng":-88.0189,"lat":42.9374,"ALAND_SQMI":2.1816,"nb":["55079120101","55079120203","55079130100","55079140201","55079150304"]},"geometry":{"type":"Polygon","coordinates":[[[-88.03012,42.94877],[-88.02823,42.95064],[-88.02741,42.95128],[-88.02384,42.95369],[-88.01826,42.95422],[-88.01333,42.95381],[-88.01133,42.95506],[-88.01266,42.9529],[-88.00889,42.95291],[-88.00841,42.95201],[-88.0098,42.95039],[-88.00845,42.95039],[-88.0086,42.94478],[-88.00897,42.92479],[-88.01638,42.92478],[-88.0164,42.92404],[-88.01651,42.91963],[-88.02884,42.91974],[-88.02857,42.9303],[-88.0284,42.94239],[-88.02585,42.9424],[-88.02581,42.94414],[-88.02836,42.94474],[-88.02829,42.94799],[-88.03012,42.94877]]]}},{"type":"Feature","properties":{"GEOID":"55079140201","NAME":"Census Tract 1402.01","COUNTY":"Milwaukee","ALAND":4656853,"AWATER":0,"lng":-87.99913,"lat":42.93902,"ALAND_SQMI":1.798,"nb":["55079120203","55079120501","55079120502","55079140100","55079140202","55079150100","55079150304"]},"geometry":{"type":"Polygon","coordinates":[[[-88.00897,42.92479],[-88.0086,42.94478],[-88.00845,42.95039],[-88.00844,42.95081],[-87.99856,42.95088],[-87.99854,42.95207],[-87.98864,42.95213],[-87.98868,42.94928],[-87.9852,42.94932],[-87.98301,42.94745],[-87.98491,42.94582],[-87.98568,42.9449],[-87.99057,42.93653],[-87.99152,42.93485],[-87.99382,42.93083],[-87.99676,42.92646],[-88.0015,42.92327],[-88.003,42.92329],[-88.00655,42.92132],[-88.00904,42.92192],[-88.00897,42.92479]]]}},{"type":"Feature","properties":{"GEOID":"55079140202","NAME":"Census Tract 1402.02","COUNTY":"Milwaukee","ALAND":4107316,"AWATER":22101,"lng":-87.98159,"lat":42.9344,"ALAND_SQMI":1.5858,"nb":["55079120501","55079140201","55079150100"]},"geometry":{"type":"Polygon","coordinates":[[[-87.99676,42.92646],[-87.99382,42.93083],[-87.99152,42.93485],[-87.99057,42.93653],[-87.98568,42.9449],[-87.98491,42.94582],[-87.98301,42.94745],[-87.98131,42.9489],[-87.97872,42.9489],[-87.97877,42.94615],[-87.97628,42.94613],[-87.9763,42.94489],[-87.97268,42.94489],[-87.9728,42.94021],[-87.96895,42.9402],[-87.96902,42.93765],[-87.96657,42.93764],[-87.96668,42.934],[-87.96913,42.93403],[-87.9691,42.93039],[-87.96926,42.92698],[-87.97918,42.92688],[-87.97922,42.92562],[-87.98905,42.92549],[-87.98911,42.92314],[-88.0015,42.92327],[-87.99676,42.92646]]]}},{"type":"Feature","properties":{"GEOID":"55079150100","NAME":"Census Tract 1501","COUNTY":"Milwaukee","ALAND":13308545,"AWATER":87446,"lng":-87.97756,"lat":42.91424,"ALAND_SQMI":5.1385,"nb":["55079021700","55079120501","55079140201","55079140202","55079150303","55079150304","55079160102","55079160203","55079187200","55079187300"]},"geometry":{"type":"Polygon","coordinates":[[[-88.00917,42.91611],[-88.00911,42.91867],[-88.00904,42.92192],[-88.00655,42.92132],[-88.003,42.92329],[-88.0015,42.92327],[-87.98911,42.92314],[-87.98905,42.92549],[-87.97922,42.92562],[-87.97918,42.92688],[-87.96926,42.92698],[-87.9691,42.93039],[-87.96371,42.93039],[-87.9593,42.9304],[-87.94938,42.93037],[-87.94991,42.91638],[-87.95039,42.9018],[-87.96034,42.90172],[-87.98005,42.90149],[-87.99966,42.90151],[-88.00543,42.90157],[-88.00955,42.90161],[-88.00917,42.91611]]]}},{"type":"Feature","properties":{"GEOID":"55079150301","NAME":"Census Tract 1503.01","COUNTY":"Milwaukee","ALAND":15950122,"AWATER":51679,"lng":-88.05345,"lat":42.89784,"ALAND_SQMI":6.1584,"nb":["55079130100","55079130200","55079150303","55079150304","55079187200","55133201504","55133201900"]},"geometry":{"type":"Polygon","coordinates":[[[-88.06959,42.92381],[-88.0695,42.92995],[-88.06353,42.93001],[-88.04836,42.93016],[-88.04832,42.92734],[-88.04624,42.92325],[-88.04596,42.91604],[-88.04454,42.91402],[-88.04007,42.9104],[-88.03925,42.90842],[-88.0392,42.90573],[-88.03942,42.89105],[-88.03906,42.89017],[-88.038,42.88901],[-88.03598,42.88704],[-88.03075,42.88194],[-88.02454,42.87431],[-88.02353,42.87364],[-88.02171,42.87291],[-88.01963,42.87259],[-88.04978,42.87245],[-88.06959,42.87288],[-88.06956,42.89826],[-88.06959,42.91329],[-88.06959,42.92195],[-88.06959,42.92381]]]}},{"type":"Feature","properties":{"GEOID":"55079150303","NAME":"Census Tract 1503.03","COUNTY":"Milwaukee","ALAND":6650914,"AWATER":0,"lng":-88.02313,"lat":42.88962,"ALAND_SQMI":2.5679,"nb":["55079150100","55079150301","55079150304","55079187200"]},"geometry":{"type":"Polygon","coordinates":[[[-88.0392,42.90573],[-88.03637,42.90561],[-88.02765,42.90204],[-88.0263,42.90161],[-88.00955,42.90161],[-88.0097,42.89436],[-88.00984,42.88712],[-88.01016,42.8726],[-88.01963,42.87259],[-88.02171,42.87291],[-88.02353,42.87364],[-88.02454,42.87431],[-88.03075,42.88194],[-88.03598,42.88704],[-88.038,42.88901],[-88.03906,42.89017],[-88.03942,42.89105],[-88.0392,42.90573]]]}},{"type":"Feature","properties":{"GEOID":"55079150304","NAME":"Census Tract 1503.04","COUNTY":"Milwaukee","ALAND":6949579,"AWATER":125034,"lng":-88.02756,"lat":42.91518,"ALAND_SQMI":2.6832,"nb":["55079130100","55079130200","55079140100","55079140201","55079150100","55079150301","55079150303","55079187200"]},"geometry":{"type":"Polygon","coordinates":[[[-88.04836,42.93016],[-88.0454,42.93018],[-88.04547,42.92838],[-88.03879,42.92844],[-88.03852,42.93024],[-88.02857,42.9303],[-88.02884,42.91974],[-88.01651,42.91963],[-88.0164,42.92404],[-88.01638,42.92478],[-88.00897,42.92479],[-88.00904,42.92192],[-88.00911,42.91867],[-88.00917,42.91611],[-88.00955,42.90161],[-88.0263,42.90161],[-88.02765,42.90204],[-88.03637,42.90561],[-88.0392,42.90573],[-88.03925,42.90842],[-88.04007,42.9104],[-88.04454,42.91402],[-88.04596,42.91604],[-88.04624,42.92325],[-88.04832,42.92734],[-88.04836,42.93016]]]}},{"type":"Feature","properties":{"GEOID":"55079160101","NAME":"Census Tract 1601.01","COUNTY":"Milwaukee","ALAND":4932830,"AWATER":0,"lng":-87.89403,"lat":42.91117,"ALAND_SQMI":1.9046,"nb":["55079021700","55079160102","55079160203","55079170200","55079170300","55079170400","55079180500"]},"geometry":{"type":"Polygon","coordinates":[[[-87.91085,42.9156],[-87.8902,42.91544],[-87.88913,42.92269],[-87.88785,42.93003],[-87.88139,42.93003],[-87.88121,42.9154],[-87.8814,42.91097],[-87.88164,42.90529],[-87.8817,42.90374],[-87.88182,42.90087],[-87.89258,42.90093],[-87.91154,42.90109],[-87.91085,42.9156]]]}},{"type":"Feature","properties":{"GEOID":"55079160102","NAME":"Census Tract 1601.02","COUNTY":"Milwaukee","ALAND":12030739,"AWATER":0,"lng":-87.92323,"lat":42.91674,"ALAND_SQMI":4.6451,"nb":["55079021700","55079120501","55079150100","55079160101","55079160203","55079187300"]},"geometry":{"type":"Polygon","coordinates":[[[-87.94991,42.91638],[-87.94938,42.93037],[-87.94015,42.93031],[-87.9405,42.9209],[-87.9306,42.92082],[-87.93,42.93026],[-87.89033,42.93004],[-87.89068,42.92269],[-87.88913,42.92269],[-87.8902,42.91544],[-87.91085,42.9156],[-87.91154,42.90109],[-87.92302,42.90143],[-87.95039,42.9018],[-87.94991,42.91638]]]}},{"type":"Feature","properties":{"GEOID":"55079160202","NAME":"Census Tract 1602.02","COUNTY":"Milwaukee","ALAND":11476536,"AWATER":1137260,"lng":-87.87523,"lat":42.88122,"ALAND_SQMI":4.4311,"nb":["55079160203","55079160205","55079160301","55079160302","55079170400","55079170500","55079170700"]},"geometry":{"type":"Polygon","coordinates":[[[-87.91235,42.88296],[-87.91219,42.88659],[-87.88238,42.88632],[-87.8821,42.89358],[-87.8635,42.89339],[-87.85248,42.8932],[-87.8472,42.89313],[-87.84676,42.89086],[-87.84667,42.89044],[-87.84347,42.89031],[-87.8437,42.88528],[-87.84649,42.88414],[-87.84316,42.87452],[-87.84348,42.87329],[-87.84253,42.87158],[-87.84382,42.87125],[-87.85898,42.87149],[-87.87327,42.87171],[-87.88922,42.87181],[-87.9128,42.87206],[-87.91235,42.88296]]]}},{"type":"Feature","properties":{"GEOID":"55079160203","NAME":"Census Tract 1602.03","COUNTY":"Milwaukee","ALAND":9056598,"AWATER":0,"lng":-87.91637,"lat":42.89401,"ALAND_SQMI":3.4968,"nb":["55079150100","55079160101","55079160102","55079160202","55079160205","55079160206","55079170400","55079187300"]},"geometry":{"type":"Polygon","coordinates":[[[-87.95039,42.9018],[-87.92302,42.90143],[-87.91154,42.90109],[-87.89258,42.90093],[-87.88182,42.90087],[-87.8821,42.89358],[-87.88238,42.88632],[-87.91219,42.88659],[-87.92061,42.88679],[-87.92453,42.88688],[-87.93659,42.8871],[-87.95086,42.88724],[-87.95039,42.9018]]]}},{"type":"Feature","properties":{"GEOID":"55079160205","NAME":"Census Tract 1602.05","COUNTY":"Milwaukee","ALAND":3223093,"AWATER":0,"lng":-87.92469,"lat":42.87958,"ALAND_SQMI":1.2444,"nb":["55079160202","55079160203","55079160206","55079160302"]},"geometry":{"type":"Polygon","coordinates":[[[-87.93659,42.8871],[-87.92453,42.88688],[-87.92061,42.88679],[-87.91219,42.88659],[-87.91235,42.88296],[-87.9128,42.87206],[-87.92226,42.87225],[-87.93712,42.8725],[-87.93659,42.8871]]]}},{"type":"Feature","properties":{"GEOID":"55079160206","NAME":"Census Tract 1602.06","COUNTY":"Milwaukee","ALAND":1884280,"AWATER":0,"lng":-87.94396,"lat":42.87989,"ALAND_SQMI":0.7275,"nb":["55079160203","55079160205","55079160302","55079187200","55079187300"]},"geometry":{"type":"Polygon","coordinates":[[[-87.95121,42.87479],[-87.95108,42.87993],[-87.95103,42.8815],[-87.95086,42.88724],[-87.93659,42.8871],[-87.93712,42.8725],[-87.95127,42.87266],[-87.95121,42.87479]]]}},{"type":"Feature","properties":{"GEOID":"55079160301","NAME":"Census Tract 1603.01","COUNTY":"Milwaukee","ALAND":17601753,"AWATER":1915384,"lng":-87.86895,"lat":42.85509,"ALAND_SQMI":6.7961,"nb":["55079160202","55079160302","55101001501","55101001601"]},"geometry":{"type":"Polygon","coordinates":[[[-87.91338,42.84588],[-87.9133,42.85757],[-87.89355,42.85733],[-87.88742,42.85725],[-87.88922,42.87181],[-87.87327,42.87171],[-87.85898,42.87149],[-87.84382,42.87125],[-87.84253,42.87158],[-87.84062,42.86819],[-87.83893,42.86519],[-87.83782,42.86233],[-87.83555,42.8565],[-87.82845,42.84592],[-87.82713,42.84222],[-87.84361,42.84212],[-87.85278,42.8423],[-87.88558,42.84267],[-87.89381,42.84277],[-87.91407,42.84272],[-87.91338,42.84588]]]}},{"type":"Feature","properties":{"GEOID":"55079160302","NAME":"Census Tract 1603.02","COUNTY":"Milwaukee","ALAND":13470798,"AWATER":0,"lng":-87.92472,"lat":42.85942,"ALAND_SQMI":5.2011,"nb":["55079160202","55079160205","55079160206","55079160301","55079187200","55079187300","55101001601","55101001900"]},"geometry":{"type":"Polygon","coordinates":[[[-87.95197,42.84443],[-87.95127,42.87266],[-87.93712,42.8725],[-87.92226,42.87225],[-87.9128,42.87206],[-87.88922,42.87181],[-87.88742,42.85725],[-87.89355,42.85733],[-87.9133,42.85757],[-87.91338,42.84588],[-87.91407,42.84272],[-87.92658,42.84302],[-87.9519,42.84355],[-87.95197,42.84443]]]}},{"type":"Feature","properties":{"GEOID":"55079170100","NAME":"Census Tract 1701","COUNTY":"Milwaukee","ALAND":3597755,"AWATER":1343497,"lng":-87.85244,"lat":42.92002,"ALAND_SQMI":1.3891,"nb":["55079170200","55079170600","55079170700","55079180100","55079180400","55079180500"]},"geometry":{"type":"Polygon","coordinates":[[[-87.86394,42.92428],[-87.86362,42.93008],[-87.86082,42.9301],[-87.85067,42.93012],[-87.84559,42.9302],[-87.84444,42.92421],[-87.84399,42.92184],[-87.83966,42.9146],[-87.84274,42.90689],[-87.8429,42.90675],[-87.84675,42.90766],[-87.84892,42.91123],[-87.8531,42.91229],[-87.85334,42.91181],[-87.8567,42.91321],[-87.86034,42.9138],[-87.86052,42.91425],[-87.86362,42.91442],[-87.86437,42.91523],[-87.86394,42.92428]]]}},{"type":"Feature","properties":{"GEOID":"55079170200","NAME":"Census Tract 1702","COUNTY":"Milwaukee","ALAND":2298067,"AWATER":0,"lng":-87.87263,"lat":42.92275,"ALAND_SQMI":0.8873,"nb":["55079160101","55079170100","55079170300","55079170600","55079180400","55079180500"]},"geometry":{"type":"Polygon","coordinates":[[[-87.88139,42.93003],[-87.8807,42.93003],[-87.8703,42.93001],[-87.87002,42.93001],[-87.86494,42.93006],[-87.86362,42.93008],[-87.86394,42.92428],[-87.86437,42.91523],[-87.86901,42.91531],[-87.87301,42.91536],[-87.88121,42.9154],[-87.88139,42.93003]]]}},{"type":"Feature","properties":{"GEOID":"55079170300","NAME":"Census Tract 1703","COUNTY":"Milwaukee","ALAND":1282933,"AWATER":0,"lng":-87.87539,"lat":42.90954,"ALAND_SQMI":0.4953,"nb":["55079160101","55079170200","55079170400","55079170600"]},"geometry":{"type":"Polygon","coordinates":[[[-87.88164,42.90529],[-87.8814,42.91097],[-87.88121,42.9154],[-87.87301,42.91536],[-87.86901,42.91531],[-87.86925,42.91088],[-87.8695,42.90628],[-87.86964,42.90365],[-87.8817,42.90374],[-87.88164,42.90529]]]}},{"type":"Feature","properties":{"GEOID":"55079170400","NAME":"Census Tract 1704","COUNTY":"Milwaukee","ALAND":1561093,"AWATER":0,"lng":-87.87339,"lat":42.89846,"ALAND_SQMI":0.6027,"nb":["55079160101","55079160202","55079160203","55079170300","55079170500","55079170600"]},"geometry":{"type":"Polygon","coordinates":[[[-87.88182,42.90087],[-87.8817,42.90374],[-87.86964,42.90365],[-87.86556,42.90356],[-87.8654,42.89978],[-87.86523,42.89889],[-87.86397,42.89438],[-87.8635,42.89339],[-87.8821,42.89358],[-87.88182,42.90087]]]}},{"type":"Feature","properties":{"GEOID":"55079170500","NAME":"Census Tract 1705","COUNTY":"Milwaukee","ALAND":883042,"AWATER":0,"lng":-87.85769,"lat":42.89762,"ALAND_SQMI":0.3409,"nb":["55079160202","55079170400","55079170600","55079170700"]},"geometry":{"type":"Polygon","coordinates":[[[-87.86523,42.89889],[-87.86327,42.89886],[-87.86066,42.89794],[-87.86145,42.90145],[-87.85925,42.90089],[-87.85913,42.90345],[-87.8572,42.90342],[-87.85724,42.90254],[-87.85199,42.90247],[-87.85228,42.89695],[-87.85248,42.8932],[-87.8635,42.89339],[-87.86397,42.89438],[-87.86523,42.89889]]]}},{"type":"Feature","properties":{"GEOID":"55079170600","NAME":"Census Tract 1706","COUNTY":"Milwaukee","ALAND":1485912,"AWATER":0,"lng":-87.86324,"lat":42.90779,"ALAND_SQMI":0.5737,"nb":["55079170100","55079170200","55079170300","55079170400","55079170500","55079170700"]},"geometry":{"type":"Polygon","coordinates":[[[-87.8695,42.90628],[-87.86925,42.91088],[-87.86901,42.91531],[-87.86437,42.91523],[-87.86362,42.91442],[-87.86052,42.91425],[-87.86034,42.9138],[-87.8567,42.91321],[-87.85698,42.90781],[-87.85707,42.90605],[-87.85711,42.90517],[-87.8572,42.90342],[-87.85913,42.90345],[-87.85925,42.90089],[-87.86145,42.90145],[-87.86066,42.89794],[-87.86327,42.89886],[-87.86523,42.89889],[-87.8654,42.89978],[-87.86556,42.90356],[-87.86964,42.90365],[-87.8695,42.90628]]]}},{"type":"Feature","properties":{"GEOID":"55079170700","NAME":"Census Tract 1707","COUNTY":"Milwaukee","ALAND":1390191,"AWATER":815231,"lng":-87.851,"lat":42.9041,"ALAND_SQMI":0.5368,"nb":["55079160202","55079170100","55079170500","55079170600"]},"geometry":{"type":"Polygon","coordinates":[[[-87.8572,42.90342],[-87.85711,42.90517],[-87.85707,42.90605],[-87.85698,42.90781],[-87.8567,42.91321],[-87.85334,42.91181],[-87.8531,42.91229],[-87.84892,42.91123],[-87.84675,42.90766],[-87.8429,42.90675],[-87.84512,42.90483],[-87.84668,42.90104],[-87.84783,42.89635],[-87.8478,42.89617],[-87.8472,42.89313],[-87.85248,42.8932],[-87.85228,42.89695],[-87.85199,42.90247],[-87.85724,42.90254],[-87.8572,42.90342]]]}},{"type":"Feature","properties":{"GEOID":"55079180100","NAME":"Census Tract 1801","COUNTY":"Milwaukee","ALAND":2602387,"AWATER":1884511,"lng":-87.84736,"lat":42.95303,"ALAND_SQMI":1.0048,"nb":["55079170100","55079180200","55079180300","55079180400","55079185100"]},"geometry":{"type":"Polygon","coordinates":[[[-87.86993,42.96635],[-87.86004,42.96637],[-87.85759,42.96639],[-87.85514,42.96641],[-87.84767,42.96623],[-87.84502,42.96113],[-87.84556,42.9547],[-87.84347,42.95096],[-87.84342,42.94883],[-87.84335,42.94592],[-87.84331,42.94404],[-87.84594,42.93207],[-87.84559,42.9302],[-87.85067,42.93012],[-87.85006,42.93085],[-87.84994,42.93737],[-87.8499,42.94464],[-87.84998,42.94838],[-87.85008,42.95279],[-87.85021,42.96102],[-87.85267,42.96101],[-87.85514,42.96099],[-87.85761,42.96097],[-87.86007,42.96096],[-87.86514,42.9609],[-87.86993,42.96635]]]}},{"type":"Feature","properties":{"GEOID":"55079180200","NAME":"Census Tract 1802","COUNTY":"Milwaukee","ALAND":1136517,"AWATER":0,"lng":-87.85507,"lat":42.95466,"ALAND_SQMI":0.4388,"nb":["55079180100","55079180300"]},"geometry":{"type":"Polygon","coordinates":[[[-87.86007,42.96096],[-87.85761,42.96097],[-87.85514,42.96099],[-87.85267,42.96101],[-87.85021,42.96102],[-87.85008,42.95279],[-87.84998,42.94838],[-87.85498,42.94835],[-87.85997,42.94831],[-87.86001,42.95272],[-87.86006,42.9573],[-87.86007,42.96096]]]}},{"type":"Feature","properties":{"GEOID":"55079180300","NAME":"Census Tract 1803","COUNTY":"Milwaukee","ALAND":3835491,"AWATER":0,"lng":-87.87012,"lat":42.95194,"ALAND_SQMI":1.4809,"nb":["55079021700","55079180100","55079180200","55079180400","55079180500","55079185100","55079185200"]},"geometry":{"type":"Polygon","coordinates":[[[-87.88327,42.95683],[-87.88325,42.95913],[-87.8826,42.9591],[-87.87979,42.95919],[-87.87618,42.95918],[-87.86996,42.95913],[-87.86995,42.96363],[-87.86994,42.96568],[-87.86993,42.96635],[-87.86514,42.9609],[-87.86007,42.96096],[-87.86006,42.9573],[-87.86001,42.95272],[-87.85997,42.94831],[-87.85498,42.94835],[-87.84998,42.94838],[-87.8499,42.94464],[-87.85492,42.94462],[-87.85994,42.9446],[-87.86187,42.94352],[-87.86259,42.94459],[-87.87495,42.94455],[-87.88531,42.94457],[-87.88327,42.95683]]]}},{"type":"Feature","properties":{"GEOID":"55079180400","NAME":"Census Tract 1804","COUNTY":"Milwaukee","ALAND":1667353,"AWATER":0,"lng":-87.85636,"lat":42.93717,"ALAND_SQMI":0.6438,"nb":["55079170100","55079170200","55079180100","55079180300","55079180500"]},"geometry":{"type":"Polygon","coordinates":[[[-87.86289,42.93733],[-87.86187,42.94352],[-87.85994,42.9446],[-87.85492,42.94462],[-87.8499,42.94464],[-87.84994,42.93737],[-87.85006,42.93085],[-87.85067,42.93012],[-87.86082,42.9301],[-87.86362,42.93008],[-87.86289,42.93733]]]}},{"type":"Feature","properties":{"GEOID":"55079180500","NAME":"Census Tract 1805","COUNTY":"Milwaukee","ALAND":3122817,"AWATER":0,"lng":-87.8747,"lat":42.93726,"ALAND_SQMI":1.2057,"nb":["55079021700","55079160101","55079170100","55079170200","55079180300","55079180400"]},"geometry":{"type":"Polygon","coordinates":[[[-87.88531,42.94457],[-87.87495,42.94455],[-87.86259,42.94459],[-87.86187,42.94352],[-87.86289,42.93733],[-87.86362,42.93008],[-87.86494,42.93006],[-87.87002,42.93001],[-87.8703,42.93001],[-87.8807,42.93003],[-87.88139,42.93003],[-87.88785,42.93003],[-87.88531,42.94457]]]}},{"type":"Feature","properties":{"GEOID":"55079185100","NAME":"Census Tract 1851","COUNTY":"Milwaukee","ALAND":3613754,"AWATER":1767049,"lng":-87.86553,"lat":42.97489,"ALAND_SQMI":1.3953,"nb":["55079020700","55079020800","55079180100","55079180300","55079185200"]},"geometry":{"type":"Polygon","coordinates":[[[-87.88203,42.9805],[-87.87936,42.98054],[-87.87466,42.98051],[-87.8746,42.98094],[-87.87452,42.98448],[-87.87144,42.98672],[-87.86886,42.98664],[-87.86456,42.98411],[-87.85718,42.97801],[-87.85431,42.97509],[-87.84997,42.97065],[-87.84863,42.96808],[-87.84767,42.96623],[-87.85514,42.96641],[-87.85759,42.96639],[-87.86004,42.96637],[-87.86993,42.96635],[-87.86994,42.96568],[-87.87533,42.97185],[-87.87689,42.97362],[-87.88339,42.98056],[-87.88203,42.9805]]]}},{"type":"Feature","properties":{"GEOID":"55079185200","NAME":"Census Tract 1852","COUNTY":"Milwaukee","ALAND":3012205,"AWATER":0,"lng":-87.8819,"lat":42.96766,"ALAND_SQMI":1.163,"nb":["55079020700","55079020800","55079020900","55079021000","55079021700","55079180300","55079185100"]},"geometry":{"type":"Polygon","coordinates":[[[-87.894,42.97319],[-87.89181,42.97328],[-87.89291,42.97082],[-87.88955,42.97075],[-87.89073,42.97178],[-87.88652,42.9719],[-87.88633,42.97281],[-87.88648,42.97644],[-87.8871,42.97662],[-87.88708,42.97873],[-87.88883,42.97874],[-87.88881,42.98058],[-87.88339,42.98056],[-87.87689,42.97362],[-87.87533,42.97185],[-87.86994,42.96568],[-87.86995,42.96363],[-87.86996,42.95913],[-87.87618,42.95918],[-87.87979,42.95919],[-87.8826,42.9591],[-87.88325,42.95913],[-87.88968,42.95924],[-87.88962,42.9643],[-87.89406,42.96619],[-87.894,42.97319]]]}},{"type":"Feature","properties":{"GEOID":"55079185300","NAME":"Census Tract 1853","COUNTY":"Milwaukee","ALAND":7304498,"AWATER":0,"lng":-88.04257,"lat":43.04986,"ALAND_SQMI":2.8203,"nb":["55079012800","55079090300","55079090600","55079090700","55079091200","55079091300","55133200901","55133201002"]},"geometry":{"type":"Polygon","coordinates":[[[-88.06688,43.04905],[-88.06686,43.05268],[-88.06684,43.05929],[-88.06682,43.05994],[-88.0576,43.06004],[-88.0563,43.06005],[-88.05409,43.06003],[-88.05336,43.05992],[-88.05046,43.05958],[-88.04766,43.05993],[-88.04545,43.0602],[-88.03487,43.06038],[-88.03452,43.05987],[-88.03127,43.05891],[-88.02945,43.05687],[-88.02053,43.05042],[-88.01658,43.04934],[-88.02038,43.04837],[-88.02038,43.04584],[-88.01925,43.04272],[-88.02,43.04191],[-88.0193,43.03858],[-88.02189,43.03851],[-88.0219,43.03892],[-88.03158,43.03836],[-88.04475,43.03838],[-88.04724,43.0383],[-88.04738,43.04558],[-88.05627,43.04551],[-88.05732,43.0455],[-88.0669,43.04548],[-88.06688,43.04905]]]}},{"type":"Feature","properties":{"GEOID":"55079185400","NAME":"Census Tract 1854","COUNTY":"Milwaukee","ALAND":713046,"AWATER":0,"lng":-87.93772,"lat":43.06025,"ALAND_SQMI":0.2753,"nb":["55079008500","55079008600","55079008700","55079008800","55079009900","55079185500","55079185800","55079185900"]},"geometry":{"type":"Polygon","coordinates":[[[-87.94361,43.06274],[-87.94253,43.06422],[-87.93754,43.06416],[-87.93261,43.06408],[-87.93274,43.05616],[-87.93766,43.05628],[-87.94266,43.05631],[-87.94255,43.06171],[-87.94361,43.06274]]]}},{"type":"Feature","properties":{"GEOID":"55079185500","NAME":"Census Tract 1855","COUNTY":"Milwaukee","ALAND":883852,"AWATER":0,"lng":-87.92626,"lat":43.06018,"ALAND_SQMI":0.3413,"nb":["55079008400","55079008500","55079008600","55079185400","55079185600","55079185700","55079185900","55079186000"]},"geometry":{"type":"Polygon","coordinates":[[[-87.93261,43.06408],[-87.92686,43.064],[-87.91987,43.06394],[-87.91997,43.05878],[-87.91853,43.05651],[-87.92002,43.05651],[-87.927,43.05654],[-87.9315,43.0566],[-87.93152,43.05531],[-87.93274,43.05616],[-87.93261,43.06408]]]}},{"type":"Feature","properties":{"GEOID":"55079185600","NAME":"Census Tract 1856","COUNTY":"Milwaukee","ALAND":676083,"AWATER":0,"lng":-87.91469,"lat":43.06027,"ALAND_SQMI":0.261,"nb":["55079008100","55079008400","55079010600","55079011400","55079185500","55079185700","55079186000"]},"geometry":{"type":"Polygon","coordinates":[[[-87.91987,43.06394],[-87.91411,43.06392],[-87.90962,43.06389],[-87.90965,43.06025],[-87.90968,43.05907],[-87.90972,43.05645],[-87.91422,43.05648],[-87.91853,43.05651],[-87.91997,43.05878],[-87.91987,43.06394]]]}},{"type":"Feature","properties":{"GEOID":"55079185700","NAME":"Census Tract 1857","COUNTY":"Milwaukee","ALAND":669187,"AWATER":0,"lng":-87.91471,"lat":43.06752,"ALAND_SQMI":0.2584,"nb":["55079006700","55079007000","55079008100","55079008400","55079010600","55079185500","55079185600"]},"geometry":{"type":"Polygon","coordinates":[[[-87.91984,43.0676],[-87.91982,43.06943],[-87.91979,43.07117],[-87.91697,43.07115],[-87.91402,43.07112],[-87.90954,43.07108],[-87.90956,43.06935],[-87.90958,43.06752],[-87.90962,43.06389],[-87.91411,43.06392],[-87.91987,43.06394],[-87.91984,43.0676]]]}},{"type":"Feature","properties":{"GEOID":"55079185800","NAME":"Census Tract 1858","COUNTY":"Milwaukee","ALAND":439204,"AWATER":0,"lng":-87.94263,"lat":43.0539,"ALAND_SQMI":0.1696,"nb":["55079009700","55079009900","55079012200","55079185400","55079185900","55079186100","55079186200"]},"geometry":{"type":"Polygon","coordinates":[[[-87.94757,43.05638],[-87.94633,43.05634],[-87.94266,43.05631],[-87.93766,43.05628],[-87.93773,43.05137],[-87.94277,43.05139],[-87.94521,43.0518],[-87.94775,43.05141],[-87.94757,43.05638]]]}},{"type":"Feature","properties":{"GEOID":"55079185900","NAME":"Census Tract 1859","COUNTY":"Milwaukee","ALAND":482397,"AWATER":0,"lng":-87.93228,"lat":43.05383,"ALAND_SQMI":0.1863,"nb":["55079014100","55079185400","55079185500","55079185800","55079186000","55079186100","55079186200"]},"geometry":{"type":"Polygon","coordinates":[[[-87.93766,43.05628],[-87.93274,43.05616],[-87.93152,43.05531],[-87.9315,43.0566],[-87.927,43.05654],[-87.92709,43.05261],[-87.9271,43.0513],[-87.9339,43.05134],[-87.93773,43.05137],[-87.93766,43.05628]]]}},{"type":"Feature","properties":{"GEOID":"55079186000","NAME":"Census Tract 1860","COUNTY":"Milwaukee","ALAND":582485,"AWATER":0,"lng":-87.92031,"lat":43.05402,"ALAND_SQMI":0.2249,"nb":["55079011400","55079014100","55079185500","55079185600","55079185900"]},"geometry":{"type":"Polygon","coordinates":[[[-87.927,43.05654],[-87.92002,43.05651],[-87.91853,43.05651],[-87.91422,43.05648],[-87.9143,43.05119],[-87.92014,43.05124],[-87.92292,43.05124],[-87.92429,43.05259],[-87.92709,43.05261],[-87.927,43.05654]]]}},{"type":"Feature","properties":{"GEOID":"55079186100","NAME":"Census Tract 1861","COUNTY":"Milwaukee","ALAND":504578,"AWATER":0,"lng":-87.94281,"lat":43.04868,"ALAND_SQMI":0.1948,"nb":["55079009700","55079012200","55079013600","55079013700","55079014700","55079014800","55079185800","55079185900","55079186200"]},"geometry":{"type":"Polygon","coordinates":[[[-87.94777,43.04728],[-87.94776,43.04865],[-87.94776,43.05005],[-87.94775,43.05141],[-87.94521,43.0518],[-87.94277,43.05139],[-87.93773,43.05137],[-87.93777,43.0486],[-87.93781,43.04584],[-87.94285,43.04586],[-87.94777,43.04587],[-87.94777,43.04728]]]}},{"type":"Feature","properties":{"GEOID":"55079186200","NAME":"Census Tract 1862","COUNTY":"Milwaukee","ALAND":531348,"AWATER":0,"lng":-87.93243,"lat":43.04857,"ALAND_SQMI":0.2052,"nb":["55079014100","55079014600","55079014700","55079014800","55079185800","55079185900","55079186100","55079186300"]},"geometry":{"type":"Polygon","coordinates":[[[-87.93777,43.0486],[-87.93773,43.05137],[-87.9339,43.05134],[-87.9271,43.0513],[-87.92712,43.04576],[-87.93232,43.04577],[-87.93402,43.0459],[-87.93781,43.04584],[-87.93777,43.0486]]]}},{"type":"Feature","properties":{"GEOID":"55079186300","NAME":"Census Tract 1863","COUNTY":"Milwaukee","ALAND":1192482,"AWATER":35023,"lng":-87.91803,"lat":43.04059,"ALAND_SQMI":0.4604,"nb":["55079011300","55079011400","55079014100","55079014400","55079014600","55079186200","55079186400","55079186800","55079187400"]},"geometry":{"type":"Polygon","coordinates":[[[-87.92712,43.04576],[-87.91441,43.0457],[-87.91338,43.0457],[-87.91328,43.04332],[-87.91252,43.04171],[-87.91046,43.03936],[-87.91017,43.03863],[-87.90995,43.03685],[-87.9103,43.03474],[-87.91121,43.0347],[-87.91603,43.03466],[-87.91876,43.03469],[-87.91876,43.03561],[-87.92051,43.03558],[-87.92184,43.03744],[-87.92167,43.04021],[-87.92585,43.04022],[-87.92582,43.04159],[-87.92717,43.04159],[-87.92712,43.04576]]]}},{"type":"Feature","properties":{"GEOID":"55079186400","NAME":"Census Tract 1864","COUNTY":"Milwaukee","ALAND":762838,"AWATER":0,"lng":-87.93043,"lat":43.03693,"ALAND_SQMI":0.2945,"nb":["55079014600","55079014700","55079014800","55079014900","55079186300","55079186800"]},"geometry":{"type":"Polygon","coordinates":[[[-87.945,43.03613],[-87.93791,43.03612],[-87.9379,43.03748],[-87.9379,43.03868],[-87.93666,43.03868],[-87.93296,43.03867],[-87.92721,43.03865],[-87.92717,43.04159],[-87.92582,43.04159],[-87.92585,43.04022],[-87.92167,43.04021],[-87.92184,43.03744],[-87.92051,43.03558],[-87.92354,43.03472],[-87.92821,43.03475],[-87.93293,43.03476],[-87.94483,43.03478],[-87.94499,43.03534],[-87.94499,43.03555],[-87.945,43.03613]]]}},{"type":"Feature","properties":{"GEOID":"55079186500","NAME":"Census Tract 1865","COUNTY":"Milwaukee","ALAND":1220131,"AWATER":89160,"lng":-87.91296,"lat":43.02315,"ALAND_SQMI":0.4711,"nb":["55079015700","55079016400","55079016500","55079018000","55079186800","55079187400"]},"geometry":{"type":"Polygon","coordinates":[[[-87.92254,43.02322],[-87.92253,43.02422],[-87.92139,43.02632],[-87.91738,43.02669],[-87.91681,43.02737],[-87.9066,43.02709],[-87.90532,43.02769],[-87.90499,43.02797],[-87.90296,43.02563],[-87.90238,43.02513],[-87.90473,43.02296],[-87.9033,43.01947],[-87.90739,43.0196],[-87.90738,43.02007],[-87.90986,43.01909],[-87.91675,43.01908],[-87.91967,43.01911],[-87.92253,43.01911],[-87.92254,43.02119],[-87.92254,43.02322]]]}},{"type":"Feature","properties":{"GEOID":"55079186600","NAME":"Census Tract 1866","COUNTY":"Milwaukee","ALAND":995250,"AWATER":23968,"lng":-87.91352,"lat":43.00145,"ALAND_SQMI":0.3843,"nb":["55079016600","55079016700","55079017600","55079017900","55079018000","55079018400","55079018500","55079018600"]},"geometry":{"type":"Polygon","coordinates":[[[-87.91887,42.99764],[-87.91885,42.99917],[-87.91881,43.00126],[-87.9188,43.00178],[-87.9187,43.00647],[-87.91625,43.00635],[-87.90888,43.0065],[-87.90713,43.0065],[-87.90554,43.00453],[-87.90881,43.00288],[-87.90897,43.00288],[-87.909,43.00143],[-87.90911,42.99928],[-87.90936,42.9982],[-87.91064,42.9952],[-87.91112,42.99416],[-87.91249,42.99692],[-87.91693,42.99516],[-87.9189,42.99634],[-87.91887,42.99764]]]}},{"type":"Feature","properties":{"GEOID":"55079186800","NAME":"Census Tract 1868","COUNTY":"Milwaukee","ALAND":5695803,"AWATER":0,"lng":-87.95075,"lat":43.02813,"ALAND_SQMI":2.1992,"nb":["55079012500","55079013000","55079013300","55079013400","55079014900","55079015700","55079015800","55079015900","55079016000","55079100100","55079110100","55079186300","55079186400","55079186500","55079187400"]},"geometry":{"type":"Polygon","coordinates":[[[-87.9826,43.03039],[-87.97919,43.03068],[-87.97282,43.0325],[-87.96842,43.03306],[-87.96724,43.0331],[-87.9652,43.0315],[-87.95774,43.03106],[-87.9523,43.03122],[-87.94776,43.03272],[-87.94775,43.03402],[-87.94774,43.03478],[-87.94638,43.03478],[-87.94483,43.03478],[-87.93293,43.03476],[-87.92821,43.03475],[-87.92354,43.03472],[-87.92051,43.03558],[-87.91876,43.03561],[-87.91876,43.03469],[-87.91869,43.03322],[-87.91822,43.02778],[-87.91738,43.02669],[-87.92139,43.02632],[-87.92253,43.02422],[-87.93304,43.02423],[-87.94224,43.0242],[-87.9478,43.02417],[-87.95264,43.02384],[-87.95386,43.02372],[-87.96229,43.02343],[-87.96235,43.02417],[-87.96938,43.02416],[-87.9695,43.0207],[-87.97918,43.01898],[-87.98239,43.01838],[-87.9824,43.02006],[-87.98246,43.02413],[-87.9826,43.03039]]]}},{"type":"Feature","properties":{"GEOID":"55079186900","NAME":"Census Tract 1869","COUNTY":"Milwaukee","ALAND":434924,"AWATER":0,"lng":-87.88992,"lat":43.05221,"ALAND_SQMI":0.1679,"nb":["55079007600","55079011000","55079014300","55079187000","55079980000"]},"geometry":{"type":"Polygon","coordinates":[[[-87.89942,43.04309],[-87.89825,43.04412],[-87.89756,43.04568],[-87.89701,43.04626],[-87.8902,43.05337],[-87.88806,43.05407],[-87.88639,43.05562],[-87.88308,43.05559],[-87.87937,43.0594],[-87.87831,43.06001],[-87.8788,43.05838],[-87.87744,43.05758],[-87.88169,43.05433],[-87.88316,43.05377],[-87.88729,43.05309],[-87.89013,43.05105],[-87.89468,43.04621],[-87.8956,43.04493],[-87.89849,43.04305],[-87.89942,43.04309]]]}},{"type":"Feature","properties":{"GEOID":"55079187000","NAME":"Census Tract 1870","COUNTY":"Milwaukee","ALAND":359353,"AWATER":0,"lng":-87.88732,"lat":43.05525,"ALAND_SQMI":0.1387,"nb":["55079007600","55079007700","55079010800","55079011000","55079186900","55079980000"]},"geometry":{"type":"Polygon","coordinates":[[[-87.89696,43.04808],[-87.89233,43.05293],[-87.89132,43.05398],[-87.88924,43.05615],[-87.88749,43.05621],[-87.88376,43.06011],[-87.88046,43.06011],[-87.87937,43.0594],[-87.88308,43.05559],[-87.88639,43.05562],[-87.88806,43.05407],[-87.8902,43.05337],[-87.89701,43.04626],[-87.89696,43.04808]]]}},{"type":"Feature","properties":{"GEOID":"55079187200","NAME":"Census Tract 1872","COUNTY":"Milwaukee","ALAND":38888088,"AWATER":7794,"lng":-88.00766,"lat":42.86382,"ALAND_SQMI":15.0148,"nb":["55079150100","55079150301","55079150303","55079150304","55079160206","55079160302","55079187300","55101001601","55101001900","55101002002","55133201900"]},"geometry":{"type":"Polygon","coordinates":[[[-88.06959,42.86726],[-88.06959,42.87288],[-88.04978,42.87245],[-88.01963,42.87259],[-88.01016,42.8726],[-88.00984,42.88712],[-88.0097,42.89436],[-88.00955,42.90161],[-88.00543,42.90157],[-87.99966,42.90151],[-87.98005,42.90149],[-87.98009,42.9002],[-87.98042,42.88928],[-87.98082,42.87262],[-87.96116,42.87265],[-87.95127,42.87266],[-87.95197,42.84443],[-87.9519,42.84355],[-87.98125,42.84361],[-88.03054,42.8435],[-88.04097,42.84344],[-88.06992,42.84332],[-88.06959,42.86726]]]}},{"type":"Feature","properties":{"GEOID":"55079187300","NAME":"Census Tract 1873","COUNTY":"Milwaukee","ALAND":7800888,"AWATER":0,"lng":-87.96563,"lat":42.88716,"ALAND_SQMI":3.0119,"nb":["55079150100","55079160102","55079160203","55079160206","55079160302","55079187200"]},"geometry":{"type":"Polygon","coordinates":[[[-87.98042,42.88928],[-87.98009,42.9002],[-87.98005,42.90149],[-87.96034,42.90172],[-87.95039,42.9018],[-87.95086,42.88724],[-87.95103,42.8815],[-87.95108,42.87993],[-87.95121,42.87479],[-87.95127,42.87266],[-87.96116,42.87265],[-87.98082,42.87262],[-87.98042,42.88928]]]}},{"type":"Feature","properties":{"GEOID":"55079187400","NAME":"Census Tract 1874","COUNTY":"Milwaukee","ALAND":1579651,"AWATER":140198,"lng":-87.90777,"lat":43.03219,"ALAND_SQMI":0.6099,"nb":["55079014300","55079014400","55079018000","55079186300","55079186500","55079186800","55079980000"]},"geometry":{"type":"Polygon","coordinates":[[[-87.91876,43.03469],[-87.91603,43.03466],[-87.91121,43.0347],[-87.9103,43.03474],[-87.90995,43.03685],[-87.91017,43.03863],[-87.90653,43.03873],[-87.90277,43.03896],[-87.89984,43.03919],[-87.89948,43.04041],[-87.89827,43.04036],[-87.89871,43.03762],[-87.90018,43.03557],[-87.90062,43.03303],[-87.90057,43.03141],[-87.89893,43.02509],[-87.90123,43.02499],[-87.90238,43.02513],[-87.90296,43.02563],[-87.90499,43.02797],[-87.90532,43.02769],[-87.9066,43.02709],[-87.91681,43.02737],[-87.91738,43.02669],[-87.91822,43.02778],[-87.91869,43.03322],[-87.91876,43.03469]]]}},{"type":"Feature","properties":{"GEOID":"55079980000","NAME":"Census Tract 9800","COUNTY":"Milwaukee","ALAND":1994598,"AWATER":4044007,"lng":-87.87905,"lat":43.05603,"ALAND_SQMI":0.7701,"nb":["55079007400","55079007500","55079007600","55079014300","55079018000","55079186900","55079187000","55079187400"]},"geometry":{"type":"Polygon","coordinates":[[[-87.90062,43.03303],[-87.90018,43.03557],[-87.89871,43.03762],[-87.89827,43.04036],[-87.89948,43.04041],[-87.8992,43.04118],[-87.89942,43.04309],[-87.89849,43.04305],[-87.8956,43.04493],[-87.89468,43.04621],[-87.89013,43.05105],[-87.88729,43.05309],[-87.88316,43.05377],[-87.88169,43.05433],[-87.87744,43.05758],[-87.8788,43.05838],[-87.87831,43.06001],[-87.87937,43.0594],[-87.87873,43.06009],[-87.87664,43.06078],[-87.8752,43.06221],[-87.87358,43.06389],[-87.87285,43.06509],[-87.87341,43.06732],[-87.87232,43.07096],[-87.87215,43.07277],[-87.87199,43.07462],[-87.8671,43.07469],[-87.86664,43.07467],[-87.86648,43.07441],[-87.86406,43.07433],[-87.86381,43.07062],[-87.87477,43.06033],[-87.87547,43.05851],[-87.88234,43.0531],[-87.88641,43.05209],[-87.89063,43.04842],[-87.895,43.04254],[-87.8967,43.03782],[-87.89696,43.03658],[-87.89829,43.02994],[-87.89866,43.02578],[-87.89866,43.02575],[-87.89853,43.02513],[-87.89893,43.02509],[-87.90057,43.03141],[-87.90062,43.03303]]]}},{"type":"Feature","properties":{"GEOID":"55089610101","NAME":"Census Tract 6101.01","COUNTY":"Ozaukee","ALAND":93670009,"AWATER":811894,"lng":-87.98076,"lat":43.49886,"ALAND_SQMI":36.1662,"nb":["55089610102","55089620100","55089630201","55117011100","55117011200","55117011302","55131400103","55131400104"]},"geometry":{"type":"Polygon","coordinates":[[[-88.04079,43.47061],[-88.04074,43.48364],[-88.0405,43.5386],[-88.04053,43.54236],[-87.97098,43.54274],[-87.95436,43.54293],[-87.95378,43.54293],[-87.95095,43.54297],[-87.95058,43.54298],[-87.92105,43.54338],[-87.92081,43.51422],[-87.92074,43.49964],[-87.92068,43.48505],[-87.92052,43.46237],[-87.92053,43.45584],[-87.94079,43.45558],[-87.94255,43.45552],[-87.94558,43.45551],[-87.95061,43.45545],[-87.98059,43.455],[-88.00604,43.45464],[-88.0407,43.45448],[-88.04076,43.46906],[-88.04079,43.47061]]]}},{"type":"Feature","properties":{"GEOID":"55089610102","NAME":"Census Tract 6101.02","COUNTY":"Ozaukee","ALAND":97706407,"AWATER":0,"lng":-87.85853,"lat":43.50033,"ALAND_SQMI":37.7247,"nb":["55089610101","55089620100","55089630201","55117011200","55117011301","55117011302"]},"geometry":{"type":"Polygon","coordinates":[[[-87.92105,43.54338],[-87.86089,43.54316],[-87.84089,43.54308],[-87.82091,43.54304],[-87.79191,43.54302],[-87.79366,43.53081],[-87.7941,43.52469],[-87.79401,43.51182],[-87.79361,43.50193],[-87.79353,43.50001],[-87.79169,43.49224],[-87.79553,43.48483],[-87.80093,43.47439],[-87.80102,43.47408],[-87.8036,43.46485],[-87.80401,43.46337],[-87.80896,43.45791],[-87.81072,43.45598],[-87.89517,43.45584],[-87.89527,43.45586],[-87.92053,43.45584],[-87.92052,43.46237],[-87.92068,43.48505],[-87.92074,43.49964],[-87.92081,43.51422],[-87.92105,43.54338]]]}},{"type":"Feature","properties":{"GEOID":"55089620100","NAME":"Census Tract 6201","COUNTY":"Ozaukee","ALAND":92588944,"AWATER":1792225,"lng":-87.98053,"lat":43.41141,"ALAND_SQMI":35.7488,"nb":["55089610101","55089610102","55089630201","55089630202","55089640201","55089640202","55089650300","55131400103","55131400104"]},"geometry":{"type":"Polygon","coordinates":[[[-88.04087,43.43966],[-88.0407,43.45448],[-88.00604,43.45464],[-87.98059,43.455],[-87.95061,43.45545],[-87.94558,43.45551],[-87.94255,43.45552],[-87.94079,43.45558],[-87.92053,43.45584],[-87.92076,43.41202],[-87.92078,43.40469],[-87.92073,43.39742],[-87.92071,43.39629],[-87.92058,43.38703],[-87.92055,43.38499],[-87.92045,43.37886],[-87.92022,43.36825],[-87.92555,43.36815],[-87.94624,43.36793],[-87.94652,43.36792],[-87.94861,43.36786],[-87.94875,43.36786],[-87.95108,43.36783],[-87.95519,43.3678],[-87.96591,43.36768],[-87.96634,43.36768],[-87.98004,43.36765],[-88.00566,43.36753],[-88.04013,43.36731],[-88.03998,43.36788],[-88.04095,43.42518],[-88.04097,43.42789],[-88.04083,43.43232],[-88.04099,43.43242],[-88.04087,43.43966]]]}},{"type":"Feature","properties":{"GEOID":"55089630100","NAME":"Census Tract 6301","COUNTY":"Ozaukee","ALAND":2414424,"AWATER":3959,"lng":-87.87619,"lat":43.38923,"ALAND_SQMI":0.9322,"nb":["55089630201","55089630202"]},"geometry":{"type":"Polygon","coordinates":[[[-87.8857,43.38428],[-87.88569,43.38701],[-87.88574,43.39748],[-87.88527,43.39685],[-87.88476,43.39619],[-87.88447,43.39594],[-87.88425,43.39578],[-87.88353,43.39534],[-87.88215,43.39422],[-87.88135,43.393],[-87.88072,43.39302],[-87.87937,43.39316],[-87.87755,43.39439],[-87.87763,43.39797],[-87.87098,43.39808],[-87.87095,43.39642],[-87.86633,43.39631],[-87.86808,43.39418],[-87.86568,43.39035],[-87.8696,43.38719],[-87.86842,43.38488],[-87.86989,43.38314],[-87.8725,43.38018],[-87.87276,43.37962],[-87.87486,43.3796],[-87.87615,43.37969],[-87.87611,43.37978],[-87.87606,43.37988],[-87.87546,43.38116],[-87.87867,43.38119],[-87.87887,43.38294],[-87.8826,43.38291],[-87.88605,43.38383],[-87.8857,43.38428]]]}},{"type":"Feature","properties":{"GEOID":"55089630201","NAME":"Census Tract 6302.01","COUNTY":"Ozaukee","ALAND":42843450,"AWATER":0,"lng":-87.87489,"lat":43.43111,"ALAND_SQMI":16.5419,"nb":["55089610101","55089610102","55089620100","55089630100","55089630202"]},"geometry":{"type":"Polygon","coordinates":[[[-87.92076,43.41202],[-87.92053,43.45584],[-87.89527,43.45586],[-87.89517,43.45584],[-87.81072,43.45598],[-87.81195,43.45464],[-87.81255,43.45042],[-87.8167,43.44826],[-87.82732,43.43485],[-87.85551,43.40554],[-87.85561,43.40544],[-87.86505,43.39357],[-87.86564,43.39038],[-87.86568,43.39035],[-87.86808,43.39418],[-87.86633,43.39631],[-87.87095,43.39642],[-87.87098,43.39808],[-87.87763,43.39797],[-87.87755,43.39439],[-87.87937,43.39316],[-87.88072,43.39302],[-87.88135,43.393],[-87.88215,43.39422],[-87.88353,43.39534],[-87.88425,43.39578],[-87.88447,43.39594],[-87.88476,43.39619],[-87.88527,43.39685],[-87.88574,43.39748],[-87.88604,43.39789],[-87.88736,43.3995],[-87.89148,43.40191],[-87.8998,43.40806],[-87.90273,43.40977],[-87.90868,43.40858],[-87.91733,43.40617],[-87.92078,43.40469],[-87.92076,43.41202]]]}},{"type":"Feature","properties":{"GEOID":"55089630202","NAME":"Census Tract 6302.02","COUNTY":"Ozaukee","ALAND":13088306,"AWATER":0,"lng":-87.90139,"lat":43.38616,"ALAND_SQMI":5.0534,"nb":["55089620100","55089630100","55089630201","55089640201"]},"geometry":{"type":"Polygon","coordinates":[[[-87.92078,43.40469],[-87.91733,43.40617],[-87.90868,43.40858],[-87.90273,43.40977],[-87.8998,43.40806],[-87.89148,43.40191],[-87.88736,43.3995],[-87.88604,43.39789],[-87.88574,43.39748],[-87.88569,43.38701],[-87.8857,43.38428],[-87.88605,43.38383],[-87.8826,43.38291],[-87.87887,43.38294],[-87.87867,43.38119],[-87.87546,43.38116],[-87.87606,43.37988],[-87.87611,43.37978],[-87.87615,43.37969],[-87.87486,43.3796],[-87.87276,43.37962],[-87.87586,43.37274],[-87.87745,43.36924],[-87.87754,43.3689],[-87.8791,43.36885],[-87.87921,43.36863],[-87.88157,43.36859],[-87.89936,43.36821],[-87.89895,43.36862],[-87.90126,43.36757],[-87.901,43.36816],[-87.90132,43.36816],[-87.90235,43.3685],[-87.9059,43.3685],[-87.90682,43.36848],[-87.92022,43.36825],[-87.92045,43.37886],[-87.92055,43.38499],[-87.92058,43.38703],[-87.92071,43.39629],[-87.92073,43.39742],[-87.92078,43.40469]]]}},{"type":"Feature","properties":{"GEOID":"55089640101","NAME":"Census Tract 6401.01","COUNTY":"Ozaukee","ALAND":2357645,"AWATER":43188,"lng":-87.956,"lat":43.31304,"ALAND_SQMI":0.9103,"nb":["55089640102","55089640202","55089650103","55089650104"]},"geometry":{"type":"Polygon","coordinates":[[[-87.96506,43.32032],[-87.96198,43.31987],[-87.9505,43.31997],[-87.94955,43.32],[-87.94518,43.32016],[-87.94514,43.31956],[-87.94492,43.30934],[-87.95045,43.30916],[-87.95203,43.30953],[-87.9547,43.30669],[-87.95604,43.306],[-87.95896,43.30461],[-87.9603,43.30359],[-87.96099,43.30348],[-87.96136,43.30377],[-87.96459,43.30215],[-87.96478,43.30209],[-87.96483,43.31038],[-87.96487,43.31245],[-87.96506,43.32032]]]}},{"type":"Feature","properties":{"GEOID":"55089640102","NAME":"Census Tract 6401.02","COUNTY":"Ozaukee","ALAND":4856466,"AWATER":120669,"lng":-87.96183,"lat":43.32929,"ALAND_SQMI":1.8751,"nb":["55089640101","55089640202","55089650104","55089650300"]},"geometry":{"type":"Polygon","coordinates":[[[-87.97979,43.32744],[-87.9801,43.3297],[-87.97916,43.33195],[-87.97595,43.33546],[-87.97726,43.33751],[-87.97025,43.33764],[-87.96696,43.33773],[-87.96519,43.33779],[-87.96339,43.33785],[-87.95536,43.33816],[-87.95149,43.33829],[-87.95004,43.3384],[-87.94851,43.33763],[-87.94568,43.33345],[-87.94491,43.33098],[-87.94228,43.32894],[-87.94339,43.3276],[-87.94399,43.32773],[-87.94683,43.32662],[-87.94629,43.32424],[-87.9492,43.32178],[-87.94955,43.32],[-87.9505,43.31997],[-87.96198,43.31987],[-87.96506,43.32032],[-87.96563,43.32046],[-87.9672,43.32088],[-87.96831,43.32127],[-87.97093,43.32249],[-87.97097,43.32251],[-87.97113,43.32257],[-87.97115,43.32258],[-87.97304,43.32305],[-87.97491,43.3231],[-87.97885,43.32303],[-87.98095,43.32468],[-87.97979,43.32744]]]}},{"type":"Feature","properties":{"GEOID":"55089640201","NAME":"Census Tract 6402.01","COUNTY":"Ozaukee","ALAND":27761193,"AWATER":0,"lng":-87.90464,"lat":43.33021,"ALAND_SQMI":10.7187,"nb":["55089620100","55089630202","55089640202","55089660202"]},"geometry":{"type":"Polygon","coordinates":[[[-87.92555,43.36815],[-87.92022,43.36825],[-87.90682,43.36848],[-87.9059,43.3685],[-87.90235,43.3685],[-87.90132,43.36816],[-87.901,43.36816],[-87.90126,43.36757],[-87.89895,43.36862],[-87.89936,43.36821],[-87.88157,43.36859],[-87.87921,43.36863],[-87.8791,43.36885],[-87.87754,43.3689],[-87.88239,43.3521],[-87.88254,43.35114],[-87.88428,43.33982],[-87.88439,43.33875],[-87.8856,43.32762],[-87.88616,43.32082],[-87.88828,43.31397],[-87.88921,43.30765],[-87.89179,43.30179],[-87.90185,43.28412],[-87.90297,43.28031],[-87.92161,43.28021],[-87.92081,43.31003],[-87.9206,43.31302],[-87.91975,43.3204],[-87.91964,43.32399],[-87.92055,43.32754],[-87.92418,43.33485],[-87.92469,43.33636],[-87.92492,43.33936],[-87.92555,43.36815]]]}},{"type":"Feature","properties":{"GEOID":"55089640202","NAME":"Census Tract 6402.02","COUNTY":"Ozaukee","ALAND":27513049,"AWATER":715244,"lng":-87.94144,"lat":43.32344,"ALAND_SQMI":10.6228,"nb":["55089620100","55089640101","55089640102","55089640201","55089650103","55089650200","55089650300","55089660202"]},"geometry":{"type":"Polygon","coordinates":[[[-87.96591,43.36768],[-87.95519,43.3678],[-87.95108,43.36783],[-87.94875,43.36786],[-87.94861,43.36786],[-87.94652,43.36792],[-87.94624,43.36793],[-87.92555,43.36815],[-87.92492,43.33936],[-87.92469,43.33636],[-87.92418,43.33485],[-87.92055,43.32754],[-87.91964,43.32399],[-87.91975,43.3204],[-87.9206,43.31302],[-87.92081,43.31003],[-87.92161,43.28021],[-87.95421,43.27989],[-87.95919,43.27982],[-87.96416,43.27974],[-87.9646,43.29424],[-87.96466,43.30153],[-87.96478,43.30209],[-87.96459,43.30215],[-87.96136,43.30377],[-87.96099,43.30348],[-87.9603,43.30359],[-87.95896,43.30461],[-87.95604,43.306],[-87.9547,43.30669],[-87.95203,43.30953],[-87.95045,43.30916],[-87.94492,43.30934],[-87.94514,43.31956],[-87.94518,43.32016],[-87.94955,43.32],[-87.9492,43.32178],[-87.94629,43.32424],[-87.94683,43.32662],[-87.94399,43.32773],[-87.94339,43.3276],[-87.94228,43.32894],[-87.94491,43.33098],[-87.94568,43.33345],[-87.94851,43.33763],[-87.95004,43.3384],[-87.95149,43.33829],[-87.95536,43.33816],[-87.96339,43.33785],[-87.96519,43.33779],[-87.96553,43.35233],[-87.96591,43.36768]]]}},{"type":"Feature","properties":{"GEOID":"55089650102","NAME":"Census Tract 6501.02","COUNTY":"Ozaukee","ALAND":2479080,"AWATER":0,"lng":-87.99794,"lat":43.30307,"ALAND_SQMI":0.9572,"nb":["55089650103","55089650104","55089650200","55089650300"]},"geometry":{"type":"Polygon","coordinates":[[[-88.00479,43.31941],[-88.00465,43.32062],[-88.00329,43.31893],[-88.00039,43.31535],[-87.9986,43.31315],[-87.99765,43.31195],[-87.99005,43.30256],[-87.98958,43.3018],[-87.98928,43.30103],[-87.98644,43.29383],[-87.98945,43.29379],[-88.00232,43.29357],[-88.00237,43.29357],[-88.00275,43.29356],[-88.00427,43.29353],[-88.0043,43.29534],[-88.00432,43.29687],[-88.00439,43.30078],[-88.00463,43.31165],[-88.00474,43.31527],[-88.00479,43.31941]]]}},{"type":"Feature","properties":{"GEOID":"55089650103","NAME":"Census Tract 6501.03","COUNTY":"Ozaukee","ALAND":2215690,"AWATER":89239,"lng":-87.97454,"lat":43.29984,"ALAND_SQMI":0.8555,"nb":["55089640101","55089640202","55089650102","55089650104","55089650200"]},"geometry":{"type":"Polygon","coordinates":[[[-87.98928,43.30103],[-87.98113,43.30118],[-87.97461,43.30558],[-87.97076,43.30805],[-87.9696,43.30864],[-87.96483,43.31038],[-87.96478,43.30209],[-87.96466,43.30153],[-87.9646,43.29424],[-87.97374,43.29404],[-87.9745,43.29404],[-87.98126,43.29393],[-87.98199,43.29264],[-87.98616,43.29307],[-87.98644,43.29383],[-87.98928,43.30103]]]}},{"type":"Feature","properties":{"GEOID":"55089650104","NAME":"Census Tract 6501.04","COUNTY":"Ozaukee","ALAND":5499152,"AWATER":49777,"lng":-87.98333,"lat":43.31394,"ALAND_SQMI":2.1232,"nb":["55089640101","55089640102","55089650102","55089650103","55089650300"]},"geometry":{"type":"Polygon","coordinates":[[[-88.00618,43.3225],[-87.99488,43.32269],[-87.98486,43.32287],[-87.98057,43.32299],[-87.97885,43.32303],[-87.97491,43.3231],[-87.97304,43.32305],[-87.97115,43.32258],[-87.97113,43.32257],[-87.97097,43.32251],[-87.97093,43.32249],[-87.96831,43.32127],[-87.9672,43.32088],[-87.96563,43.32046],[-87.96506,43.32032],[-87.96487,43.31245],[-87.96483,43.31038],[-87.9696,43.30864],[-87.97076,43.30805],[-87.97461,43.30558],[-87.98113,43.30118],[-87.98928,43.30103],[-87.98958,43.3018],[-87.99005,43.30256],[-87.99765,43.31195],[-87.9986,43.31315],[-88.00039,43.31535],[-88.00329,43.31893],[-88.00465,43.32062],[-88.00618,43.3225]]]}},{"type":"Feature","properties":{"GEOID":"55089650200","NAME":"Census Tract 6502","COUNTY":"Ozaukee","ALAND":5511627,"AWATER":59608,"lng":-87.98425,"lat":43.28589,"ALAND_SQMI":2.1281,"nb":["55089640202","55089650102","55089650103","55089650300","55089660201","55089660202"]},"geometry":{"type":"Polygon","coordinates":[[[-88.00427,43.29353],[-88.00275,43.29356],[-88.00237,43.29357],[-88.00232,43.29357],[-87.98945,43.29379],[-87.98644,43.29383],[-87.98616,43.29307],[-87.98199,43.29264],[-87.98126,43.29393],[-87.9745,43.29404],[-87.97374,43.29404],[-87.9646,43.29424],[-87.96416,43.27974],[-87.97174,43.27961],[-87.97425,43.27958],[-87.97933,43.27948],[-87.97919,43.27429],[-87.98419,43.27447],[-87.98424,43.27611],[-87.98856,43.27614],[-87.99039,43.27615],[-87.99025,43.27829],[-87.99191,43.27926],[-87.9952,43.2792],[-88.00402,43.27903],[-88.00408,43.28628],[-88.0041,43.28738],[-88.00411,43.28781],[-88.00427,43.29353]]]}},{"type":"Feature","properties":{"GEOID":"55089650300","NAME":"Census Tract 6503","COUNTY":"Ozaukee","ALAND":60205748,"AWATER":341321,"lng":-88.0228,"lat":43.32859,"ALAND_SQMI":23.2456,"nb":["55089620100","55089640102","55089640202","55089650102","55089650104","55089650200","55089660201","55089660202","55131400104","55131450103","55131450108","55131470100"]},"geometry":{"type":"Polygon","coordinates":[[[-88.06289,43.30786],[-88.06289,43.32232],[-88.06255,43.3588],[-88.06243,43.36729],[-88.04013,43.36731],[-88.00566,43.36753],[-87.98004,43.36765],[-87.96634,43.36768],[-87.96591,43.36768],[-87.96553,43.35233],[-87.96519,43.33779],[-87.96696,43.33773],[-87.97025,43.33764],[-87.97726,43.33751],[-87.97595,43.33546],[-87.97916,43.33195],[-87.9801,43.3297],[-87.97979,43.32744],[-87.98095,43.32468],[-87.97885,43.32303],[-87.98057,43.32299],[-87.98486,43.32287],[-87.99488,43.32269],[-88.00618,43.3225],[-88.00465,43.32062],[-88.00479,43.31941],[-88.00474,43.31527],[-88.00463,43.31165],[-88.00439,43.30078],[-88.00432,43.29687],[-88.0043,43.29534],[-88.00427,43.29353],[-88.00411,43.28781],[-88.0041,43.28738],[-88.00408,43.28628],[-88.00402,43.27903],[-88.06329,43.27888],[-88.06289,43.30786]]]}},{"type":"Feature","properties":{"GEOID":"55089660100","NAME":"Census Tract 6601","COUNTY":"Ozaukee","ALAND":2686324,"AWATER":111041,"lng":-87.97842,"lat":43.23613,"ALAND_SQMI":1.0372,"nb":["55089660202","55089660301"]},"geometry":{"type":"Polygon","coordinates":[[[-87.98872,43.22887],[-87.98872,43.22891],[-87.98874,43.23619],[-87.98877,43.24345],[-87.96893,43.24335],[-87.96894,43.24284],[-87.96849,43.23941],[-87.96715,43.23902],[-87.96383,43.2389],[-87.96383,43.23605],[-87.96382,43.23486],[-87.96529,43.2345],[-87.96484,43.23314],[-87.97287,43.231],[-87.98212,43.23036],[-87.9836,43.22874],[-87.98283,43.22539],[-87.98448,43.22539],[-87.98897,43.2254],[-87.98872,43.22887]]]}},{"type":"Feature","properties":{"GEOID":"55089660201","NAME":"Census Tract 6602.01","COUNTY":"Ozaukee","ALAND":46682156,"AWATER":119813,"lng":-88.0337,"lat":43.23563,"ALAND_SQMI":18.0241,"nb":["55079000101","55079000201","55089650200","55089650300","55089660202","55131450108","55131470100","55131470203","55131470204","55133200202"]},"geometry":{"type":"Polygon","coordinates":[[[-88.06391,43.23564],[-88.06329,43.27888],[-88.00402,43.27903],[-88.00366,43.25079],[-88.00362,43.23624],[-88.00361,43.22176],[-88.00361,43.22163],[-88.00381,43.19258],[-88.02372,43.19249],[-88.06335,43.19212],[-88.06338,43.19477],[-88.06379,43.22112],[-88.06391,43.23564]]]}},{"type":"Feature","properties":{"GEOID":"55089660202","NAME":"Census Tract 6602.02","COUNTY":"Ozaukee","ALAND":38337938,"AWATER":476172,"lng":-87.9668,"lat":43.24895,"ALAND_SQMI":14.8024,"nb":["55079000101","55079050101","55079050103","55089640201","55089640202","55089650200","55089650300","55089660100","55089660201","55089660301","55089660303"]},"geometry":{"type":"Polygon","coordinates":[[[-88.00402,43.27903],[-87.9952,43.2792],[-87.99191,43.27926],[-87.99025,43.27829],[-87.99039,43.27615],[-87.98856,43.27614],[-87.98424,43.27611],[-87.98419,43.27447],[-87.97919,43.27429],[-87.97933,43.27948],[-87.97425,43.27958],[-87.97174,43.27961],[-87.96416,43.27974],[-87.95919,43.27982],[-87.95421,43.27989],[-87.92161,43.28021],[-87.90297,43.28031],[-87.90305,43.28003],[-87.90798,43.2633],[-87.908,43.26326],[-87.91176,43.25051],[-87.91179,43.25041],[-87.91179,43.25039],[-87.91965,43.25044],[-87.94071,43.25071],[-87.9639,43.2506],[-87.96387,43.24811],[-87.96386,43.24611],[-87.96383,43.2389],[-87.96715,43.23902],[-87.96849,43.23941],[-87.96894,43.24284],[-87.96893,43.24335],[-87.98877,43.24345],[-87.98874,43.23619],[-87.98872,43.22891],[-87.98872,43.22887],[-87.98897,43.2254],[-87.98448,43.22539],[-87.98446,43.22529],[-87.98417,43.22429],[-87.98252,43.22147],[-87.98121,43.21905],[-87.97289,43.20704],[-87.96992,43.20272],[-87.96564,43.19528],[-87.96467,43.19243],[-87.98396,43.19254],[-87.99417,43.19255],[-88.00381,43.19258],[-88.00361,43.22163],[-88.00361,43.22176],[-88.00362,43.23624],[-88.00366,43.25079],[-88.00402,43.27903]]]}},{"type":"Feature","properties":{"GEOID":"55089660301","NAME":"Census Tract 6603.01","COUNTY":"Ozaukee","ALAND":15601549,"AWATER":689957,"lng":-87.93989,"lat":43.2345,"ALAND_SQMI":6.0238,"nb":["55089660100","55089660202","55089660303","55089660304"]},"geometry":{"type":"Polygon","coordinates":[[[-87.98448,43.22539],[-87.98283,43.22539],[-87.9836,43.22874],[-87.98212,43.23036],[-87.97287,43.231],[-87.96484,43.23314],[-87.96529,43.2345],[-87.96382,43.23486],[-87.96383,43.23605],[-87.96383,43.2389],[-87.96386,43.24611],[-87.96387,43.24811],[-87.9639,43.2506],[-87.94071,43.25071],[-87.91965,43.25044],[-87.91179,43.25039],[-87.91176,43.25017],[-87.91009,43.23593],[-87.91009,43.23591],[-87.91008,43.23589],[-87.90386,43.22403],[-87.90055,43.21951],[-87.90413,43.21929],[-87.90409,43.22073],[-87.92134,43.22121],[-87.92811,43.22116],[-87.94396,43.22155],[-87.96382,43.22143],[-87.98252,43.22147],[-87.98417,43.22429],[-87.98446,43.22529],[-87.98448,43.22539]]]}},{"type":"Feature","properties":{"GEOID":"55089660303","NAME":"Census Tract 6603.03","COUNTY":"Ozaukee","ALAND":12986551,"AWATER":456923,"lng":-87.94774,"lat":43.20789,"ALAND_SQMI":5.0141,"nb":["55079030100","55079040100","55079050103","55089660202","55089660301","55089660304"]},"geometry":{"type":"Polygon","coordinates":[[[-87.98252,43.22147],[-87.96382,43.22143],[-87.94396,43.22155],[-87.92811,43.22116],[-87.92134,43.22121],[-87.9207,43.21186],[-87.92138,43.20667],[-87.923,43.1981],[-87.92411,43.19214],[-87.92466,43.19214],[-87.9443,43.19226],[-87.95925,43.19241],[-87.96467,43.19243],[-87.96564,43.19528],[-87.96992,43.20272],[-87.97289,43.20704],[-87.98121,43.21905],[-87.98252,43.22147]]]}},{"type":"Feature","properties":{"GEOID":"55089660304","NAME":"Census Tract 6603.04","COUNTY":"Ozaukee","ALAND":6489460,"AWATER":0,"lng":-87.90935,"lat":43.20568,"ALAND_SQMI":2.5056,"nb":["55079030100","55089660301","55089660303"]},"geometry":{"type":"Polygon","coordinates":[[[-87.923,43.1981],[-87.92138,43.20667],[-87.9207,43.21186],[-87.92134,43.22121],[-87.90409,43.22073],[-87.90413,43.21929],[-87.90055,43.21951],[-87.89943,43.21798],[-87.89674,43.2143],[-87.89594,43.20963],[-87.89579,43.20878],[-87.8974,43.20425],[-87.89635,43.19753],[-87.89629,43.19711],[-87.89625,43.19706],[-87.89209,43.19204],[-87.89501,43.19209],[-87.89877,43.19219],[-87.92411,43.19214],[-87.923,43.1981]]]}},{"type":"Feature","properties":{"GEOID":"55101000200","NAME":"Census Tract 2","COUNTY":"Racine","ALAND":1633199,"AWATER":2234863,"lng":-87.78468,"lat":42.71659,"ALAND_SQMI":0.6306,"nb":["55101000800","55101002900"]},"geometry":{"type":"Polygon","coordinates":[[[-87.78939,42.72566],[-87.78865,42.72589],[-87.78601,42.72595],[-87.77853,42.72598],[-87.77814,42.72053],[-87.77802,42.71891],[-87.78079,42.71806],[-87.78082,42.71805],[-87.78082,42.71801],[-87.78205,42.71027],[-87.78237,42.70822],[-87.78264,42.7075],[-87.78372,42.70453],[-87.78916,42.70434],[-87.7892,42.70764],[-87.78924,42.71084],[-87.78813,42.71254],[-87.78816,42.71552],[-87.78929,42.71552],[-87.78932,42.7185],[-87.78935,42.72147],[-87.78939,42.72566]]]}},{"type":"Feature","properties":{"GEOID":"55101000400","NAME":"Census Tract 4","COUNTY":"Racine","ALAND":1761017,"AWATER":846875,"lng":-87.78993,"lat":42.73487,"ALAND_SQMI":0.6799,"nb":["55101000500","55101001202","55101001302","55101002900"]},"geometry":{"type":"Polygon","coordinates":[[[-87.79858,42.74048],[-87.79173,42.74051],[-87.79169,42.74051],[-87.78703,42.74046],[-87.78279,42.74049],[-87.78009,42.74058],[-87.77988,42.74015],[-87.77926,42.73889],[-87.77899,42.73766],[-87.77819,42.73397],[-87.77853,42.7335],[-87.78451,42.73357],[-87.78627,42.73332],[-87.78597,42.73164],[-87.78531,42.72939],[-87.78623,42.72819],[-87.78717,42.72796],[-87.79102,42.72968],[-87.79278,42.72888],[-87.79549,42.72661],[-87.79638,42.72396],[-87.79686,42.72598],[-87.79837,42.73156],[-87.79858,42.73323],[-87.79858,42.73548],[-87.7984,42.73927],[-87.79858,42.74048]]]}},{"type":"Feature","properties":{"GEOID":"55101000500","NAME":"Census Tract 5","COUNTY":"Racine","ALAND":1811654,"AWATER":105817,"lng":-87.80129,"lat":42.72204,"ALAND_SQMI":0.6995,"nb":["55101000400","55101000600","55101000700","55101001202","55101002900"]},"geometry":{"type":"Polygon","coordinates":[[[-87.80878,42.72051],[-87.80858,42.72171],[-87.80568,42.72599],[-87.80514,42.72599],[-87.80569,42.72697],[-87.80498,42.73067],[-87.80367,42.7316],[-87.80414,42.732],[-87.80203,42.73303],[-87.80349,42.73422],[-87.80313,42.73549],[-87.79858,42.73548],[-87.79858,42.73323],[-87.79837,42.73156],[-87.79686,42.72598],[-87.79638,42.72396],[-87.79638,42.72376],[-87.79541,42.71847],[-87.79546,42.71697],[-87.79647,42.71112],[-87.79977,42.71045],[-87.79978,42.71102],[-87.80635,42.71074],[-87.80563,42.71243],[-87.80486,42.71424],[-87.80224,42.71444],[-87.80343,42.71728],[-87.80288,42.71857],[-87.80538,42.71875],[-87.81158,42.71872],[-87.80878,42.72051]]]}},{"type":"Feature","properties":{"GEOID":"55101000600","NAME":"Census Tract 6","COUNTY":"Racine","ALAND":2353338,"AWATER":8781,"lng":-87.81167,"lat":42.72043,"ALAND_SQMI":0.9086,"nb":["55101000500","55101000700","55101000901","55101001003","55101001101","55101001102","55101001202"]},"geometry":{"type":"Polygon","coordinates":[[[-87.8212,42.73165],[-87.82028,42.73142],[-87.82007,42.73137],[-87.81931,42.73119],[-87.81624,42.73047],[-87.815,42.73016],[-87.81267,42.73],[-87.80414,42.732],[-87.80367,42.7316],[-87.80498,42.73067],[-87.80569,42.72697],[-87.80514,42.72599],[-87.80568,42.72599],[-87.80858,42.72171],[-87.80878,42.72051],[-87.81158,42.71872],[-87.80538,42.71875],[-87.80288,42.71857],[-87.80343,42.71728],[-87.80224,42.71444],[-87.80486,42.71424],[-87.80563,42.71243],[-87.80635,42.71074],[-87.80719,42.70905],[-87.81122,42.70902],[-87.81121,42.70793],[-87.81612,42.7079],[-87.81613,42.70911],[-87.81614,42.7107],[-87.81615,42.71239],[-87.81617,42.71518],[-87.81618,42.71696],[-87.81619,42.71871],[-87.8162,42.72024],[-87.81622,42.72258],[-87.81645,42.72258],[-87.82027,42.72528],[-87.82028,42.72654],[-87.82031,42.72952],[-87.8212,42.73165]]]}},{"type":"Feature","properties":{"GEOID":"55101000700","NAME":"Census Tract 7","COUNTY":"Racine","ALAND":2369618,"AWATER":0,"lng":-87.80536,"lat":42.70343,"ALAND_SQMI":0.9149,"nb":["55101000500","55101000600","55101000800","55101000901","55101002900"]},"geometry":{"type":"Polygon","coordinates":[[[-87.81612,42.7079],[-87.81121,42.70793],[-87.81122,42.70902],[-87.80719,42.70905],[-87.80635,42.71074],[-87.79978,42.71102],[-87.79977,42.71045],[-87.79647,42.71112],[-87.79641,42.71081],[-87.79668,42.70927],[-87.79658,42.70759],[-87.79481,42.70761],[-87.79477,42.7043],[-87.79475,42.70282],[-87.79473,42.70134],[-87.79634,42.70135],[-87.79629,42.69703],[-87.7967,42.69703],[-87.80001,42.69702],[-87.80622,42.69699],[-87.8094,42.69696],[-87.81114,42.69695],[-87.81606,42.69691],[-87.81607,42.69904],[-87.81609,42.70417],[-87.81611,42.70628],[-87.81612,42.7079]]]}},{"type":"Feature","properties":{"GEOID":"55101000800","NAME":"Census Tract 8","COUNTY":"Racine","ALAND":5873084,"AWATER":4207523,"lng":-87.80577,"lat":42.68568,"ALAND_SQMI":2.2676,"nb":["55059000101","55059000102","55101000200","55101000700","55101000901","55101000903","55101002900"]},"geometry":{"type":"Polygon","coordinates":[[[-87.81705,42.68218],[-87.81699,42.68235],[-87.81657,42.68487],[-87.81641,42.68961],[-87.81644,42.6931],[-87.81645,42.69507],[-87.81638,42.69691],[-87.81606,42.69691],[-87.81114,42.69695],[-87.8094,42.69696],[-87.80622,42.69699],[-87.80001,42.69702],[-87.7967,42.69703],[-87.79629,42.69703],[-87.79634,42.70135],[-87.79473,42.70134],[-87.79475,42.70282],[-87.79477,42.7043],[-87.79072,42.70433],[-87.78916,42.70434],[-87.78372,42.70453],[-87.78507,42.70082],[-87.78677,42.70072],[-87.78709,42.69995],[-87.78849,42.69652],[-87.78995,42.695],[-87.79356,42.69128],[-87.79487,42.68992],[-87.79518,42.68917],[-87.79695,42.68492],[-87.79733,42.68399],[-87.79759,42.68339],[-87.80307,42.67542],[-87.80313,42.67526],[-87.8056,42.66859],[-87.80586,42.66789],[-87.80946,42.66781],[-87.8222,42.66781],[-87.81705,42.68218]]]}},{"type":"Feature","properties":{"GEOID":"55101000901","NAME":"Census Tract 9.01","COUNTY":"Racine","ALAND":3455577,"AWATER":11156,"lng":-87.8333,"lat":42.70218,"ALAND_SQMI":1.3342,"nb":["55101000600","55101000700","55101000800","55101000903","55101000904","55101001001","55101001002","55101001003","55101001701"]},"geometry":{"type":"Polygon","coordinates":[[[-87.85301,42.70136],[-87.85131,42.70584],[-87.83586,42.70713],[-87.826,42.7082],[-87.81613,42.70911],[-87.81612,42.7079],[-87.81611,42.70628],[-87.81609,42.70417],[-87.81607,42.69904],[-87.81606,42.69691],[-87.81638,42.69691],[-87.82593,42.69686],[-87.82718,42.69686],[-87.83078,42.69686],[-87.83111,42.69686],[-87.83324,42.69685],[-87.83386,42.69685],[-87.83416,42.69685],[-87.83578,42.69685],[-87.84555,42.6972],[-87.85426,42.69749],[-87.85301,42.70136]]]}},{"type":"Feature","properties":{"GEOID":"55101000903","NAME":"Census Tract 9.03","COUNTY":"Racine","ALAND":4532138,"AWATER":160919,"lng":-87.82682,"lat":42.68316,"ALAND_SQMI":1.7499,"nb":["55059000102","55101000800","55101000901","55101000904"]},"geometry":{"type":"Polygon","coordinates":[[[-87.83578,42.68234],[-87.83577,42.68853],[-87.83577,42.68991],[-87.83577,42.69046],[-87.83577,42.69124],[-87.83577,42.69134],[-87.83577,42.69266],[-87.83577,42.69288],[-87.83578,42.69378],[-87.83578,42.69445],[-87.83578,42.69685],[-87.83416,42.69685],[-87.83386,42.69685],[-87.83324,42.69685],[-87.83111,42.69686],[-87.83078,42.69686],[-87.82718,42.69686],[-87.82593,42.69686],[-87.81638,42.69691],[-87.81645,42.69507],[-87.81644,42.6931],[-87.81641,42.68961],[-87.81657,42.68487],[-87.81699,42.68235],[-87.81705,42.68218],[-87.8222,42.66781],[-87.83587,42.66784],[-87.83578,42.68234]]]}},{"type":"Feature","properties":{"GEOID":"55101000904","NAME":"Census Tract 9.04","COUNTY":"Racine","ALAND":5783192,"AWATER":15488,"lng":-87.84691,"lat":42.6817,"ALAND_SQMI":2.2329,"nb":["55059000102","55059000601","55101000901","55101000903","55101001701"]},"geometry":{"type":"Polygon","coordinates":[[[-87.86177,42.67296],[-87.8594,42.67552],[-87.85733,42.67928],[-87.85616,42.68289],[-87.85586,42.68431],[-87.8557,42.6928],[-87.8543,42.69738],[-87.85426,42.69749],[-87.84555,42.6972],[-87.83578,42.69685],[-87.83578,42.69445],[-87.83578,42.69378],[-87.83577,42.69288],[-87.83577,42.69266],[-87.83577,42.69134],[-87.83577,42.69124],[-87.83577,42.69046],[-87.83577,42.68991],[-87.83577,42.68853],[-87.83578,42.68234],[-87.83587,42.66784],[-87.84598,42.6681],[-87.86395,42.66849],[-87.86177,42.67296]]]}},{"type":"Feature","properties":{"GEOID":"55101001001","NAME":"Census Tract 10.01","COUNTY":"Racine","ALAND":1465571,"AWATER":0,"lng":-87.84236,"lat":42.71246,"ALAND_SQMI":0.5659,"nb":["55101000901","55101001002","55101001101","55101001701","55101001706"]},"geometry":{"type":"Polygon","coordinates":[[[-87.85124,42.70599],[-87.85111,42.7063],[-87.85037,42.70773],[-87.85007,42.70845],[-87.84967,42.70981],[-87.84907,42.71175],[-87.84888,42.71224],[-87.84827,42.71373],[-87.84759,42.71538],[-87.847,42.7168],[-87.8461,42.7189],[-87.84381,42.71883],[-87.84214,42.71878],[-87.83937,42.7187],[-87.83938,42.72023],[-87.83602,42.72013],[-87.83597,42.71684],[-87.83594,42.71507],[-87.8359,42.71228],[-87.83589,42.71097],[-87.83588,42.70949],[-87.83586,42.70713],[-87.85131,42.70584],[-87.85124,42.70599]]]}},{"type":"Feature","properties":{"GEOID":"55101001002","NAME":"Census Tract 10.02","COUNTY":"Racine","ALAND":1123939,"AWATER":0,"lng":-87.83106,"lat":42.71391,"ALAND_SQMI":0.434,"nb":["55101000901","55101001001","55101001003","55101001101"]},"geometry":{"type":"Polygon","coordinates":[[[-87.83602,42.72013],[-87.82611,42.72019],[-87.82608,42.71691],[-87.82606,42.71514],[-87.82602,42.71104],[-87.826,42.7082],[-87.83586,42.70713],[-87.83588,42.70949],[-87.83589,42.71097],[-87.8359,42.71228],[-87.83594,42.71507],[-87.83597,42.71684],[-87.83602,42.72013]]]}},{"type":"Feature","properties":{"GEOID":"55101001003","NAME":"Census Tract 10.03","COUNTY":"Racine","ALAND":1042666,"AWATER":0,"lng":-87.82117,"lat":42.71444,"ALAND_SQMI":0.4026,"nb":["55101000600","55101000901","55101001002","55101001101"]},"geometry":{"type":"Polygon","coordinates":[[[-87.82611,42.72019],[-87.82116,42.72022],[-87.8162,42.72024],[-87.81619,42.71871],[-87.81618,42.71696],[-87.81617,42.71518],[-87.81615,42.71239],[-87.81614,42.7107],[-87.81613,42.70911],[-87.826,42.7082],[-87.82602,42.71104],[-87.82606,42.71514],[-87.82608,42.71691],[-87.82611,42.72019]]]}},{"type":"Feature","properties":{"GEOID":"55101001101","NAME":"Census Tract 11.01","COUNTY":"Racine","ALAND":1432024,"AWATER":0,"lng":-87.83174,"lat":42.72266,"ALAND_SQMI":0.5529,"nb":["55101000600","55101001001","55101001002","55101001003","55101001102","55101001701","55101001706"]},"geometry":{"type":"Polygon","coordinates":[[[-87.84584,42.71949],[-87.84521,42.72095],[-87.8441,42.7235],[-87.84364,42.72455],[-87.84298,42.72607],[-87.83945,42.72597],[-87.83879,42.72593],[-87.83869,42.72592],[-87.83612,42.72587],[-87.8299,42.72589],[-87.82989,42.72491],[-87.82617,42.72493],[-87.82618,42.7259],[-87.82121,42.72594],[-87.82027,42.72528],[-87.81645,42.72258],[-87.81622,42.72258],[-87.8162,42.72024],[-87.82116,42.72022],[-87.82611,42.72019],[-87.83602,42.72013],[-87.83938,42.72023],[-87.83937,42.7187],[-87.84214,42.71878],[-87.84381,42.71883],[-87.8461,42.7189],[-87.84584,42.71949]]]}},{"type":"Feature","properties":{"GEOID":"55101001102","NAME":"Census Tract 11.02","COUNTY":"Racine","ALAND":2317213,"AWATER":12882,"lng":-87.83471,"lat":42.73052,"ALAND_SQMI":0.8947,"nb":["55101000600","55101001101","55101001202","55101001705","55101001706"]},"geometry":{"type":"Polygon","coordinates":[[[-87.84602,42.73711],[-87.83834,42.7368],[-87.83623,42.73674],[-87.82974,42.73564],[-87.82834,42.73501],[-87.82619,42.73393],[-87.82302,42.73231],[-87.82163,42.73181],[-87.8212,42.73165],[-87.82031,42.72952],[-87.82028,42.72654],[-87.82027,42.72528],[-87.82121,42.72594],[-87.82618,42.7259],[-87.82617,42.72493],[-87.82989,42.72491],[-87.8299,42.72589],[-87.83612,42.72587],[-87.83869,42.72592],[-87.83879,42.72593],[-87.83945,42.72597],[-87.84298,42.72607],[-87.84364,42.72455],[-87.8441,42.7235],[-87.84521,42.72095],[-87.84593,42.72136],[-87.84602,42.73711]]]}},{"type":"Feature","properties":{"GEOID":"55101001201","NAME":"Census Tract 12.01","COUNTY":"Racine","ALAND":5896747,"AWATER":214058,"lng":-87.81818,"lat":42.75985,"ALAND_SQMI":2.2767,"nb":["55101001202","55101001301","55101001302","55101001401","55101001506","55101001507","55101001602","55101001705"]},"geometry":{"type":"Polygon","coordinates":[[[-87.83644,42.7553],[-87.83623,42.77197],[-87.82591,42.77204],[-87.82798,42.76837],[-87.82777,42.76835],[-87.82234,42.7687],[-87.8219,42.76776],[-87.82163,42.76996],[-87.80533,42.77003],[-87.80437,42.76646],[-87.80268,42.75913],[-87.80167,42.75546],[-87.80037,42.75011],[-87.79918,42.74574],[-87.79888,42.7442],[-87.80322,42.74578],[-87.80672,42.74709],[-87.81296,42.7494],[-87.81973,42.75166],[-87.82233,42.75086],[-87.82308,42.75123],[-87.82406,42.75171],[-87.8247,42.75202],[-87.82646,42.75262],[-87.82954,42.75328],[-87.83207,42.75382],[-87.83644,42.75477],[-87.83644,42.7553]]]}},{"type":"Feature","properties":{"GEOID":"55101001202","NAME":"Census Tract 12.02","COUNTY":"Racine","ALAND":5127931,"AWATER":153681,"lng":-87.81722,"lat":42.74059,"ALAND_SQMI":1.9799,"nb":["55101000400","55101000500","55101000600","55101001102","55101001201","55101001302","55101001705"]},"geometry":{"type":"Polygon","coordinates":[[[-87.83834,42.7368],[-87.83547,42.74377],[-87.82645,42.75003],[-87.8247,42.75202],[-87.82406,42.75171],[-87.82308,42.75123],[-87.82233,42.75086],[-87.81973,42.75166],[-87.81296,42.7494],[-87.80672,42.74709],[-87.80322,42.74578],[-87.79888,42.7442],[-87.79868,42.74228],[-87.79858,42.74048],[-87.7984,42.73927],[-87.79858,42.73548],[-87.80313,42.73549],[-87.80349,42.73422],[-87.80203,42.73303],[-87.80414,42.732],[-87.81267,42.73],[-87.815,42.73016],[-87.81624,42.73047],[-87.81931,42.73119],[-87.82007,42.73137],[-87.82028,42.73142],[-87.8212,42.73165],[-87.82163,42.73181],[-87.82302,42.73231],[-87.82619,42.73393],[-87.82834,42.73501],[-87.82974,42.73564],[-87.83623,42.73674],[-87.83834,42.7368]]]}},{"type":"Feature","properties":{"GEOID":"55101001301","NAME":"Census Tract 13.01","COUNTY":"Racine","ALAND":1100388,"AWATER":0,"lng":-87.79414,"lat":42.75107,"ALAND_SQMI":0.4249,"nb":["55101001201","55101001302","55101001401","55101001402"]},"geometry":{"type":"Polygon","coordinates":[[[-87.80167,42.75546],[-87.79443,42.75548],[-87.79206,42.75549],[-87.78735,42.7555],[-87.78715,42.7555],[-87.78712,42.75136],[-87.78709,42.74776],[-87.7918,42.74773],[-87.79178,42.74576],[-87.79434,42.74575],[-87.79918,42.74574],[-87.80037,42.75011],[-87.80167,42.75546]]]}},{"type":"Feature","properties":{"GEOID":"55101001302","NAME":"Census Tract 13.02","COUNTY":"Racine","ALAND":1518406,"AWATER":1631637,"lng":-87.78788,"lat":42.74608,"ALAND_SQMI":0.5863,"nb":["55101000400","55101001201","55101001202","55101001301","55101001402"]},"geometry":{"type":"Polygon","coordinates":[[[-87.79918,42.74574],[-87.79434,42.74575],[-87.79178,42.74576],[-87.7918,42.74773],[-87.78709,42.74776],[-87.78712,42.75136],[-87.78715,42.7555],[-87.78084,42.75549],[-87.7802,42.75554],[-87.78174,42.75005],[-87.78161,42.74362],[-87.78009,42.74058],[-87.78279,42.74049],[-87.78703,42.74046],[-87.79169,42.74051],[-87.79173,42.74051],[-87.79858,42.74048],[-87.79868,42.74228],[-87.79888,42.7442],[-87.79918,42.74574]]]}},{"type":"Feature","properties":{"GEOID":"55101001401","NAME":"Census Tract 14.01","COUNTY":"Racine","ALAND":1555470,"AWATER":0,"lng":-87.79767,"lat":42.76307,"ALAND_SQMI":0.6006,"nb":["55101001201","55101001301","55101001402","55101001504","55101001506","55101001507"]},"geometry":{"type":"Polygon","coordinates":[[[-87.80507,42.77003],[-87.80282,42.77003],[-87.79679,42.77002],[-87.79313,42.77001],[-87.79186,42.77001],[-87.79196,42.76636],[-87.79193,42.76358],[-87.79141,42.76274],[-87.79144,42.76274],[-87.79143,42.75911],[-87.79147,42.75841],[-87.79206,42.75549],[-87.79443,42.75548],[-87.80167,42.75546],[-87.80268,42.75913],[-87.80437,42.76646],[-87.80533,42.77003],[-87.80507,42.77003]]]}},{"type":"Feature","properties":{"GEOID":"55101001402","NAME":"Census Tract 14.02","COUNTY":"Racine","ALAND":1880653,"AWATER":1712739,"lng":-87.78454,"lat":42.76332,"ALAND_SQMI":0.7261,"nb":["55101001301","55101001302","55101001401","55101001504","55101001505"]},"geometry":{"type":"Polygon","coordinates":[[[-87.79147,42.75841],[-87.79143,42.75911],[-87.79144,42.76274],[-87.79141,42.76274],[-87.79193,42.76358],[-87.79196,42.76636],[-87.79186,42.77001],[-87.78693,42.76999],[-87.78522,42.76999],[-87.782,42.76998],[-87.7737,42.76993],[-87.77543,42.76718],[-87.77697,42.76474],[-87.77716,42.76442],[-87.77817,42.76282],[-87.77822,42.76264],[-87.7791,42.75951],[-87.7795,42.75806],[-87.7802,42.75554],[-87.78084,42.75549],[-87.78715,42.7555],[-87.78735,42.7555],[-87.79206,42.75549],[-87.79147,42.75841]]]}},{"type":"Feature","properties":{"GEOID":"55101001501","NAME":"Census Tract 15.01","COUNTY":"Racine","ALAND":8694780,"AWATER":4529146,"lng":-87.8244,"lat":42.82224,"ALAND_SQMI":3.3571,"nb":["55079160301","55101001504","55101001506","55101001507","55101001601"]},"geometry":{"type":"Polygon","coordinates":[[[-87.85278,42.8423],[-87.84361,42.84212],[-87.82713,42.84222],[-87.82448,42.83474],[-87.81236,42.82232],[-87.81113,42.82125],[-87.80261,42.81378],[-87.79412,42.80634],[-87.79586,42.80633],[-87.80582,42.80644],[-87.80596,42.80547],[-87.81592,42.80556],[-87.81614,42.79927],[-87.81949,42.79918],[-87.82649,42.8135],[-87.8356,42.81317],[-87.83555,42.81545],[-87.83718,42.81765],[-87.83756,42.82314],[-87.83913,42.82726],[-87.84226,42.83246],[-87.84806,42.83837],[-87.85278,42.8423]]]}},{"type":"Feature","properties":{"GEOID":"55101001504","NAME":"Census Tract 15.04","COUNTY":"Racine","ALAND":3346883,"AWATER":951975,"lng":-87.79088,"lat":42.78801,"ALAND_SQMI":1.2922,"nb":["55101001401","55101001402","55101001501","55101001505","55101001506"]},"geometry":{"type":"Polygon","coordinates":[[[-87.79642,42.78451],[-87.79586,42.80633],[-87.79412,42.80634],[-87.79398,42.80622],[-87.7855,42.8009],[-87.77898,42.7968],[-87.78093,42.7959],[-87.78202,42.79463],[-87.78633,42.79267],[-87.78656,42.7845],[-87.7868,42.77502],[-87.78684,42.77358],[-87.78686,42.77271],[-87.78693,42.76999],[-87.79186,42.77001],[-87.79313,42.77001],[-87.79679,42.77002],[-87.79642,42.78451]]]}},{"type":"Feature","properties":{"GEOID":"55101001505","NAME":"Census Tract 15.05","COUNTY":"Racine","ALAND":4743622,"AWATER":2837291,"lng":-87.7754,"lat":42.7823,"ALAND_SQMI":1.8315,"nb":["55101001402","55101001504"]},"geometry":{"type":"Polygon","coordinates":[[[-87.78686,42.77271],[-87.78684,42.77358],[-87.7868,42.77502],[-87.78656,42.7845],[-87.78633,42.79267],[-87.78202,42.79463],[-87.78093,42.7959],[-87.77898,42.7968],[-87.77883,42.7967],[-87.77626,42.79509],[-87.7737,42.79348],[-87.7694,42.79144],[-87.76717,42.79038],[-87.75791,42.78214],[-87.75802,42.78162],[-87.75843,42.7797],[-87.75932,42.7792],[-87.76124,42.77813],[-87.76132,42.77809],[-87.76459,42.77744],[-87.77368,42.76996],[-87.7737,42.76993],[-87.782,42.76998],[-87.78522,42.76999],[-87.78693,42.76999],[-87.78686,42.77271]]]}},{"type":"Feature","properties":{"GEOID":"55101001506","NAME":"Census Tract 15.06","COUNTY":"Racine","ALAND":5434699,"AWATER":31176,"lng":-87.8051,"lat":42.79042,"ALAND_SQMI":2.0983,"nb":["55101001201","55101001401","55101001501","55101001504","55101001507"]},"geometry":{"type":"Polygon","coordinates":[[[-87.81949,42.79918],[-87.81614,42.79927],[-87.81592,42.80556],[-87.80596,42.80547],[-87.80582,42.80644],[-87.79586,42.80633],[-87.79642,42.78451],[-87.79679,42.77002],[-87.80282,42.77003],[-87.80507,42.77003],[-87.80533,42.77003],[-87.8124,42.78462],[-87.81632,42.79266],[-87.81949,42.79918]]]}},{"type":"Feature","properties":{"GEOID":"55101001507","NAME":"Census Tract 15.07","COUNTY":"Racine","ALAND":7668154,"AWATER":143734,"lng":-87.82482,"lat":42.78795,"ALAND_SQMI":2.9607,"nb":["55101001201","55101001401","55101001501","55101001506","55101001601","55101001602"]},"geometry":{"type":"Polygon","coordinates":[[[-87.83604,42.78454],[-87.83603,42.7857],[-87.8356,42.81317],[-87.82649,42.8135],[-87.81949,42.79918],[-87.81632,42.79266],[-87.8124,42.78462],[-87.80533,42.77003],[-87.82163,42.76996],[-87.8219,42.76776],[-87.82234,42.7687],[-87.82777,42.76835],[-87.82798,42.76837],[-87.82591,42.77204],[-87.83623,42.77197],[-87.83604,42.78454]]]}},{"type":"Feature","properties":{"GEOID":"55101001601","NAME":"Census Tract 16.01","COUNTY":"Racine","ALAND":79138012,"AWATER":310642,"lng":-87.90049,"lat":42.80279,"ALAND_SQMI":30.5554,"nb":["55079160301","55079160302","55079187200","55101001501","55101001507","55101001602","55101001703","55101001705","55101001900"]},"geometry":{"type":"Polygon","coordinates":[[[-87.95328,42.77868],[-87.95265,42.80779],[-87.9519,42.84355],[-87.92658,42.84302],[-87.91407,42.84272],[-87.89381,42.84277],[-87.88558,42.84267],[-87.85278,42.8423],[-87.84806,42.83837],[-87.84226,42.83246],[-87.83913,42.82726],[-87.83756,42.82314],[-87.83718,42.81765],[-87.83555,42.81545],[-87.8356,42.81317],[-87.83603,42.7857],[-87.83909,42.78554],[-87.84287,42.78437],[-87.86873,42.78476],[-87.87832,42.78489],[-87.87778,42.7559],[-87.91413,42.75643],[-87.95364,42.75699],[-87.95328,42.77868]]]}},{"type":"Feature","properties":{"GEOID":"55101001602","NAME":"Census Tract 16.02","COUNTY":"Racine","ALAND":10936272,"AWATER":146776,"lng":-87.85702,"lat":42.77019,"ALAND_SQMI":4.2225,"nb":["55101001201","55101001507","55101001601","55101001703","55101001705"]},"geometry":{"type":"Polygon","coordinates":[[[-87.87832,42.78489],[-87.86873,42.78476],[-87.84287,42.78437],[-87.83909,42.78554],[-87.83603,42.7857],[-87.83604,42.78454],[-87.83623,42.77197],[-87.83644,42.7553],[-87.83644,42.75477],[-87.83875,42.75482],[-87.84335,42.75538],[-87.8463,42.75543],[-87.85616,42.75558],[-87.87778,42.7559],[-87.87832,42.78489]]]}},{"type":"Feature","properties":{"GEOID":"55101001701","NAME":"Census Tract 17.01","COUNTY":"Racine","ALAND":12199960,"AWATER":11688,"lng":-87.86747,"lat":42.69509,"ALAND_SQMI":4.7104,"nb":["55059000601","55101000901","55101000904","55101001001","55101001101","55101001702","55101001703","55101001706"]},"geometry":{"type":"Polygon","coordinates":[[[-87.8827,42.68329],[-87.88053,42.69765],[-87.87977,42.70331],[-87.87946,42.70334],[-87.87744,42.71636],[-87.8772,42.71914],[-87.87524,42.71941],[-87.86296,42.71927],[-87.85735,42.7192],[-87.85561,42.71918],[-87.8461,42.7189],[-87.847,42.7168],[-87.84759,42.71538],[-87.84827,42.71373],[-87.84888,42.71224],[-87.84907,42.71175],[-87.84967,42.70981],[-87.85007,42.70845],[-87.85037,42.70773],[-87.85111,42.7063],[-87.85124,42.70599],[-87.85131,42.70584],[-87.85301,42.70136],[-87.85426,42.69749],[-87.8543,42.69738],[-87.8557,42.6928],[-87.85586,42.68431],[-87.85616,42.68289],[-87.85733,42.67928],[-87.8594,42.67552],[-87.86177,42.67296],[-87.86395,42.66849],[-87.88476,42.66882],[-87.8827,42.68329]]]}},{"type":"Feature","properties":{"GEOID":"55101001702","NAME":"Census Tract 17.02","COUNTY":"Racine","ALAND":15434819,"AWATER":70891,"lng":-87.89778,"lat":42.69525,"ALAND_SQMI":5.9594,"nb":["55059000601","55101001701","55101001703","55101001706"]},"geometry":{"type":"Polygon","coordinates":[[[-87.91445,42.67641],[-87.91442,42.68375],[-87.9146,42.69828],[-87.91468,42.70555],[-87.91476,42.72009],[-87.9058,42.71982],[-87.90233,42.71975],[-87.89491,42.71945],[-87.8772,42.71914],[-87.87744,42.71636],[-87.87946,42.70334],[-87.87977,42.70331],[-87.88053,42.69765],[-87.8827,42.68329],[-87.88476,42.66882],[-87.89562,42.66896],[-87.91562,42.66919],[-87.91445,42.67641]]]}},{"type":"Feature","properties":{"GEOID":"55101001703","NAME":"Census Tract 17.03","COUNTY":"Racine","ALAND":43342842,"AWATER":61293,"lng":-87.92325,"lat":42.72022,"ALAND_SQMI":16.7348,"nb":["55059000601","55059002802","55101001601","55101001602","55101001701","55101001702","55101001705","55101001706","55101001802","55101001900"]},"geometry":{"type":"Polygon","coordinates":[[[-87.95398,42.75699],[-87.95364,42.75699],[-87.91413,42.75643],[-87.87778,42.7559],[-87.87751,42.73973],[-87.8772,42.71914],[-87.89491,42.71945],[-87.90233,42.71975],[-87.9058,42.71982],[-87.91476,42.72009],[-87.91468,42.70555],[-87.9146,42.69828],[-87.91442,42.68375],[-87.91445,42.67641],[-87.91562,42.66919],[-87.95307,42.66956],[-87.95328,42.66957],[-87.95339,42.6907],[-87.95379,42.73344],[-87.95398,42.75699]]]}},{"type":"Feature","properties":{"GEOID":"55101001705","NAME":"Census Tract 17.05","COUNTY":"Racine","ALAND":7133425,"AWATER":3046,"lng":-87.85435,"lat":42.74716,"ALAND_SQMI":2.7542,"nb":["55101001102","55101001201","55101001202","55101001601","55101001602","55101001703","55101001706"]},"geometry":{"type":"Polygon","coordinates":[[[-87.87778,42.7559],[-87.85616,42.75558],[-87.8463,42.75543],[-87.84335,42.75538],[-87.83875,42.75482],[-87.83644,42.75477],[-87.83207,42.75382],[-87.82954,42.75328],[-87.82646,42.75262],[-87.8247,42.75202],[-87.82645,42.75003],[-87.83547,42.74377],[-87.83834,42.7368],[-87.84602,42.73711],[-87.85582,42.73783],[-87.86211,42.73851],[-87.87326,42.73982],[-87.87751,42.73973],[-87.87778,42.7559]]]}},{"type":"Feature","properties":{"GEOID":"55101001706","NAME":"Census Tract 17.06","COUNTY":"Racine","ALAND":5520800,"AWATER":1058,"lng":-87.862,"lat":42.72889,"ALAND_SQMI":2.1316,"nb":["55101001001","55101001101","55101001102","55101001701","55101001702","55101001703","55101001705"]},"geometry":{"type":"Polygon","coordinates":[[[-87.87751,42.73973],[-87.87326,42.73982],[-87.86211,42.73851],[-87.85582,42.73783],[-87.84602,42.73711],[-87.84593,42.72136],[-87.84521,42.72095],[-87.84584,42.71949],[-87.8461,42.7189],[-87.85561,42.71918],[-87.85735,42.7192],[-87.86296,42.71927],[-87.87524,42.71941],[-87.8772,42.71914],[-87.87751,42.73973]]]}},{"type":"Feature","properties":{"GEOID":"55101001801","NAME":"Census Tract 18.01","COUNTY":"Racine","ALAND":15072795,"AWATER":28937,"lng":-88.04616,"lat":42.68772,"ALAND_SQMI":5.8196,"nb":["55059002802","55101001802","55101002100","55101980000"]},"geometry":{"type":"Polygon","coordinates":[[[-88.07112,42.69951],[-88.06404,42.7011],[-88.05198,42.70414],[-88.0323,42.70775],[-88.0266,42.7085],[-88.0224,42.70906],[-88.02248,42.69048],[-88.02271,42.68109],[-88.02272,42.67907],[-88.0271,42.67904],[-88.02699,42.66963],[-88.02999,42.66964],[-88.07091,42.66976],[-88.07097,42.67663],[-88.07098,42.67699],[-88.07085,42.67699],[-88.07092,42.67938],[-88.07093,42.67957],[-88.07092,42.68157],[-88.07097,42.68422],[-88.071,42.68608],[-88.07112,42.69951]]]}},{"type":"Feature","properties":{"GEOID":"55101001802","NAME":"Census Tract 18.02","COUNTY":"Racine","ALAND":78307772,"AWATER":280606,"lng":-88.00598,"lat":42.71833,"ALAND_SQMI":30.2348,"nb":["55059002802","55101001703","55101001801","55101001900","55101002002","55101002100","55101980000"]},"geometry":{"type":"Polygon","coordinates":[[[-88.07177,42.75711],[-88.06192,42.75711],[-88.03189,42.75724],[-87.95398,42.75699],[-87.95379,42.73344],[-87.95339,42.6907],[-87.95328,42.66957],[-87.95342,42.66957],[-88.02699,42.66963],[-88.0271,42.67904],[-88.02272,42.67907],[-88.02271,42.68109],[-88.02248,42.69048],[-88.0224,42.70906],[-88.0266,42.7085],[-88.0323,42.70775],[-88.05198,42.70414],[-88.06404,42.7011],[-88.07112,42.69951],[-88.07138,42.71675],[-88.07146,42.72769],[-88.07169,42.75109],[-88.07176,42.75706],[-88.07177,42.75711]]]}},{"type":"Feature","properties":{"GEOID":"55101001900","NAME":"Census Tract 19","COUNTY":"Racine","ALAND":92349733,"AWATER":353972,"lng":-88.0118,"lat":42.80032,"ALAND_SQMI":35.6564,"nb":["55079160302","55079187200","55101001601","55101001703","55101001802","55101002002","55133201900"]},"geometry":{"type":"Polygon","coordinates":[[[-88.07113,42.78956],[-88.0708,42.80559],[-88.07077,42.80712],[-88.07061,42.81488],[-88.06992,42.84332],[-88.04097,42.84344],[-88.03054,42.8435],[-87.98125,42.84361],[-87.9519,42.84355],[-87.95265,42.80779],[-87.95328,42.77868],[-87.95364,42.75699],[-87.95398,42.75699],[-88.03189,42.75724],[-88.06192,42.75711],[-88.07177,42.75711],[-88.07113,42.78956]]]}},{"type":"Feature","properties":{"GEOID":"55101002001","NAME":"Census Tract 20.01","COUNTY":"Racine","ALAND":12125725,"AWATER":1135931,"lng":-88.17292,"lat":42.82167,"ALAND_SQMI":4.6818,"nb":["55101002002","55101002800","55133201704","55133201900","55133202002"]},"geometry":{"type":"Polygon","coordinates":[[[-88.18908,42.78524],[-88.18898,42.78876],[-88.18876,42.79757],[-88.1884,42.81658],[-88.18809,42.82877],[-88.18802,42.836],[-88.18802,42.84284],[-88.18357,42.84285],[-88.16854,42.84291],[-88.16103,42.84286],[-88.13741,42.84308],[-88.15308,42.83167],[-88.15592,42.82932],[-88.1575,42.82692],[-88.15954,42.82201],[-88.16203,42.81467],[-88.1625,42.81318],[-88.16335,42.81156],[-88.1647,42.80883],[-88.16739,42.80472],[-88.1682,42.80378],[-88.18642,42.78532],[-88.18808,42.7835],[-88.18915,42.78196],[-88.18908,42.78524]]]}},{"type":"Feature","properties":{"GEOID":"55101002002","NAME":"Census Tract 20.02","COUNTY":"Racine","ALAND":75168141,"AWATER":3955327,"lng":-88.12262,"lat":42.79636,"ALAND_SQMI":29.0226,"nb":["55079187200","55101001802","55101001900","55101002001","55101002100","55101002701","55101002702","55101002800","55133201900"]},"geometry":{"type":"Polygon","coordinates":[[[-88.18964,42.7638],[-88.18945,42.77201],[-88.18915,42.78196],[-88.18808,42.7835],[-88.18642,42.78532],[-88.1682,42.80378],[-88.16739,42.80472],[-88.1647,42.80883],[-88.16335,42.81156],[-88.1625,42.81318],[-88.16203,42.81467],[-88.15954,42.82201],[-88.1575,42.82692],[-88.15592,42.82932],[-88.15308,42.83167],[-88.13741,42.84308],[-88.12498,42.84327],[-88.12363,42.84322],[-88.09474,42.84331],[-88.06992,42.84332],[-88.07061,42.81488],[-88.07077,42.80712],[-88.0708,42.80559],[-88.07113,42.78956],[-88.07177,42.75711],[-88.07176,42.75706],[-88.08028,42.7571],[-88.11111,42.75703],[-88.18103,42.75657],[-88.18555,42.75655],[-88.18977,42.75652],[-88.18964,42.7638]]]}},{"type":"Feature","properties":{"GEOID":"55101002100","NAME":"Census Tract 21","COUNTY":"Racine","ALAND":88973068,"AWATER":2288764,"lng":-88.13148,"lat":42.71375,"ALAND_SQMI":34.3527,"nb":["55059002802","55101001801","55101001802","55101002002","55101002600","55101002702","55101980000"]},"geometry":{"type":"Polygon","coordinates":[[[-88.18977,42.75652],[-88.18555,42.75655],[-88.18103,42.75657],[-88.11111,42.75703],[-88.08028,42.7571],[-88.07176,42.75706],[-88.07169,42.75109],[-88.07146,42.72769],[-88.07138,42.71675],[-88.07112,42.69951],[-88.07516,42.69863],[-88.08873,42.69862],[-88.09042,42.69803],[-88.09099,42.69643],[-88.09079,42.6851],[-88.08951,42.68458],[-88.071,42.68608],[-88.07097,42.68422],[-88.07092,42.68157],[-88.07093,42.67957],[-88.07092,42.67938],[-88.07085,42.67699],[-88.07098,42.67699],[-88.07097,42.67663],[-88.07091,42.66976],[-88.07467,42.66974],[-88.08083,42.66971],[-88.08397,42.66991],[-88.10575,42.66967],[-88.11044,42.6694],[-88.16889,42.66911],[-88.18831,42.66971],[-88.18883,42.69822],[-88.18914,42.71267],[-88.1893,42.72731],[-88.18968,42.75073],[-88.18977,42.75652]]]}},{"type":"Feature","properties":{"GEOID":"55101002401","NAME":"Census Tract 24.01","COUNTY":"Racine","ALAND":16717303,"AWATER":852485,"lng":-88.28411,"lat":42.69303,"ALAND_SQMI":6.4546,"nb":["55101002402","55101002600","55101002702","55127000202","55127001000"]},"geometry":{"type":"Polygon","coordinates":[[[-88.30685,42.71216],[-88.26969,42.71227],[-88.24365,42.71235],[-88.24235,42.71236],[-88.23809,42.71238],[-88.23804,42.71009],[-88.24044,42.70874],[-88.25659,42.69968],[-88.2604,42.69687],[-88.26966,42.6883],[-88.27351,42.68498],[-88.27438,42.68259],[-88.27584,42.68151],[-88.28151,42.67685],[-88.28179,42.67601],[-88.28479,42.66669],[-88.28772,42.66555],[-88.29377,42.66303],[-88.30633,42.65959],[-88.3061,42.66262],[-88.30591,42.66505],[-88.3059,42.66744],[-88.30589,42.66793],[-88.30589,42.66806],[-88.30589,42.66874],[-88.30597,42.67161],[-88.30633,42.68402],[-88.30667,42.69039],[-88.30677,42.69367],[-88.30682,42.69771],[-88.30685,42.71216]]]}},{"type":"Feature","properties":{"GEOID":"55101002402","NAME":"Census Tract 24.02","COUNTY":"Racine","ALAND":8283073,"AWATER":1515160,"lng":-88.2573,"lat":42.68356,"ALAND_SQMI":3.1981,"nb":["55101002401","55101002600","55101002702"]},"geometry":{"type":"Polygon","coordinates":[[[-88.28479,42.66669],[-88.28179,42.67601],[-88.28151,42.67685],[-88.27584,42.68151],[-88.27438,42.68259],[-88.27351,42.68498],[-88.26966,42.6883],[-88.2604,42.69687],[-88.25659,42.69968],[-88.24044,42.70874],[-88.23804,42.71009],[-88.23801,42.70863],[-88.23811,42.70752],[-88.23901,42.7042],[-88.23945,42.70273],[-88.24061,42.70077],[-88.24213,42.69934],[-88.24322,42.69846],[-88.246,42.69617],[-88.24266,42.69619],[-88.23647,42.69405],[-88.23471,42.69287],[-88.23451,42.69237],[-88.23469,42.69115],[-88.23707,42.69123],[-88.24264,42.69041],[-88.24313,42.68702],[-88.24156,42.68555],[-88.24132,42.67882],[-88.24105,42.67753],[-88.24208,42.67581],[-88.2399,42.67271],[-88.2392,42.6706],[-88.25753,42.66891],[-88.26432,42.66827],[-88.26753,42.66805],[-88.28015,42.66808],[-88.28097,42.66802],[-88.28248,42.66771],[-88.28479,42.66669]]]}},{"type":"Feature","properties":{"GEOID":"55101002600","NAME":"Census Tract 26","COUNTY":"Racine","ALAND":73042017,"AWATER":1684963,"lng":-88.24035,"lat":42.64773,"ALAND_SQMI":28.2017,"nb":["55059002801","55059002802","55101002100","55101002401","55101002402","55101002702","55127001000"]},"geometry":{"type":"Polygon","coordinates":[[[-88.30633,42.65959],[-88.29377,42.66303],[-88.28772,42.66555],[-88.28479,42.66669],[-88.28248,42.66771],[-88.28097,42.66802],[-88.28015,42.66808],[-88.26753,42.66805],[-88.26432,42.66827],[-88.25753,42.66891],[-88.2392,42.6706],[-88.2399,42.67271],[-88.24208,42.67581],[-88.24105,42.67753],[-88.24132,42.67882],[-88.24156,42.68555],[-88.24313,42.68702],[-88.24264,42.69041],[-88.23707,42.69123],[-88.23469,42.69115],[-88.23451,42.69237],[-88.23471,42.69287],[-88.23647,42.69405],[-88.24266,42.69619],[-88.246,42.69617],[-88.24322,42.69846],[-88.24213,42.69934],[-88.23285,42.69852],[-88.23039,42.69797],[-88.22802,42.69794],[-88.21747,42.69801],[-88.20348,42.69811],[-88.18883,42.69822],[-88.18831,42.66971],[-88.18831,42.64454],[-88.18817,42.61146],[-88.22568,42.61118],[-88.26646,42.61106],[-88.26654,42.61106],[-88.29507,42.61087],[-88.30251,42.61083],[-88.30589,42.61082],[-88.306,42.62424],[-88.30589,42.62502],[-88.30609,42.6399],[-88.30613,42.64337],[-88.30622,42.6506],[-88.30633,42.65959]]]}},{"type":"Feature","properties":{"GEOID":"55101002701","NAME":"Census Tract 27.01","COUNTY":"Racine","ALAND":5040688,"AWATER":663704,"lng":-88.21243,"lat":42.77402,"ALAND_SQMI":1.9462,"nb":["55101002002","55101002702","55101002800"]},"geometry":{"type":"Polygon","coordinates":[[[-88.22875,42.7726],[-88.22858,42.77782],[-88.22853,42.77949],[-88.22848,42.78144],[-88.22823,42.79036],[-88.2204,42.79444],[-88.22124,42.79217],[-88.21971,42.79312],[-88.21945,42.79103],[-88.21749,42.7861],[-88.21781,42.78253],[-88.21866,42.78028],[-88.21835,42.77896],[-88.21679,42.77868],[-88.21505,42.77931],[-88.20895,42.77964],[-88.20899,42.77798],[-88.20381,42.77805],[-88.20403,42.77498],[-88.19911,42.77507],[-88.19905,42.77642],[-88.19852,42.77588],[-88.19727,42.77487],[-88.19631,42.77427],[-88.19437,42.77339],[-88.19399,42.77326],[-88.18945,42.77201],[-88.18964,42.7638],[-88.19424,42.76377],[-88.19658,42.7634],[-88.19899,42.763],[-88.19949,42.76292],[-88.21347,42.76302],[-88.21891,42.76476],[-88.22229,42.76749],[-88.22429,42.76911],[-88.22505,42.76956],[-88.22537,42.76969],[-88.22878,42.77039],[-88.22875,42.7726]]]}},{"type":"Feature","properties":{"GEOID":"55101002702","NAME":"Census Tract 27.02","COUNTY":"Racine","ALAND":55423528,"AWATER":789728,"lng":-88.24238,"lat":42.73221,"ALAND_SQMI":21.3991,"nb":["55101002002","55101002100","55101002401","55101002402","55101002600","55101002701","55101002800","55127000202"]},"geometry":{"type":"Polygon","coordinates":[[[-88.30781,42.75549],[-88.27203,42.75567],[-88.22932,42.756],[-88.22878,42.77039],[-88.22537,42.76969],[-88.22505,42.76956],[-88.22429,42.76911],[-88.22229,42.76749],[-88.21891,42.76476],[-88.21347,42.76302],[-88.19949,42.76292],[-88.19899,42.763],[-88.19658,42.7634],[-88.19424,42.76377],[-88.18964,42.7638],[-88.18977,42.75652],[-88.18968,42.75073],[-88.1893,42.72731],[-88.18914,42.71267],[-88.18883,42.69822],[-88.20348,42.69811],[-88.21747,42.69801],[-88.22802,42.69794],[-88.23039,42.69797],[-88.23285,42.69852],[-88.24213,42.69934],[-88.24061,42.70077],[-88.23945,42.70273],[-88.23901,42.7042],[-88.23811,42.70752],[-88.23801,42.70863],[-88.23804,42.71009],[-88.23809,42.71238],[-88.24235,42.71236],[-88.24365,42.71235],[-88.26969,42.71227],[-88.30685,42.71216],[-88.30679,42.71583],[-88.30719,42.71685],[-88.30781,42.75549]]]}},{"type":"Feature","properties":{"GEOID":"55101002800","NAME":"Census Tract 28","COUNTY":"Racine","ALAND":79060217,"AWATER":5101136,"lng":-88.25178,"lat":42.80212,"ALAND_SQMI":30.5253,"nb":["55101002001","55101002002","55101002701","55101002702","55127000102","55127000202","55133202001","55133202002","55133203902"]},"geometry":{"type":"Polygon","coordinates":[[[-88.30795,42.76155],[-88.30693,42.82157],[-88.30657,42.83702],[-88.30643,42.84067],[-88.30638,42.8421],[-88.24567,42.842],[-88.2456,42.842],[-88.22275,42.84207],[-88.21285,42.84236],[-88.19795,42.84271],[-88.1881,42.84284],[-88.18802,42.84284],[-88.18802,42.836],[-88.18809,42.82877],[-88.1884,42.81658],[-88.18876,42.79757],[-88.18898,42.78876],[-88.18908,42.78524],[-88.18915,42.78196],[-88.18945,42.77201],[-88.19399,42.77326],[-88.19437,42.77339],[-88.19631,42.77427],[-88.19727,42.77487],[-88.19852,42.77588],[-88.19905,42.77642],[-88.19911,42.77507],[-88.20403,42.77498],[-88.20381,42.77805],[-88.20899,42.77798],[-88.20895,42.77964],[-88.21505,42.77931],[-88.21679,42.77868],[-88.21835,42.77896],[-88.21866,42.78028],[-88.21781,42.78253],[-88.21749,42.7861],[-88.21945,42.79103],[-88.21971,42.79312],[-88.22124,42.79217],[-88.2204,42.79444],[-88.22823,42.79036],[-88.22848,42.78144],[-88.22853,42.77949],[-88.22858,42.77782],[-88.22875,42.7726],[-88.22878,42.77039],[-88.22932,42.756],[-88.27203,42.75567],[-88.30781,42.75549],[-88.30806,42.75549],[-88.30795,42.76155]]]}},{"type":"Feature","properties":{"GEOID":"55101002900","NAME":"Census Tract 29","COUNTY":"Racine","ALAND":1916325,"AWATER":981320,"lng":-87.79011,"lat":42.7197,"ALAND_SQMI":0.7399,"nb":["55101000200","55101000400","55101000500","55101000700","55101000800"]},"geometry":{"type":"Polygon","coordinates":[[[-87.79668,42.70927],[-87.79641,42.71081],[-87.79647,42.71112],[-87.79546,42.71697],[-87.79541,42.71847],[-87.79638,42.72376],[-87.79638,42.72396],[-87.79549,42.72661],[-87.79278,42.72888],[-87.79102,42.72968],[-87.78717,42.72796],[-87.78623,42.72819],[-87.78531,42.72939],[-87.78597,42.73164],[-87.78627,42.73332],[-87.78451,42.73357],[-87.77853,42.7335],[-87.78046,42.73091],[-87.78094,42.73025],[-87.7794,42.72828],[-87.77863,42.7273],[-87.77853,42.72598],[-87.78601,42.72595],[-87.78865,42.72589],[-87.78939,42.72566],[-87.78935,42.72147],[-87.78932,42.7185],[-87.78929,42.71552],[-87.78816,42.71552],[-87.78813,42.71254],[-87.78924,42.71084],[-87.7892,42.70764],[-87.78916,42.70434],[-87.79072,42.70433],[-87.79477,42.7043],[-87.79481,42.70761],[-87.79658,42.70759],[-87.79668,42.70927]]]}},{"type":"Feature","properties":{"GEOID":"55101980000","NAME":"Census Tract 9800","COUNTY":"Racine","ALAND":2429126,"AWATER":0,"lng":-88.08106,"lat":42.69198,"ALAND_SQMI":0.9379,"nb":["55101001801","55101001802","55101002100"]},"geometry":{"type":"Polygon","coordinates":[[[-88.09099,42.69643],[-88.09042,42.69803],[-88.08873,42.69862],[-88.07516,42.69863],[-88.07112,42.69951],[-88.071,42.68608],[-88.08951,42.68458],[-88.09079,42.6851],[-88.09099,42.69643]]]}},{"type":"Feature","properties":{"GEOID":"55117000100","NAME":"Census Tract 1","COUNTY":"Sheboygan","ALAND":2003420,"AWATER":1724254,"lng":-87.70755,"lat":43.76978,"ALAND_SQMI":0.7735,"nb":["55117000201","55117000202","55117011400"]},"geometry":{"type":"Polygon","coordinates":[[[-87.7153,43.78535],[-87.71249,43.78624],[-87.71036,43.78294],[-87.70862,43.78026],[-87.70549,43.77343],[-87.70526,43.77316],[-87.70062,43.76777],[-87.70025,43.76735],[-87.69855,43.7658],[-87.69752,43.76486],[-87.69605,43.76459],[-87.69607,43.76307],[-87.70009,43.7614],[-87.70088,43.76068],[-87.70091,43.76065],[-87.71293,43.76072],[-87.71294,43.76838],[-87.71294,43.77793],[-87.713,43.7807],[-87.71473,43.78408],[-87.7153,43.78535]]]}},{"type":"Feature","properties":{"GEOID":"55117000201","NAME":"Census Tract 2.01","COUNTY":"Sheboygan","ALAND":741943,"AWATER":0,"lng":-87.71847,"lat":43.76474,"ALAND_SQMI":0.2865,"nb":["55117000100","55117000202","55117000300","55117000500","55117011400"]},"geometry":{"type":"Polygon","coordinates":[[[-87.72452,43.76843],[-87.71794,43.76841],[-87.71294,43.76838],[-87.71293,43.76072],[-87.71461,43.76072],[-87.71794,43.76073],[-87.72128,43.76074],[-87.72269,43.76166],[-87.72415,43.76432],[-87.72487,43.76521],[-87.72452,43.76843]]]}},{"type":"Feature","properties":{"GEOID":"55117000202","NAME":"Census Tract 2.02","COUNTY":"Sheboygan","ALAND":2098840,"AWATER":253775,"lng":-87.71931,"lat":43.77844,"ALAND_SQMI":0.8104,"nb":["55117000100","55117000201","55117000300","55117010700"]},"geometry":{"type":"Polygon","coordinates":[[[-87.72838,43.7867],[-87.72809,43.78692],[-87.72782,43.78707],[-87.72068,43.78704],[-87.71977,43.78752],[-87.71918,43.78789],[-87.7166,43.78775],[-87.71528,43.79053],[-87.71249,43.78624],[-87.7153,43.78535],[-87.71473,43.78408],[-87.713,43.7807],[-87.71294,43.77793],[-87.71294,43.76838],[-87.71794,43.76841],[-87.72452,43.76843],[-87.7245,43.77387],[-87.7245,43.77438],[-87.72487,43.77736],[-87.72489,43.778],[-87.72492,43.779],[-87.72501,43.77974],[-87.72521,43.78035],[-87.72582,43.78146],[-87.72677,43.78298],[-87.7285,43.78656],[-87.72838,43.7867]]]}},{"type":"Feature","properties":{"GEOID":"55117000300","NAME":"Census Tract 3","COUNTY":"Sheboygan","ALAND":5982468,"AWATER":67160,"lng":-87.74278,"lat":43.7729,"ALAND_SQMI":2.3098,"nb":["55117000201","55117000202","55117000400","55117000500","55117010700"]},"geometry":{"type":"Polygon","coordinates":[[[-87.76494,43.77357],[-87.76154,43.77199],[-87.76074,43.77523],[-87.75963,43.77564],[-87.75877,43.77569],[-87.75848,43.77591],[-87.7576,43.77737],[-87.75725,43.77768],[-87.75636,43.77797],[-87.7556,43.77799],[-87.75509,43.7778],[-87.75402,43.77783],[-87.75208,43.77802],[-87.74963,43.77795],[-87.74858,43.78065],[-87.74745,43.7814],[-87.74719,43.78215],[-87.74636,43.78285],[-87.73861,43.7846],[-87.73635,43.78428],[-87.7359,43.7846],[-87.73381,43.78479],[-87.72927,43.7859],[-87.7285,43.78656],[-87.72677,43.78298],[-87.72582,43.78146],[-87.72521,43.78035],[-87.72501,43.77974],[-87.72492,43.779],[-87.72489,43.778],[-87.72487,43.77736],[-87.7245,43.77438],[-87.7245,43.77387],[-87.72452,43.76843],[-87.72487,43.76521],[-87.72415,43.76432],[-87.72922,43.76432],[-87.73518,43.76432],[-87.73857,43.76481],[-87.73898,43.76482],[-87.74961,43.7647],[-87.75459,43.76458],[-87.75774,43.76454],[-87.75959,43.76452],[-87.75956,43.76199],[-87.75877,43.76097],[-87.76534,43.76102],[-87.76494,43.77357]]]}},{"type":"Feature","properties":{"GEOID":"55117000400","NAME":"Census Tract 4","COUNTY":"Sheboygan","ALAND":6708622,"AWATER":61849,"lng":-87.74641,"lat":43.75333,"ALAND_SQMI":2.5902,"nb":["55117000300","55117000500","55117000800","55117000900","55117010700"]},"geometry":{"type":"Polygon","coordinates":[[[-87.76534,43.76102],[-87.75877,43.76097],[-87.75956,43.76199],[-87.75959,43.76452],[-87.75774,43.76454],[-87.75459,43.76458],[-87.74961,43.7647],[-87.73898,43.76482],[-87.73857,43.76481],[-87.73518,43.76432],[-87.72922,43.76432],[-87.72924,43.76077],[-87.72921,43.75636],[-87.72918,43.74744],[-87.72982,43.74652],[-87.73056,43.74487],[-87.73606,43.74285],[-87.73739,43.74283],[-87.73893,43.74276],[-87.74185,43.74068],[-87.74347,43.74108],[-87.74598,43.74084],[-87.74678,43.74073],[-87.75043,43.74006],[-87.75177,43.74119],[-87.75494,43.74139],[-87.75847,43.74129],[-87.75908,43.74126],[-87.75931,43.74122],[-87.76101,43.74553],[-87.76436,43.75375],[-87.76459,43.75436],[-87.76539,43.75755],[-87.76534,43.76102]]]}},{"type":"Feature","properties":{"GEOID":"55117000500","NAME":"Census Tract 5","COUNTY":"Sheboygan","ALAND":1285761,"AWATER":64150,"lng":-87.72282,"lat":43.75693,"ALAND_SQMI":0.4964,"nb":["55117000201","55117000300","55117000400","55117000800","55117011400"]},"geometry":{"type":"Polygon","coordinates":[[[-87.72922,43.76432],[-87.72415,43.76432],[-87.72269,43.76166],[-87.72128,43.76074],[-87.71794,43.76073],[-87.71461,43.76072],[-87.71461,43.75854],[-87.7146,43.75635],[-87.71462,43.75088],[-87.71662,43.75088],[-87.71755,43.75143],[-87.71844,43.75147],[-87.72063,43.75457],[-87.72138,43.755],[-87.72507,43.75469],[-87.72492,43.75199],[-87.72571,43.7498],[-87.72918,43.74744],[-87.72921,43.75636],[-87.72924,43.76077],[-87.72922,43.76432]]]}},{"type":"Feature","properties":{"GEOID":"55117000800","NAME":"Census Tract 8","COUNTY":"Sheboygan","ALAND":2638929,"AWATER":1442819,"lng":-87.71763,"lat":43.7425,"ALAND_SQMI":1.0189,"nb":["55117000400","55117000500","55117000900","55117001000","55117001100","55117011400"]},"geometry":{"type":"Polygon","coordinates":[[[-87.72982,43.74652],[-87.72918,43.74744],[-87.72571,43.7498],[-87.72492,43.75199],[-87.72507,43.75469],[-87.72138,43.755],[-87.72063,43.75457],[-87.71844,43.75147],[-87.71462,43.7449],[-87.71342,43.74454],[-87.71107,43.74512],[-87.70869,43.74849],[-87.70311,43.74882],[-87.7029,43.74804],[-87.70829,43.74289],[-87.70994,43.7379],[-87.7102,43.73714],[-87.7101,43.73587],[-87.70979,43.73191],[-87.71964,43.73201],[-87.72309,43.73205],[-87.72293,43.73827],[-87.72294,43.74321],[-87.7292,43.74321],[-87.7292,43.74653],[-87.72982,43.74652]]]}},{"type":"Feature","properties":{"GEOID":"55117000900","NAME":"Census Tract 9","COUNTY":"Sheboygan","ALAND":8921793,"AWATER":64138,"lng":-87.74549,"lat":43.72542,"ALAND_SQMI":3.4447,"nb":["55117000400","55117000800","55117001000","55117010700","55117010800"]},"geometry":{"type":"Polygon","coordinates":[[[-87.76102,43.71458],[-87.76064,43.7176],[-87.76014,43.72112],[-87.75857,43.73197],[-87.75814,43.73658],[-87.75931,43.74122],[-87.75908,43.74126],[-87.75847,43.74129],[-87.75494,43.74139],[-87.75177,43.74119],[-87.75043,43.74006],[-87.74678,43.74073],[-87.74598,43.74084],[-87.74347,43.74108],[-87.74185,43.74068],[-87.73893,43.74276],[-87.73739,43.74283],[-87.73606,43.74285],[-87.73056,43.74487],[-87.72982,43.74652],[-87.7292,43.74653],[-87.7292,43.74321],[-87.72294,43.74321],[-87.72293,43.73827],[-87.72309,43.73205],[-87.7281,43.7321],[-87.73382,43.72748],[-87.73559,43.72386],[-87.73764,43.71945],[-87.73794,43.71877],[-87.73839,43.71772],[-87.73843,43.71761],[-87.73989,43.7143],[-87.74027,43.71346],[-87.74201,43.70951],[-87.74204,43.70942],[-87.74211,43.70928],[-87.74507,43.70255],[-87.75272,43.70281],[-87.75982,43.70289],[-87.76051,43.7029],[-87.7607,43.70668],[-87.76102,43.71458]]]}},{"type":"Feature","properties":{"GEOID":"55117001000","NAME":"Census Tract 10","COUNTY":"Sheboygan","ALAND":4897860,"AWATER":7895,"lng":-87.72966,"lat":43.71516,"ALAND_SQMI":1.8911,"nb":["55117000800","55117000900","55117001100","55117010800"]},"geometry":{"type":"Polygon","coordinates":[[[-87.74211,43.70928],[-87.74204,43.70942],[-87.74201,43.70951],[-87.74027,43.71346],[-87.73989,43.7143],[-87.73843,43.71761],[-87.73839,43.71772],[-87.73794,43.71877],[-87.73764,43.71945],[-87.73559,43.72386],[-87.73382,43.72748],[-87.7281,43.7321],[-87.72309,43.73205],[-87.71964,43.73201],[-87.71982,43.7231],[-87.71983,43.71776],[-87.72048,43.70658],[-87.7205,43.70584],[-87.72052,43.70548],[-87.7206,43.70327],[-87.72065,43.70188],[-87.72717,43.70197],[-87.7278,43.70198],[-87.72856,43.70199],[-87.7305,43.70204],[-87.73052,43.70204],[-87.73745,43.70211],[-87.7382,43.70211],[-87.73994,43.70213],[-87.74039,43.70214],[-87.74507,43.70255],[-87.74211,43.70928]]]}},{"type":"Feature","properties":{"GEOID":"55117001100","NAME":"Census Tract 11","COUNTY":"Sheboygan","ALAND":3742237,"AWATER":2208385,"lng":-87.71279,"lat":43.71515,"ALAND_SQMI":1.4449,"nb":["55117000800","55117001000","55117010800"]},"geometry":{"type":"Polygon","coordinates":[[[-87.7206,43.70327],[-87.72052,43.70548],[-87.7205,43.70584],[-87.72048,43.70658],[-87.71983,43.71776],[-87.71982,43.7231],[-87.71964,43.73201],[-87.70979,43.73191],[-87.70964,43.72991],[-87.70959,43.72965],[-87.70821,43.72302],[-87.70819,43.72294],[-87.70819,43.7229],[-87.70401,43.71253],[-87.70395,43.71214],[-87.70298,43.7064],[-87.70291,43.70169],[-87.7106,43.70174],[-87.71314,43.70177],[-87.71563,43.7018],[-87.71817,43.70182],[-87.72065,43.70188],[-87.7206,43.70327]]]}},{"type":"Feature","properties":{"GEOID":"55117010100","NAME":"Census Tract 101","COUNTY":"Sheboygan","ALAND":101318089,"AWATER":6315578,"lng":-87.81001,"lat":43.85802,"ALAND_SQMI":39.1191,"nb":["55117010200","55117010300","55117010602","55117010700"]},"geometry":{"type":"Polygon","coordinates":[[[-87.92225,43.89203],[-87.86584,43.8916],[-87.83389,43.89164],[-87.80149,43.89192],[-87.7906,43.89198],[-87.78147,43.89202],[-87.77736,43.89208],[-87.77455,43.89212],[-87.77148,43.89215],[-87.74993,43.89237],[-87.74856,43.89232],[-87.74616,43.89222],[-87.74148,43.89221],[-87.73132,43.89218],[-87.73373,43.88634],[-87.7339,43.88593],[-87.73429,43.88499],[-87.73618,43.88042],[-87.73616,43.87957],[-87.73611,43.87764],[-87.73602,43.87372],[-87.73488,43.87043],[-87.7287,43.85252],[-87.72865,43.85167],[-87.72852,43.84927],[-87.72831,43.84544],[-87.72905,43.83761],[-87.7296,43.83178],[-87.72954,43.83107],[-87.72927,43.82793],[-87.72876,43.82193],[-87.72638,43.81687],[-87.72623,43.81655],[-87.72627,43.81514],[-87.72641,43.81045],[-87.72381,43.80573],[-87.74736,43.80542],[-87.7606,43.80526],[-87.76702,43.80518],[-87.78056,43.80503],[-87.78498,43.80497],[-87.8008,43.80477],[-87.80101,43.84834],[-87.83674,43.84836],[-87.83869,43.84798],[-87.84117,43.84835],[-87.9222,43.84842],[-87.92221,43.85486],[-87.92225,43.85863],[-87.92224,43.86292],[-87.92224,43.87095],[-87.92224,43.88612],[-87.92225,43.89203]]]}},{"type":"Feature","properties":{"GEOID":"55117010200","NAME":"Census Tract 102","COUNTY":"Sheboygan","ALAND":46704508,"AWATER":402676,"lng":-87.86138,"lat":43.82659,"ALAND_SQMI":18.0327,"nb":["55117010100","55117010300","55117010502","55117010602","55117010700"]},"geometry":{"type":"Polygon","coordinates":[[[-87.9222,43.84842],[-87.84117,43.84835],[-87.83869,43.84798],[-87.83674,43.84836],[-87.80101,43.84834],[-87.8008,43.80477],[-87.81447,43.80477],[-87.82072,43.80478],[-87.84079,43.80473],[-87.86033,43.80474],[-87.86517,43.80474],[-87.86694,43.80474],[-87.86763,43.80474],[-87.92153,43.80489],[-87.92191,43.82985],[-87.922,43.83396],[-87.92208,43.84094],[-87.9222,43.84842]]]}},{"type":"Feature","properties":{"GEOID":"55117010300","NAME":"Census Tract 103","COUNTY":"Sheboygan","ALAND":89970753,"AWATER":3144885,"lng":-87.98169,"lat":43.84818,"ALAND_SQMI":34.7379,"nb":["55117010100","55117010200","55117010400","55117010502","55117010504","55117010602"]},"geometry":{"type":"Polygon","coordinates":[[[-88.04179,43.89169],[-88.02834,43.89167],[-88.02703,43.89177],[-87.98217,43.89177],[-87.94445,43.8922],[-87.93506,43.89192],[-87.92225,43.89203],[-87.92224,43.88612],[-87.92224,43.87095],[-87.92224,43.86292],[-87.92225,43.85863],[-87.92221,43.85486],[-87.9222,43.84842],[-87.92208,43.84094],[-87.922,43.83396],[-87.92191,43.82985],[-87.92153,43.80489],[-87.96153,43.8045],[-87.97078,43.8044],[-87.98589,43.80428],[-88.01226,43.80423],[-88.01306,43.80411],[-88.01349,43.80427],[-88.02289,43.80434],[-88.04105,43.80452],[-88.04103,43.81539],[-88.04103,43.83347],[-88.04115,43.84814],[-88.04135,43.85531],[-88.04195,43.89169],[-88.04179,43.89169]]]}},{"type":"Feature","properties":{"GEOID":"55117010400","NAME":"Census Tract 104","COUNTY":"Sheboygan","ALAND":190504354,"AWATER":3483667,"lng":-88.09859,"lat":43.80411,"ALAND_SQMI":73.5541,"nb":["55039041902","55039042100","55117010300","55117010504","55117011000","55117011100"]},"geometry":{"type":"Polygon","coordinates":[[[-88.16227,43.89151],[-88.12217,43.89168],[-88.10227,43.89174],[-88.08204,43.89177],[-88.04195,43.89169],[-88.04135,43.85531],[-88.04115,43.84814],[-88.04103,43.83347],[-88.04103,43.81539],[-88.04105,43.80452],[-88.02289,43.80434],[-88.02069,43.80223],[-88.01801,43.80205],[-88.01578,43.80097],[-88.01238,43.80015],[-88.01119,43.79895],[-88.01055,43.79707],[-88.00735,43.79027],[-88.01794,43.79043],[-88.0312,43.79033],[-88.03089,43.78575],[-88.0263,43.77622],[-88.02231,43.77306],[-88.02121,43.77099],[-88.02118,43.76383],[-88.03267,43.76508],[-88.03637,43.76582],[-88.04133,43.76737],[-88.04059,43.71763],[-88.15551,43.71756],[-88.16062,43.71756],[-88.16044,43.73181],[-88.16066,43.7647],[-88.16071,43.7719],[-88.16075,43.77554],[-88.16091,43.78286],[-88.16107,43.79007],[-88.16114,43.79733],[-88.16115,43.8045],[-88.16116,43.80824],[-88.16117,43.81171],[-88.16119,43.81536],[-88.1612,43.81901],[-88.16131,43.83353],[-88.16227,43.89151]]]}},{"type":"Feature","properties":{"GEOID":"55117010502","NAME":"Census Tract 105.02","COUNTY":"Sheboygan","ALAND":40257312,"AWATER":200268,"lng":-87.94841,"lat":43.76536,"ALAND_SQMI":15.5434,"nb":["55117010200","55117010300","55117010503","55117010504","55117010602","55117010900","55117011000"]},"geometry":{"type":"Polygon","coordinates":[[[-87.98589,43.80428],[-87.97078,43.8044],[-87.96153,43.8045],[-87.92153,43.80489],[-87.92137,43.75431],[-87.92124,43.74],[-87.92124,43.73949],[-87.92123,43.73748],[-87.92123,43.7353],[-87.92123,43.73288],[-87.92123,43.73107],[-87.92116,43.71841],[-87.96136,43.7181],[-87.96165,43.72448],[-87.96113,43.73263],[-87.96119,43.73852],[-87.96124,43.74341],[-87.96128,43.7471],[-87.97081,43.74692],[-87.97245,43.74735],[-87.97036,43.7485],[-87.97052,43.7517],[-87.97571,43.75441],[-87.97723,43.75678],[-87.97813,43.75783],[-87.9795,43.75974],[-87.98118,43.76139],[-87.9827,43.76617],[-87.98131,43.76975],[-87.98194,43.79974],[-87.98223,43.80074],[-87.98348,43.80264],[-87.98589,43.80428]]]}},{"type":"Feature","properties":{"GEOID":"55117010503","NAME":"Census Tract 105.03","COUNTY":"Sheboygan","ALAND":6338369,"AWATER":218145,"lng":-87.97322,"lat":43.73405,"ALAND_SQMI":2.4473,"nb":["55117010502","55117010504","55117011000"]},"geometry":{"type":"Polygon","coordinates":[[[-87.98982,43.71984],[-87.98972,43.72523],[-87.9832,43.72536],[-87.9824,43.72565],[-87.98181,43.72604],[-87.98143,43.72645],[-87.98118,43.72695],[-87.98108,43.72756],[-87.98108,43.72827],[-87.98108,43.72888],[-87.98108,43.72942],[-87.9811,43.7325],[-87.9811,43.73426],[-87.98111,43.73517],[-87.98111,43.73669],[-87.98112,43.73819],[-87.98113,43.73972],[-87.98115,43.74392],[-87.98128,43.74871],[-87.98126,43.75683],[-87.98125,43.75691],[-87.98103,43.76015],[-87.98118,43.76139],[-87.9795,43.75974],[-87.97813,43.75783],[-87.97723,43.75678],[-87.97571,43.75441],[-87.97052,43.7517],[-87.97036,43.7485],[-87.97245,43.74735],[-87.97081,43.74692],[-87.96128,43.7471],[-87.96124,43.74341],[-87.96119,43.73852],[-87.96113,43.73263],[-87.96165,43.72448],[-87.96136,43.7181],[-87.99045,43.71798],[-87.98982,43.71984]]]}},{"type":"Feature","properties":{"GEOID":"55117010504","NAME":"Census Tract 105.04","COUNTY":"Sheboygan","ALAND":38350718,"AWATER":219284,"lng":-88.0084,"lat":43.75691,"ALAND_SQMI":14.8073,"nb":["55117010300","55117010400","55117010502","55117010503","55117011000","55117011100"]},"geometry":{"type":"Polygon","coordinates":[[[-88.04133,43.76737],[-88.03637,43.76582],[-88.03267,43.76508],[-88.02118,43.76383],[-88.02121,43.77099],[-88.02231,43.77306],[-88.0263,43.77622],[-88.03089,43.78575],[-88.0312,43.79033],[-88.01794,43.79043],[-88.00735,43.79027],[-88.01055,43.79707],[-88.01119,43.79895],[-88.01238,43.80015],[-88.01578,43.80097],[-88.01801,43.80205],[-88.02069,43.80223],[-88.02289,43.80434],[-88.01349,43.80427],[-88.01306,43.80411],[-88.01226,43.80423],[-87.98589,43.80428],[-87.98348,43.80264],[-87.98223,43.80074],[-87.98194,43.79974],[-87.98131,43.76975],[-87.9827,43.76617],[-87.98118,43.76139],[-87.98103,43.76015],[-87.98125,43.75691],[-87.98126,43.75683],[-87.98128,43.74871],[-87.98115,43.74392],[-87.98113,43.73972],[-87.98112,43.73819],[-87.98111,43.73669],[-87.98111,43.73517],[-87.9811,43.73426],[-87.9811,43.7325],[-87.98108,43.72942],[-87.98108,43.72888],[-87.98108,43.72827],[-87.98108,43.72756],[-87.98118,43.72695],[-87.98143,43.72645],[-87.98181,43.72604],[-87.9824,43.72565],[-87.9832,43.72536],[-87.98972,43.72523],[-87.98982,43.71984],[-87.99045,43.71798],[-88.04059,43.71763],[-88.04133,43.76737]]]}},{"type":"Feature","properties":{"GEOID":"55117010601","NAME":"Census Tract 106.01","COUNTY":"Sheboygan","ALAND":6817690,"AWATER":343963,"lng":-87.82695,"lat":43.72628,"ALAND_SQMI":2.6323,"nb":["55117010602","55117010700","55117010800","55117010900"]},"geometry":{"type":"Polygon","coordinates":[[[-87.8503,43.7246],[-87.85026,43.72872],[-87.85026,43.72885],[-87.85026,43.72965],[-87.85026,43.72995],[-87.85025,43.73174],[-87.85025,43.73288],[-87.85025,43.73289],[-87.85025,43.73456],[-87.85024,43.73906],[-87.85024,43.73956],[-87.84538,43.7384],[-87.8439,43.73754],[-87.84293,43.73689],[-87.83801,43.7342],[-87.83466,43.73294],[-87.83013,43.73286],[-87.82307,43.73374],[-87.8152,43.73376],[-87.81261,43.73254],[-87.80443,43.73235],[-87.80309,43.73356],[-87.80015,43.73477],[-87.80017,43.73084],[-87.80019,43.72612],[-87.80282,43.72423],[-87.80252,43.72149],[-87.80456,43.72055],[-87.80127,43.71836],[-87.80048,43.71807],[-87.80021,43.71774],[-87.80051,43.71773],[-87.8022,43.71765],[-87.81612,43.71752],[-87.8162,43.71793],[-87.82112,43.71798],[-87.83698,43.71816],[-87.8385,43.71756],[-87.83872,43.71752],[-87.84029,43.71738],[-87.84531,43.71824],[-87.84782,43.71826],[-87.85033,43.71828],[-87.8503,43.7246]]]}},{"type":"Feature","properties":{"GEOID":"55117010602","NAME":"Census Tract 106.02","COUNTY":"Sheboygan","ALAND":85739818,"AWATER":782139,"lng":-87.86362,"lat":43.76449,"ALAND_SQMI":33.1043,"nb":["55117010100","55117010200","55117010300","55117010502","55117010601","55117010700","55117010900","55117011000"]},"geometry":{"type":"Polygon","coordinates":[[[-87.92153,43.80489],[-87.86763,43.80474],[-87.86694,43.80474],[-87.86517,43.80474],[-87.86033,43.80474],[-87.84079,43.80473],[-87.82072,43.80478],[-87.81447,43.80477],[-87.8008,43.80477],[-87.80062,43.80026],[-87.8004,43.79975],[-87.80033,43.79955],[-87.8006,43.79552],[-87.80034,43.783],[-87.80012,43.76125],[-87.80014,43.74495],[-87.80014,43.74313],[-87.80015,43.73477],[-87.80309,43.73356],[-87.80443,43.73235],[-87.81261,43.73254],[-87.8152,43.73376],[-87.82307,43.73374],[-87.83013,43.73286],[-87.83466,43.73294],[-87.83801,43.7342],[-87.84293,43.73689],[-87.8439,43.73754],[-87.84538,43.7384],[-87.85024,43.73956],[-87.85024,43.73906],[-87.85025,43.73456],[-87.85025,43.73289],[-87.85025,43.73288],[-87.85025,43.73174],[-87.85026,43.72995],[-87.85026,43.72965],[-87.85026,43.72885],[-87.85026,43.72872],[-87.8503,43.7246],[-87.85033,43.71828],[-87.89115,43.71861],[-87.90102,43.71854],[-87.92116,43.71841],[-87.92123,43.73107],[-87.92123,43.73288],[-87.92123,43.7353],[-87.92123,43.73748],[-87.92124,43.73949],[-87.92124,43.74],[-87.92137,43.75431],[-87.92153,43.80489]]]}},{"type":"Feature","properties":{"GEOID":"55117010700","NAME":"Census Tract 107","COUNTY":"Sheboygan","ALAND":38149867,"AWATER":1523419,"lng":-87.77238,"lat":43.76801,"ALAND_SQMI":14.7297,"nb":["55117000202","55117000300","55117000400","55117000900","55117010100","55117010200","55117010601","55117010602","55117010800","55117010900"]},"geometry":{"type":"Polygon","coordinates":[[[-87.80252,43.72149],[-87.80282,43.72423],[-87.80019,43.72612],[-87.80017,43.73084],[-87.80015,43.73477],[-87.80014,43.74313],[-87.80014,43.74495],[-87.80012,43.76125],[-87.80034,43.783],[-87.8006,43.79552],[-87.80033,43.79955],[-87.8004,43.79975],[-87.80062,43.80026],[-87.8008,43.80477],[-87.78498,43.80497],[-87.78056,43.80503],[-87.76702,43.80518],[-87.7606,43.80526],[-87.74736,43.80542],[-87.72381,43.80573],[-87.7221,43.80262],[-87.71634,43.79216],[-87.71528,43.79053],[-87.7166,43.78775],[-87.71918,43.78789],[-87.71977,43.78752],[-87.72068,43.78704],[-87.72782,43.78707],[-87.72809,43.78692],[-87.72838,43.7867],[-87.7285,43.78656],[-87.72927,43.7859],[-87.73381,43.78479],[-87.7359,43.7846],[-87.73635,43.78428],[-87.73861,43.7846],[-87.74636,43.78285],[-87.74719,43.78215],[-87.74745,43.7814],[-87.74858,43.78065],[-87.74963,43.77795],[-87.75208,43.77802],[-87.75402,43.77783],[-87.75509,43.7778],[-87.7556,43.77799],[-87.75636,43.77797],[-87.75725,43.77768],[-87.7576,43.77737],[-87.75848,43.77591],[-87.75877,43.77569],[-87.75963,43.77564],[-87.76074,43.77523],[-87.76154,43.77199],[-87.76494,43.77357],[-87.76534,43.76102],[-87.76539,43.75755],[-87.76459,43.75436],[-87.76436,43.75375],[-87.76101,43.74553],[-87.75931,43.74122],[-87.75814,43.73658],[-87.75857,43.73197],[-87.76014,43.72112],[-87.76064,43.7176],[-87.7629,43.71764],[-87.76284,43.71777],[-87.77035,43.71769],[-87.79049,43.71777],[-87.80021,43.71774],[-87.80048,43.71807],[-87.80127,43.71836],[-87.80456,43.72055],[-87.80252,43.72149]]]}},{"type":"Feature","properties":{"GEOID":"55117010800","NAME":"Census Tract 108","COUNTY":"Sheboygan","ALAND":58768076,"AWATER":6327014,"lng":-87.7599,"lat":43.67309,"ALAND_SQMI":22.6905,"nb":["55117000900","55117001000","55117001100","55117010601","55117010700","55117010900","55117011301"]},"geometry":{"type":"Polygon","coordinates":[[[-87.80042,43.68516],[-87.80037,43.69564],[-87.80038,43.69594],[-87.80035,43.69958],[-87.80019,43.71076],[-87.80024,43.71408],[-87.80016,43.71509],[-87.80023,43.71595],[-87.80021,43.71774],[-87.79049,43.71777],[-87.77035,43.71769],[-87.76284,43.71777],[-87.7629,43.71764],[-87.76064,43.7176],[-87.76102,43.71458],[-87.7607,43.70668],[-87.76051,43.7029],[-87.75982,43.70289],[-87.75272,43.70281],[-87.74507,43.70255],[-87.74039,43.70214],[-87.73994,43.70213],[-87.7382,43.70211],[-87.73745,43.70211],[-87.73052,43.70204],[-87.7305,43.70204],[-87.72856,43.70199],[-87.7278,43.70198],[-87.72717,43.70197],[-87.72065,43.70188],[-87.71817,43.70182],[-87.71563,43.7018],[-87.71314,43.70177],[-87.7106,43.70174],[-87.70291,43.70169],[-87.70291,43.70155],[-87.70428,43.69485],[-87.70269,43.6876],[-87.70293,43.68704],[-87.7062,43.67954],[-87.70853,43.6762],[-87.71156,43.67185],[-87.72224,43.65653],[-87.72384,43.65422],[-87.73431,43.63919],[-87.74209,43.62947],[-87.76943,43.63029],[-87.77693,43.63033],[-87.77907,43.63032],[-87.79545,43.63039],[-87.79616,43.63039],[-87.79649,43.63039],[-87.79917,43.63041],[-87.79917,43.63174],[-87.79917,43.63175],[-87.80028,43.66682],[-87.80037,43.67409],[-87.80042,43.68516]]]}},{"type":"Feature","properties":{"GEOID":"55117010900","NAME":"Census Tract 109","COUNTY":"Sheboygan","ALAND":93899004,"AWATER":688602,"lng":-87.86036,"lat":43.67436,"ALAND_SQMI":36.2546,"nb":["55117010502","55117010601","55117010602","55117010700","55117010800","55117011000","55117011200","55117011301","55117011302"]},"geometry":{"type":"Polygon","coordinates":[[[-87.92116,43.71841],[-87.90102,43.71854],[-87.89115,43.71861],[-87.85033,43.71828],[-87.84782,43.71826],[-87.84531,43.71824],[-87.84029,43.71738],[-87.83872,43.71752],[-87.8385,43.71756],[-87.83698,43.71816],[-87.82112,43.71798],[-87.8162,43.71793],[-87.81612,43.71752],[-87.8022,43.71765],[-87.80051,43.71773],[-87.80021,43.71774],[-87.80023,43.71595],[-87.80016,43.71509],[-87.80024,43.71408],[-87.80019,43.71076],[-87.80035,43.69958],[-87.80038,43.69594],[-87.80037,43.69564],[-87.80042,43.68516],[-87.80037,43.67409],[-87.80028,43.66682],[-87.79917,43.63175],[-87.79917,43.63174],[-87.79917,43.63041],[-87.80326,43.63035],[-87.8052,43.63034],[-87.81927,43.63023],[-87.83057,43.6303],[-87.91468,43.63103],[-87.9208,43.63107],[-87.92043,43.66019],[-87.92041,43.66823],[-87.92054,43.69643],[-87.92116,43.71841]]]}},{"type":"Feature","properties":{"GEOID":"55117011000","NAME":"Census Tract 110","COUNTY":"Sheboygan","ALAND":92139494,"AWATER":1158117,"lng":-87.98032,"lat":43.67447,"ALAND_SQMI":35.5753,"nb":["55117010400","55117010502","55117010503","55117010504","55117010602","55117010900","55117011100","55117011200","55117011302"]},"geometry":{"type":"Polygon","coordinates":[[[-88.04059,43.71763],[-87.99045,43.71798],[-87.96136,43.7181],[-87.92116,43.71841],[-87.92054,43.69643],[-87.92041,43.66823],[-87.92043,43.66019],[-87.9208,43.63107],[-87.92965,43.63103],[-87.94211,43.63099],[-87.94493,43.63098],[-87.98086,43.63091],[-87.99432,43.63087],[-88.00047,43.63086],[-88.03993,43.63056],[-88.03994,43.63909],[-88.03993,43.67417],[-88.04059,43.71763]]]}},{"type":"Feature","properties":{"GEOID":"55117011100","NAME":"Census Tract 111","COUNTY":"Sheboygan","ALAND":186707691,"AWATER":1581686,"lng":-88.10026,"lat":43.6301,"ALAND_SQMI":72.0882,"nb":["55039041902","55039042100","55039042200","55089610101","55117010400","55117010504","55117011000","55117011200","55131400103","55131410100"]},"geometry":{"type":"Polygon","coordinates":[[[-88.16039,43.58273],[-88.16073,43.58328],[-88.16042,43.58409],[-88.16015,43.60714],[-88.16003,43.61728],[-88.15998,43.63045],[-88.15993,43.63129],[-88.16022,43.65923],[-88.16073,43.69273],[-88.16062,43.71756],[-88.15551,43.71756],[-88.04059,43.71763],[-88.03993,43.67417],[-88.03994,43.63909],[-88.03993,43.63056],[-88.03992,43.6254],[-88.04021,43.60066],[-88.04049,43.58609],[-88.04053,43.54236],[-88.04964,43.54236],[-88.05094,43.54236],[-88.09929,43.54236],[-88.10042,43.54241],[-88.16087,43.54294],[-88.16039,43.58273]]]}},{"type":"Feature","properties":{"GEOID":"55117011200","NAME":"Census Tract 112","COUNTY":"Sheboygan","ALAND":92993004,"AWATER":1384205,"lng":-87.98069,"lat":43.58679,"ALAND_SQMI":35.9048,"nb":["55089610101","55089610102","55117010900","55117011000","55117011100","55117011302","55131400103"]},"geometry":{"type":"Polygon","coordinates":[[[-88.04049,43.58609],[-88.04021,43.60066],[-88.03992,43.6254],[-88.03993,43.63056],[-88.00047,43.63086],[-87.99432,43.63087],[-87.98086,43.63091],[-87.94493,43.63098],[-87.94211,43.63099],[-87.92965,43.63103],[-87.9208,43.63107],[-87.92087,43.6109],[-87.92086,43.607],[-87.92087,43.5982],[-87.92109,43.55798],[-87.92105,43.54338],[-87.95058,43.54298],[-87.95095,43.54297],[-87.95378,43.54293],[-87.95436,43.54293],[-87.97098,43.54274],[-88.04053,43.54236],[-88.04049,43.58609]]]}},{"type":"Feature","properties":{"GEOID":"55117011301","NAME":"Census Tract 113.01","COUNTY":"Sheboygan","ALAND":38168257,"AWATER":6649974,"lng":-87.79529,"lat":43.59792,"ALAND_SQMI":14.7368,"nb":["55089610102","55117010800","55117010900","55117011302"]},"geometry":{"type":"Polygon","coordinates":[[[-87.83057,43.6303],[-87.81927,43.63023],[-87.8052,43.63034],[-87.80326,43.63035],[-87.79917,43.63041],[-87.79649,43.63039],[-87.79616,43.63039],[-87.79545,43.63039],[-87.77907,43.63032],[-87.77693,43.63033],[-87.76943,43.63029],[-87.74209,43.62947],[-87.7605,43.60646],[-87.76945,43.59441],[-87.78126,43.57849],[-87.78585,43.5705],[-87.78752,43.5676],[-87.79014,43.56305],[-87.79267,43.55271],[-87.793,43.5476],[-87.79177,43.544],[-87.79191,43.54302],[-87.82091,43.54304],[-87.82039,43.55277],[-87.81984,43.55424],[-87.81867,43.55576],[-87.81688,43.55719],[-87.81617,43.55756],[-87.81057,43.56045],[-87.80379,43.56393],[-87.80159,43.56559],[-87.80067,43.56726],[-87.80045,43.57165],[-87.80293,43.57209],[-87.80957,43.57212],[-87.81039,43.57212],[-87.82022,43.57213],[-87.82031,43.5794],[-87.82264,43.5857],[-87.82477,43.58895],[-87.82529,43.59274],[-87.82528,43.59694],[-87.82567,43.60194],[-87.82762,43.60553],[-87.82836,43.61049],[-87.82946,43.61304],[-87.82966,43.61583],[-87.82961,43.61765],[-87.82946,43.62495],[-87.83057,43.6303]]]}},{"type":"Feature","properties":{"GEOID":"55117011302","NAME":"Census Tract 113.02","COUNTY":"Sheboygan","ALAND":77506338,"AWATER":591219,"lng":-87.8709,"lat":43.58545,"ALAND_SQMI":29.9254,"nb":["55089610101","55089610102","55117010900","55117011000","55117011200","55117011301"]},"geometry":{"type":"Polygon","coordinates":[[[-87.92109,43.55798],[-87.92087,43.5982],[-87.92086,43.607],[-87.92087,43.6109],[-87.9208,43.63107],[-87.91468,43.63103],[-87.83057,43.6303],[-87.82946,43.62495],[-87.82961,43.61765],[-87.82966,43.61583],[-87.82946,43.61304],[-87.82836,43.61049],[-87.82762,43.60553],[-87.82567,43.60194],[-87.82528,43.59694],[-87.82529,43.59274],[-87.82477,43.58895],[-87.82264,43.5857],[-87.82031,43.5794],[-87.82022,43.57213],[-87.81039,43.57212],[-87.80957,43.57212],[-87.80293,43.57209],[-87.80045,43.57165],[-87.80067,43.56726],[-87.80159,43.56559],[-87.80379,43.56393],[-87.81057,43.56045],[-87.81617,43.55756],[-87.81688,43.55719],[-87.81867,43.55576],[-87.81984,43.55424],[-87.82039,43.55277],[-87.82091,43.54304],[-87.84089,43.54308],[-87.86089,43.54316],[-87.92105,43.54338],[-87.92109,43.55798]]]}},{"type":"Feature","properties":{"GEOID":"55117011400","NAME":"Census Tract 114","COUNTY":"Sheboygan","ALAND":1473156,"AWATER":1208110,"lng":-87.7097,"lat":43.75351,"ALAND_SQMI":0.5688,"nb":["55117000100","55117000201","55117000500","55117000800"]},"geometry":{"type":"Polygon","coordinates":[[[-87.71755,43.75143],[-87.71662,43.75088],[-87.71462,43.75088],[-87.7146,43.75635],[-87.71461,43.75854],[-87.71461,43.76072],[-87.71293,43.76072],[-87.70091,43.76065],[-87.70129,43.76031],[-87.70301,43.75875],[-87.7042,43.75584],[-87.7032,43.75412],[-87.70303,43.75383],[-87.70323,43.7493],[-87.70311,43.74882],[-87.70869,43.74849],[-87.71107,43.74512],[-87.71342,43.74454],[-87.71462,43.7449],[-87.71844,43.75147],[-87.71755,43.75143]]]}},{"type":"Feature","properties":{"GEOID":"55127000102","NAME":"Census Tract 1.02","COUNTY":"Walworth","ALAND":57126257,"AWATER":861887,"lng":-88.34899,"lat":42.79026,"ALAND_SQMI":22.0566,"nb":["55101002800","55127000103","55127000104","55127000201","55127000202","55133202001","55133203901","55133203902"]},"geometry":{"type":"Polygon","coordinates":[[[-88.42602,42.75625],[-88.42573,42.76796],[-88.42517,42.76822],[-88.41123,42.77258],[-88.40566,42.77429],[-88.39836,42.7766],[-88.39561,42.77791],[-88.39296,42.77971],[-88.38999,42.78277],[-88.38834,42.78563],[-88.38529,42.79233],[-88.38295,42.79738],[-88.38153,42.79933],[-88.38042,42.80038],[-88.37639,42.80312],[-88.37068,42.80726],[-88.36701,42.81145],[-88.3548,42.82677],[-88.35292,42.82829],[-88.33597,42.84115],[-88.3341,42.84255],[-88.31918,42.84249],[-88.30638,42.8421],[-88.30643,42.84067],[-88.30657,42.83702],[-88.30693,42.82157],[-88.30795,42.76155],[-88.30806,42.75549],[-88.31041,42.75551],[-88.33675,42.75571],[-88.42602,42.75624],[-88.42602,42.75625]]]}},{"type":"Feature","properties":{"GEOID":"55127000103","NAME":"Census Tract 1.03","COUNTY":"Walworth","ALAND":5886672,"AWATER":125990,"lng":-88.40887,"lat":42.78277,"ALAND_SQMI":2.2729,"nb":["55127000102","55127000104","55127000201","55127000202"]},"geometry":{"type":"Polygon","coordinates":[[[-88.42535,42.7833],[-88.42531,42.78517],[-88.42528,42.78659],[-88.42506,42.79233],[-88.42305,42.79207],[-88.41573,42.79119],[-88.41397,42.79102],[-88.4058,42.7923],[-88.39587,42.79238],[-88.39435,42.7923],[-88.38932,42.79229],[-88.38529,42.79233],[-88.38834,42.78563],[-88.38999,42.78277],[-88.39296,42.77971],[-88.39561,42.77791],[-88.39836,42.7766],[-88.40566,42.77429],[-88.41123,42.77258],[-88.42517,42.76822],[-88.42573,42.76796],[-88.42535,42.7833]]]}},{"type":"Feature","properties":{"GEOID":"55127000104","NAME":"Census Tract 1.04","COUNTY":"Walworth","ALAND":25092519,"AWATER":3741300,"lng":-88.39155,"lat":42.82076,"ALAND_SQMI":9.6883,"nb":["55127000102","55127000103","55127000201","55133203802","55133203901","55133203902"]},"geometry":{"type":"Polygon","coordinates":[[[-88.42485,42.80217],[-88.42469,42.81192],[-88.42434,42.82747],[-88.42407,42.84259],[-88.38262,42.8428],[-88.38196,42.84278],[-88.36555,42.84283],[-88.34383,42.84285],[-88.3341,42.84255],[-88.33597,42.84115],[-88.35292,42.82829],[-88.3548,42.82677],[-88.36701,42.81145],[-88.37068,42.80726],[-88.37639,42.80312],[-88.38042,42.80038],[-88.38153,42.79933],[-88.38295,42.79738],[-88.38529,42.79233],[-88.38932,42.79229],[-88.39435,42.7923],[-88.39587,42.79238],[-88.4058,42.7923],[-88.41397,42.79102],[-88.41573,42.79119],[-88.42305,42.79207],[-88.42506,42.79233],[-88.42485,42.80217]]]}},{"type":"Feature","properties":{"GEOID":"55127000201","NAME":"Census Tract 2.01","COUNTY":"Walworth","ALAND":135829555,"AWATER":1910233,"lng":-88.49093,"lat":42.77548,"ALAND_SQMI":52.4441,"nb":["55127000102","55127000103","55127000104","55127000202","55127000301","55127000303","55127000304","55127000901","55127000902","55133203802","55133204002"]},"geometry":{"type":"Polygon","coordinates":[[[-88.54377,42.77849],[-88.54356,42.78563],[-88.54304,42.80011],[-88.54289,42.80077],[-88.54151,42.84025],[-88.54144,42.843],[-88.46352,42.84259],[-88.4261,42.8426],[-88.4241,42.84259],[-88.42407,42.84259],[-88.42434,42.82747],[-88.42469,42.81192],[-88.42485,42.80217],[-88.42506,42.79233],[-88.42528,42.78659],[-88.42531,42.78517],[-88.42535,42.7833],[-88.42573,42.76796],[-88.42987,42.76516],[-88.43603,42.75635],[-88.43839,42.75367],[-88.44346,42.74946],[-88.44912,42.74578],[-88.45074,42.74434],[-88.46824,42.72317],[-88.47189,42.71934],[-88.47688,42.71416],[-88.48562,42.70513],[-88.48816,42.7029],[-88.4913,42.70059],[-88.49907,42.69565],[-88.50267,42.69314],[-88.52206,42.67449],[-88.52799,42.68286],[-88.52916,42.68451],[-88.5316,42.68786],[-88.53324,42.68972],[-88.54199,42.69773],[-88.5421,42.70623],[-88.54219,42.70865],[-88.54251,42.7193],[-88.54345,42.74621],[-88.54392,42.75697],[-88.54377,42.77849]]]}},{"type":"Feature","properties":{"GEOID":"55127000202","NAME":"Census Tract 2.02","COUNTY":"Walworth","ALAND":137270561,"AWATER":97759,"lng":-88.39562,"lat":42.70916,"ALAND_SQMI":53.0005,"nb":["55101002401","55101002702","55101002800","55127000102","55127000103","55127000201","55127000902","55127001000"]},"geometry":{"type":"Polygon","coordinates":[[[-88.52206,42.67449],[-88.50267,42.69314],[-88.49907,42.69565],[-88.4913,42.70059],[-88.48816,42.7029],[-88.48562,42.70513],[-88.47688,42.71416],[-88.47189,42.71934],[-88.46824,42.72317],[-88.45074,42.74434],[-88.44912,42.74578],[-88.44346,42.74946],[-88.43839,42.75367],[-88.43603,42.75635],[-88.42987,42.76516],[-88.42573,42.76796],[-88.42602,42.75625],[-88.42602,42.75624],[-88.33675,42.75571],[-88.31041,42.75551],[-88.30806,42.75549],[-88.30781,42.75549],[-88.30719,42.71685],[-88.30679,42.71583],[-88.30685,42.71216],[-88.30682,42.69771],[-88.30677,42.69367],[-88.30667,42.69039],[-88.30633,42.68402],[-88.30597,42.67161],[-88.30589,42.66874],[-88.37461,42.66931],[-88.41338,42.66945],[-88.42349,42.66945],[-88.42789,42.6695],[-88.43336,42.66956],[-88.48739,42.66989],[-88.51207,42.66998],[-88.51544,42.67004],[-88.51888,42.66999],[-88.522,42.67442],[-88.52206,42.67449]]]}},{"type":"Feature","properties":{"GEOID":"55127000301","NAME":"Census Tract 3.01","COUNTY":"Walworth","ALAND":170947758,"AWATER":3749351,"lng":-88.67583,"lat":42.78808,"ALAND_SQMI":66.0033,"nb":["55127000201","55127000303","55127000304","55127000400","55127000502","55133204002"]},"geometry":{"type":"Polygon","coordinates":[[[-88.77888,42.75475],[-88.7776,42.80553],[-88.76848,42.80561],[-88.76754,42.80583],[-88.76561,42.80689],[-88.75471,42.81529],[-88.75301,42.81741],[-88.7514,42.81923],[-88.75032,42.82001],[-88.74683,42.82229],[-88.74586,42.8224],[-88.74471,42.81896],[-88.74455,42.81801],[-88.7444,42.81702],[-88.74149,42.81698],[-88.7378,42.81665],[-88.73262,42.81629],[-88.72804,42.81687],[-88.72434,42.81699],[-88.70007,42.81724],[-88.70064,42.82201],[-88.69974,42.82221],[-88.69857,42.82138],[-88.69822,42.83181],[-88.69836,42.83182],[-88.69827,42.83543],[-88.69823,42.83678],[-88.69816,42.84003],[-88.69813,42.84194],[-88.69812,42.84263],[-88.6627,42.84255],[-88.65938,42.84254],[-88.65928,42.84254],[-88.65231,42.84252],[-88.60918,42.84246],[-88.60193,42.84255],[-88.56067,42.84277],[-88.55791,42.84281],[-88.55514,42.84284],[-88.54995,42.84288],[-88.54153,42.843],[-88.54144,42.843],[-88.54151,42.84025],[-88.54289,42.80077],[-88.54304,42.80011],[-88.55291,42.80007],[-88.55778,42.79825],[-88.56292,42.79633],[-88.57437,42.79185],[-88.58301,42.78733],[-88.59439,42.78073],[-88.59996,42.77835],[-88.60279,42.77715],[-88.62841,42.76635],[-88.63275,42.76401],[-88.64686,42.75581],[-88.65457,42.75364],[-88.66169,42.75209],[-88.67421,42.74908],[-88.67657,42.74822],[-88.67703,42.74724],[-88.681,42.74382],[-88.68127,42.74292],[-88.68101,42.7358],[-88.69073,42.73246],[-88.7019,42.72862],[-88.70707,42.72756],[-88.71056,42.72637],[-88.72033,42.72115],[-88.72243,42.72044],[-88.72709,42.71965],[-88.73994,42.71653],[-88.74237,42.71654],[-88.7435,42.7157],[-88.77306,42.70916],[-88.77782,42.70779],[-88.77888,42.75475]]]}},{"type":"Feature","properties":{"GEOID":"55127000303","NAME":"Census Tract 3.03","COUNTY":"Walworth","ALAND":23497641,"AWATER":4063829,"lng":-88.57022,"lat":42.76547,"ALAND_SQMI":9.0725,"nb":["55127000201","55127000301","55127000304"]},"geometry":{"type":"Polygon","coordinates":[[[-88.60312,42.7683],[-88.60279,42.77715],[-88.59996,42.77835],[-88.59439,42.78073],[-88.58301,42.78733],[-88.57437,42.79185],[-88.56292,42.79633],[-88.55778,42.79825],[-88.55291,42.80007],[-88.54304,42.80011],[-88.54356,42.78563],[-88.54377,42.77849],[-88.54392,42.75697],[-88.54345,42.74621],[-88.55286,42.74162],[-88.57178,42.73215],[-88.57245,42.73192],[-88.57333,42.73201],[-88.58285,42.73466],[-88.5852,42.73498],[-88.59207,42.73501],[-88.59267,42.74853],[-88.59443,42.7516],[-88.60074,42.75438],[-88.60222,42.75573],[-88.60285,42.75703],[-88.603,42.76072],[-88.60304,42.76326],[-88.60312,42.7683]]]}},{"type":"Feature","properties":{"GEOID":"55127000304","NAME":"Census Tract 3.04","COUNTY":"Walworth","ALAND":133023704,"AWATER":1936133,"lng":-88.65785,"lat":42.70842,"ALAND_SQMI":51.3607,"nb":["55127000201","55127000301","55127000303","55127000600","55127000702","55127000801","55127000901"]},"geometry":{"type":"Polygon","coordinates":[[[-88.77782,42.70779],[-88.77306,42.70916],[-88.7435,42.7157],[-88.74237,42.71654],[-88.73994,42.71653],[-88.72709,42.71965],[-88.72243,42.72044],[-88.72033,42.72115],[-88.71056,42.72637],[-88.70707,42.72756],[-88.7019,42.72862],[-88.69073,42.73246],[-88.68101,42.7358],[-88.68127,42.74292],[-88.681,42.74382],[-88.67703,42.74724],[-88.67657,42.74822],[-88.67421,42.74908],[-88.66169,42.75209],[-88.65457,42.75364],[-88.64686,42.75581],[-88.63275,42.76401],[-88.62841,42.76635],[-88.60279,42.77715],[-88.60312,42.7683],[-88.60304,42.76326],[-88.603,42.76072],[-88.60285,42.75703],[-88.60222,42.75573],[-88.60074,42.75438],[-88.59443,42.7516],[-88.59267,42.74853],[-88.59207,42.73501],[-88.5852,42.73498],[-88.58285,42.73466],[-88.57333,42.73201],[-88.57245,42.73192],[-88.57178,42.73215],[-88.55286,42.74162],[-88.54345,42.74621],[-88.54251,42.7193],[-88.54219,42.70865],[-88.5421,42.70623],[-88.54275,42.70623],[-88.54705,42.70621],[-88.58157,42.70593],[-88.5814,42.69865],[-88.58631,42.69865],[-88.58587,42.68047],[-88.58816,42.68007],[-88.59057,42.67903],[-88.59045,42.66954],[-88.61478,42.66929],[-88.62991,42.66911],[-88.65911,42.66907],[-88.77657,42.66754],[-88.77719,42.68562],[-88.7775,42.69461],[-88.77782,42.70779]]]}},{"type":"Feature","properties":{"GEOID":"55127000400","NAME":"Census Tract 4","COUNTY":"Walworth","ALAND":8278844,"AWATER":772889,"lng":-88.71814,"lat":42.82987,"ALAND_SQMI":3.1965,"nb":["55127000301","55127000501","55127000502"]},"geometry":{"type":"Polygon","coordinates":[[[-88.73769,42.8205],[-88.73749,42.82779],[-88.73742,42.8325],[-88.73737,42.83501],[-88.73724,42.84075],[-88.73584,42.8413],[-88.73596,42.84231],[-88.73468,42.84272],[-88.73376,42.84272],[-88.72349,42.84269],[-88.71779,42.84268],[-88.71757,42.84268],[-88.71112,42.84266],[-88.69851,42.84264],[-88.69812,42.84263],[-88.69813,42.84194],[-88.69816,42.84003],[-88.69823,42.83678],[-88.69827,42.83543],[-88.69836,42.83182],[-88.69822,42.83181],[-88.69857,42.82138],[-88.69974,42.82221],[-88.70064,42.82201],[-88.70007,42.81724],[-88.72434,42.81699],[-88.72804,42.81687],[-88.73262,42.81629],[-88.7378,42.81665],[-88.73769,42.8205]]]}},{"type":"Feature","properties":{"GEOID":"55127000501","NAME":"Census Tract 5.01","COUNTY":"Walworth","ALAND":2317749,"AWATER":0,"lng":-88.75341,"lat":42.83912,"ALAND_SQMI":0.8949,"nb":["55127000400","55127000502"]},"geometry":{"type":"Polygon","coordinates":[[[-88.77503,42.84269],[-88.77172,42.84282],[-88.76292,42.8428],[-88.75289,42.84277],[-88.73468,42.84272],[-88.73596,42.84231],[-88.73584,42.8413],[-88.73724,42.84075],[-88.73737,42.83501],[-88.74708,42.83492],[-88.74954,42.83488],[-88.75293,42.83479],[-88.76093,42.8347],[-88.76753,42.83736],[-88.76823,42.83772],[-88.77262,42.84095],[-88.77503,42.84269]]]}},{"type":"Feature","properties":{"GEOID":"55127000502","NAME":"Census Tract 5.02","COUNTY":"Walworth","ALAND":8548804,"AWATER":0,"lng":-88.76095,"lat":42.82398,"ALAND_SQMI":3.3007,"nb":["55127000301","55127000400","55127000501"]},"geometry":{"type":"Polygon","coordinates":[[[-88.77714,42.83386],[-88.77712,42.83726],[-88.7771,42.83998],[-88.77708,42.84269],[-88.77503,42.84269],[-88.77262,42.84095],[-88.76823,42.83772],[-88.76753,42.83736],[-88.76093,42.8347],[-88.75293,42.83479],[-88.74954,42.83488],[-88.74708,42.83492],[-88.73737,42.83501],[-88.73742,42.8325],[-88.73749,42.82779],[-88.73769,42.8205],[-88.7378,42.81665],[-88.74149,42.81698],[-88.7444,42.81702],[-88.74455,42.81801],[-88.74471,42.81896],[-88.74586,42.8224],[-88.74683,42.82229],[-88.75032,42.82001],[-88.7514,42.81923],[-88.75301,42.81741],[-88.75471,42.81529],[-88.76561,42.80689],[-88.76754,42.80583],[-88.76848,42.80561],[-88.7776,42.80553],[-88.77714,42.83386]]]}},{"type":"Feature","properties":{"GEOID":"55127000600","NAME":"Census Tract 6","COUNTY":"Walworth","ALAND":182034279,"AWATER":165189,"lng":-88.71905,"lat":42.57906,"ALAND_SQMI":70.2838,"nb":["55127000304","55127000701","55127000702","55127000802","55127001702"]},"geometry":{"type":"Polygon","coordinates":[[[-88.77668,42.65123],[-88.77664,42.66234],[-88.77657,42.66754],[-88.65911,42.66907],[-88.65909,42.66827],[-88.65918,42.64011],[-88.66027,42.64063],[-88.6719,42.64629],[-88.68613,42.65183],[-88.68736,42.64906],[-88.68853,42.64487],[-88.68842,42.63857],[-88.67857,42.63661],[-88.67853,42.6324],[-88.67847,42.62609],[-88.67847,42.6252],[-88.67846,42.62389],[-88.67842,42.62055],[-88.67347,42.62128],[-88.6691,42.62088],[-88.66615,42.61999],[-88.6588,42.61644],[-88.65857,42.5966],[-88.65839,42.58212],[-88.65849,42.58212],[-88.6585,42.56139],[-88.6585,42.55751],[-88.65848,42.49462],[-88.6708,42.49436],[-88.70738,42.49359],[-88.70742,42.49359],[-88.7218,42.49321],[-88.72742,42.49306],[-88.73652,42.49282],[-88.73711,42.49281],[-88.76536,42.49207],[-88.77659,42.49202],[-88.77661,42.50556],[-88.77645,42.5064],[-88.77653,42.52091],[-88.77664,42.55549],[-88.77658,42.55755],[-88.77635,42.573],[-88.7763,42.57514],[-88.77636,42.58016],[-88.77636,42.58105],[-88.77633,42.59568],[-88.7763,42.61219],[-88.77668,42.64813],[-88.77668,42.65123]]]}},{"type":"Feature","properties":{"GEOID":"55127000701","NAME":"Census Tract 7.01","COUNTY":"Walworth","ALAND":12468365,"AWATER":270853,"lng":-88.66018,"lat":42.63904,"ALAND_SQMI":4.8141,"nb":["55127000600","55127000702","55127000802"]},"geometry":{"type":"Polygon","coordinates":[[[-88.68853,42.64487],[-88.68736,42.64906],[-88.68613,42.65183],[-88.6719,42.64629],[-88.66027,42.64063],[-88.65918,42.64011],[-88.65909,42.66827],[-88.65381,42.66711],[-88.649,42.66449],[-88.64052,42.65845],[-88.63924,42.65871],[-88.63807,42.65747],[-88.63746,42.65574],[-88.63848,42.65446],[-88.63748,42.65347],[-88.64052,42.65146],[-88.63972,42.64927],[-88.63835,42.6457],[-88.64488,42.63841],[-88.6478,42.63687],[-88.6499,42.63428],[-88.64692,42.63432],[-88.64691,42.63302],[-88.6468,42.62569],[-88.64671,42.61803],[-88.64687,42.61544],[-88.64901,42.61248],[-88.65181,42.61316],[-88.6588,42.61644],[-88.66615,42.61999],[-88.6691,42.62088],[-88.67347,42.62128],[-88.67842,42.62055],[-88.67846,42.62389],[-88.67847,42.6252],[-88.67847,42.62609],[-88.67853,42.6324],[-88.67857,42.63661],[-88.68842,42.63857],[-88.68853,42.64487]]]}},{"type":"Feature","properties":{"GEOID":"55127000702","NAME":"Census Tract 7.02","COUNTY":"Walworth","ALAND":7897233,"AWATER":399571,"lng":-88.63712,"lat":42.64065,"ALAND_SQMI":3.0491,"nb":["55127000304","55127000600","55127000701","55127000801","55127000802"]},"geometry":{"type":"Polygon","coordinates":[[[-88.65911,42.66907],[-88.62991,42.66911],[-88.6298,42.66081],[-88.62877,42.65885],[-88.62767,42.65355],[-88.6278,42.64693],[-88.62786,42.64373],[-88.62788,42.64271],[-88.62789,42.64245],[-88.62792,42.6381],[-88.62662,42.63505],[-88.62658,42.63497],[-88.62653,42.63486],[-88.62569,42.63284],[-88.62563,42.62763],[-88.62559,42.62285],[-88.6365,42.61504],[-88.63979,42.61334],[-88.64485,42.61228],[-88.64901,42.61248],[-88.64687,42.61544],[-88.64671,42.61803],[-88.6468,42.62569],[-88.64691,42.63302],[-88.64692,42.63432],[-88.6499,42.63428],[-88.6478,42.63687],[-88.64488,42.63841],[-88.63835,42.6457],[-88.63972,42.64927],[-88.64052,42.65146],[-88.63748,42.65347],[-88.63848,42.65446],[-88.63746,42.65574],[-88.63807,42.65747],[-88.63924,42.65871],[-88.64052,42.65845],[-88.649,42.66449],[-88.65381,42.66711],[-88.65909,42.66827],[-88.65911,42.66907]]]}},{"type":"Feature","properties":{"GEOID":"55127000801","NAME":"Census Tract 8.01","COUNTY":"Walworth","ALAND":33731990,"AWATER":624198,"lng":-88.58173,"lat":42.63431,"ALAND_SQMI":13.024,"nb":["55127000304","55127000702","55127000802","55127000901","55127000902","55127001000","55127001501","55127001603"]},"geometry":{"type":"Polygon","coordinates":[[[-88.62991,42.66911],[-88.61478,42.66929],[-88.59045,42.66954],[-88.59045,42.65678],[-88.59037,42.64772],[-88.59032,42.64473],[-88.56863,42.64508],[-88.56673,42.64522],[-88.56097,42.64647],[-88.55893,42.64727],[-88.5498,42.65172],[-88.54129,42.65591],[-88.54126,42.64663],[-88.5412,42.64094],[-88.54088,42.61919],[-88.54085,42.60021],[-88.54085,42.59745],[-88.55437,42.59747],[-88.56053,42.59747],[-88.56614,42.59744],[-88.56992,42.5974],[-88.58016,42.59725],[-88.58027,42.61716],[-88.58033,42.61799],[-88.5811,42.61907],[-88.58205,42.62044],[-88.58308,42.62143],[-88.58893,42.62687],[-88.59037,42.62764],[-88.59216,42.628],[-88.62563,42.62763],[-88.62569,42.63284],[-88.62653,42.63486],[-88.62658,42.63497],[-88.62662,42.63505],[-88.62792,42.6381],[-88.62789,42.64245],[-88.62788,42.64271],[-88.62786,42.64373],[-88.6278,42.64693],[-88.62767,42.65355],[-88.62877,42.65885],[-88.6298,42.66081],[-88.62991,42.66911]]]}},{"type":"Feature","properties":{"GEOID":"55127000802","NAME":"Census Tract 8.02","COUNTY":"Walworth","ALAND":20975681,"AWATER":7253210,"lng":-88.61676,"lat":42.60271,"ALAND_SQMI":8.0988,"nb":["55127000600","55127000701","55127000702","55127000801","55127001603","55127001702"]},"geometry":{"type":"Polygon","coordinates":[[[-88.6588,42.61644],[-88.65181,42.61316],[-88.64901,42.61248],[-88.64485,42.61228],[-88.63979,42.61334],[-88.6365,42.61504],[-88.62559,42.62285],[-88.62563,42.62763],[-88.59216,42.628],[-88.59037,42.62764],[-88.58893,42.62687],[-88.58308,42.62143],[-88.58205,42.62044],[-88.5811,42.61907],[-88.58033,42.61799],[-88.58027,42.61716],[-88.58016,42.59725],[-88.58023,42.58271],[-88.60957,42.58247],[-88.61894,42.58243],[-88.62454,42.58241],[-88.63702,42.58237],[-88.64904,42.5823],[-88.65839,42.58212],[-88.65857,42.5966],[-88.6588,42.61644]]]}},{"type":"Feature","properties":{"GEOID":"55127000901","NAME":"Census Tract 9.01","COUNTY":"Walworth","ALAND":24766643,"AWATER":1902,"lng":-88.56559,"lat":42.6756,"ALAND_SQMI":9.5625,"nb":["55127000201","55127000304","55127000801","55127000902","55127001000"]},"geometry":{"type":"Polygon","coordinates":[[[-88.59057,42.67903],[-88.58816,42.68007],[-88.58587,42.68047],[-88.58631,42.69865],[-88.5814,42.69865],[-88.58157,42.70593],[-88.54705,42.70621],[-88.54275,42.70623],[-88.5421,42.70623],[-88.54199,42.69773],[-88.54154,42.68644],[-88.54153,42.68624],[-88.54152,42.68568],[-88.54147,42.68185],[-88.54125,42.67352],[-88.54129,42.66637],[-88.54129,42.65591],[-88.5498,42.65172],[-88.55893,42.64727],[-88.56097,42.64647],[-88.56673,42.64522],[-88.56863,42.64508],[-88.59032,42.64473],[-88.59037,42.64772],[-88.59045,42.65678],[-88.59045,42.66954],[-88.59057,42.67903]]]}},{"type":"Feature","properties":{"GEOID":"55127000902","NAME":"Census Tract 9.02","COUNTY":"Walworth","ALAND":5962837,"AWATER":0,"lng":-88.53002,"lat":42.67185,"ALAND_SQMI":2.3023,"nb":["55127000201","55127000202","55127000801","55127000901","55127001000"]},"geometry":{"type":"Polygon","coordinates":[[[-88.54199,42.69773],[-88.53324,42.68972],[-88.5316,42.68786],[-88.52916,42.68451],[-88.52799,42.68286],[-88.52206,42.67449],[-88.522,42.67442],[-88.51888,42.66999],[-88.51378,42.66279],[-88.50973,42.6566],[-88.50732,42.65254],[-88.51021,42.6533],[-88.51373,42.6551],[-88.51647,42.65524],[-88.52202,42.65553],[-88.52202,42.65592],[-88.522,42.66015],[-88.53266,42.66316],[-88.53573,42.65954],[-88.53808,42.65771],[-88.54129,42.65591],[-88.54129,42.66637],[-88.54125,42.67352],[-88.54147,42.68185],[-88.54152,42.68568],[-88.54153,42.68624],[-88.54154,42.68644],[-88.54199,42.69773]]]}},{"type":"Feature","properties":{"GEOID":"55127001000","NAME":"Census Tract 10","COUNTY":"Walworth","ALAND":141138157,"AWATER":711724,"lng":-88.4053,"lat":42.63278,"ALAND_SQMI":54.4937,"nb":["55059002801","55101002401","55101002600","55127000202","55127000801","55127000901","55127000902","55127001501","55127001503","55127001605","55127001701"]},"geometry":{"type":"Polygon","coordinates":[[[-88.54129,42.65591],[-88.53808,42.65771],[-88.53573,42.65954],[-88.53266,42.66316],[-88.522,42.66015],[-88.52202,42.65592],[-88.52202,42.65553],[-88.51647,42.65524],[-88.51373,42.6551],[-88.51021,42.6533],[-88.50732,42.65254],[-88.50973,42.6566],[-88.51378,42.66279],[-88.51888,42.66999],[-88.51544,42.67004],[-88.51207,42.66998],[-88.48739,42.66989],[-88.43336,42.66956],[-88.42789,42.6695],[-88.42349,42.66945],[-88.41338,42.66945],[-88.37461,42.66931],[-88.30589,42.66874],[-88.30589,42.66806],[-88.30589,42.66793],[-88.3059,42.66744],[-88.30591,42.66505],[-88.3061,42.66262],[-88.30633,42.65959],[-88.30622,42.6506],[-88.30613,42.64337],[-88.30609,42.6399],[-88.30589,42.62502],[-88.306,42.62424],[-88.30589,42.61082],[-88.30581,42.60354],[-88.30558,42.58182],[-88.30558,42.58166],[-88.32632,42.58163],[-88.3285,42.58179],[-88.32857,42.5818],[-88.3309,42.58225],[-88.3334,42.58312],[-88.33351,42.58296],[-88.33501,42.5818],[-88.34742,42.58181],[-88.39029,42.58201],[-88.3917,42.5819],[-88.39309,42.58146],[-88.3942,42.58206],[-88.40186,42.58643],[-88.40504,42.58943],[-88.40909,42.59424],[-88.41119,42.59673],[-88.4166,42.60316],[-88.42122,42.60864],[-88.42138,42.6088],[-88.42319,42.6109],[-88.42338,42.61108],[-88.42671,42.61336],[-88.42923,42.61433],[-88.43365,42.61503],[-88.447,42.61523],[-88.45346,42.61569],[-88.45734,42.61701],[-88.45956,42.61836],[-88.47109,42.62904],[-88.47692,42.62591],[-88.47741,42.62553],[-88.4781,42.61933],[-88.48454,42.61911],[-88.48717,42.61929],[-88.4878,42.61931],[-88.52176,42.61926],[-88.53643,42.61922],[-88.54088,42.61919],[-88.5412,42.64094],[-88.54126,42.64663],[-88.54129,42.65591]]]}},{"type":"Feature","properties":{"GEOID":"55127001501","NAME":"Census Tract 15.01","COUNTY":"Walworth","ALAND":15979367,"AWATER":2193811,"lng":-88.50444,"lat":42.60727,"ALAND_SQMI":6.1697,"nb":["55127000801","55127001000","55127001503","55127001504","55127001603","55127001606"]},"geometry":{"type":"Polygon","coordinates":[[[-88.54088,42.61919],[-88.53643,42.61922],[-88.52176,42.61926],[-88.4878,42.61931],[-88.48717,42.61929],[-88.48454,42.61911],[-88.4781,42.61933],[-88.47741,42.62553],[-88.47692,42.62591],[-88.47109,42.62904],[-88.45956,42.61836],[-88.45734,42.61701],[-88.45346,42.61569],[-88.447,42.61523],[-88.44598,42.61407],[-88.4463,42.61389],[-88.44825,42.613],[-88.45366,42.61223],[-88.45393,42.61217],[-88.45402,42.61219],[-88.46011,42.61155],[-88.46137,42.6117],[-88.46263,42.61079],[-88.46314,42.60925],[-88.46568,42.60756],[-88.47058,42.60551],[-88.47458,42.60419],[-88.47926,42.60339],[-88.48516,42.60307],[-88.49125,42.60235],[-88.49836,42.59927],[-88.50385,42.59611],[-88.50705,42.59389],[-88.50816,42.5878],[-88.50798,42.58674],[-88.51231,42.58581],[-88.51368,42.5829],[-88.51924,42.58282],[-88.52146,42.58283],[-88.52221,42.58294],[-88.52306,42.58315],[-88.52379,42.58344],[-88.5254,42.5843],[-88.52624,42.58478],[-88.52807,42.58583],[-88.53009,42.58727],[-88.53117,42.587],[-88.5311,42.58723],[-88.53082,42.58825],[-88.53235,42.5902],[-88.53732,42.59682],[-88.54017,42.59976],[-88.54085,42.60021],[-88.54088,42.61919]]]}},{"type":"Feature","properties":{"GEOID":"55127001503","NAME":"Census Tract 15.03","COUNTY":"Walworth","ALAND":5380048,"AWATER":0,"lng":-88.4304,"lat":42.6033,"ALAND_SQMI":2.0772,"nb":["55127001000","55127001501","55127001504","55127001605","55127001606"]},"geometry":{"type":"Polygon","coordinates":[[[-88.45366,42.61223],[-88.44825,42.613],[-88.4463,42.61389],[-88.44598,42.61407],[-88.447,42.61523],[-88.43365,42.61503],[-88.42923,42.61433],[-88.42671,42.61336],[-88.42338,42.61108],[-88.42319,42.6109],[-88.42138,42.6088],[-88.42122,42.60864],[-88.4166,42.60316],[-88.41119,42.59673],[-88.40909,42.59424],[-88.41568,42.59283],[-88.41959,42.59223],[-88.42368,42.59162],[-88.42443,42.59157],[-88.43533,42.59173],[-88.43862,42.59182],[-88.43858,42.59544],[-88.43408,42.5954],[-88.43536,42.59677],[-88.4409,42.60109],[-88.44406,42.60416],[-88.44429,42.60447],[-88.44524,42.60587],[-88.44532,42.606],[-88.44543,42.6062],[-88.44644,42.60765],[-88.44755,42.60875],[-88.45106,42.61107],[-88.45393,42.61217],[-88.45366,42.61223]]]}},{"type":"Feature","properties":{"GEOID":"55127001504","NAME":"Census Tract 15.04","COUNTY":"Walworth","ALAND":9124673,"AWATER":1699142,"lng":-88.47283,"lat":42.59627,"ALAND_SQMI":3.5231,"nb":["55127001501","55127001503","55127001606"]},"geometry":{"type":"Polygon","coordinates":[[[-88.51231,42.58581],[-88.50798,42.58674],[-88.50816,42.5878],[-88.50705,42.59389],[-88.50385,42.59611],[-88.49836,42.59927],[-88.49125,42.60235],[-88.48516,42.60307],[-88.47926,42.60339],[-88.47458,42.60419],[-88.47058,42.60551],[-88.46568,42.60756],[-88.46314,42.60925],[-88.46263,42.61079],[-88.46137,42.6117],[-88.46011,42.61155],[-88.45402,42.61219],[-88.45393,42.61217],[-88.45106,42.61107],[-88.44755,42.60875],[-88.44644,42.60765],[-88.44543,42.6062],[-88.44532,42.606],[-88.44524,42.60587],[-88.44429,42.60447],[-88.44406,42.60416],[-88.4409,42.60109],[-88.43536,42.59677],[-88.43408,42.5954],[-88.43858,42.59544],[-88.43862,42.59182],[-88.44363,42.59183],[-88.45029,42.59034],[-88.4529,42.59024],[-88.46348,42.58976],[-88.46492,42.58959],[-88.48032,42.58691],[-88.49796,42.58322],[-88.49952,42.58298],[-88.50009,42.5829],[-88.50192,42.58281],[-88.50489,42.58292],[-88.51368,42.5829],[-88.51231,42.58581]]]}},{"type":"Feature","properties":{"GEOID":"55127001603","NAME":"Census Tract 16.03","COUNTY":"Walworth","ALAND":13726312,"AWATER":2918919,"lng":-88.5563,"lat":42.57812,"ALAND_SQMI":5.2998,"nb":["55127000801","55127000802","55127001501","55127001606","55127001607","55127001702"]},"geometry":{"type":"Polygon","coordinates":[[[-88.58045,42.56979],[-88.58039,42.57457],[-88.58033,42.57822],[-88.58023,42.58271],[-88.58016,42.59725],[-88.56992,42.5974],[-88.56614,42.59744],[-88.56053,42.59747],[-88.55437,42.59747],[-88.54085,42.59745],[-88.54085,42.60021],[-88.54017,42.59976],[-88.53732,42.59682],[-88.53235,42.5902],[-88.53082,42.58825],[-88.5311,42.58723],[-88.53117,42.587],[-88.53141,42.58519],[-88.5314,42.58458],[-88.53145,42.57918],[-88.53253,42.57848],[-88.53333,42.57883],[-88.53335,42.57829],[-88.5327,42.55942],[-88.54074,42.55883],[-88.55397,42.55643],[-88.56524,42.56113],[-88.56932,42.55987],[-88.57012,42.56041],[-88.57539,42.56007],[-88.58036,42.56007],[-88.5804,42.56367],[-88.58044,42.56574],[-88.58046,42.56699],[-88.58045,42.56979]]]}},{"type":"Feature","properties":{"GEOID":"55127001605","NAME":"Census Tract 16.05","COUNTY":"Walworth","ALAND":7110645,"AWATER":1497528,"lng":-88.42259,"lat":42.58039,"ALAND_SQMI":2.7454,"nb":["55127001000","55127001503","55127001606","55127001701"]},"geometry":{"type":"Polygon","coordinates":[[[-88.44374,42.58286],[-88.43496,42.5901],[-88.43505,42.59022],[-88.43533,42.59173],[-88.42443,42.59157],[-88.42368,42.59162],[-88.41959,42.59223],[-88.41568,42.59283],[-88.40909,42.59424],[-88.40504,42.58943],[-88.40186,42.58643],[-88.3942,42.58206],[-88.39309,42.58146],[-88.39426,42.58109],[-88.39401,42.57477],[-88.3989,42.57484],[-88.40597,42.57487],[-88.41103,42.57477],[-88.41172,42.57475],[-88.41362,42.57472],[-88.41849,42.57463],[-88.41621,42.5699],[-88.41614,42.56975],[-88.42625,42.56939],[-88.42808,42.56984],[-88.42917,42.57037],[-88.43086,42.56683],[-88.43256,42.5665],[-88.4338,42.56642],[-88.43525,42.56628],[-88.43649,42.56636],[-88.43705,42.56637],[-88.437,42.56666],[-88.43813,42.56657],[-88.44975,42.57426],[-88.44374,42.58286]]]}},{"type":"Feature","properties":{"GEOID":"55127001606","NAME":"Census Tract 16.06","COUNTY":"Walworth","ALAND":22343349,"AWATER":12425016,"lng":-88.47545,"lat":42.56648,"ALAND_SQMI":8.6268,"nb":["55127001501","55127001503","55127001504","55127001603","55127001605","55127001607","55127001701","55127001702"]},"geometry":{"type":"Polygon","coordinates":[[[-88.53333,42.57883],[-88.53253,42.57848],[-88.53145,42.57918],[-88.5314,42.58458],[-88.53141,42.58519],[-88.53117,42.587],[-88.53009,42.58727],[-88.52807,42.58583],[-88.52624,42.58478],[-88.5254,42.5843],[-88.52379,42.58344],[-88.52306,42.58315],[-88.52221,42.58294],[-88.52146,42.58283],[-88.51924,42.58282],[-88.51368,42.5829],[-88.50489,42.58292],[-88.50192,42.58281],[-88.50009,42.5829],[-88.49952,42.58298],[-88.49796,42.58322],[-88.48032,42.58691],[-88.46492,42.58959],[-88.46348,42.58976],[-88.4529,42.59024],[-88.45029,42.59034],[-88.44363,42.59183],[-88.43862,42.59182],[-88.43533,42.59173],[-88.43505,42.59022],[-88.43496,42.5901],[-88.44374,42.58286],[-88.44975,42.57426],[-88.43813,42.56657],[-88.437,42.56666],[-88.43705,42.56637],[-88.43649,42.56636],[-88.43525,42.56628],[-88.4338,42.56642],[-88.43256,42.5665],[-88.43086,42.56683],[-88.42917,42.57037],[-88.42808,42.56984],[-88.42625,42.56939],[-88.41614,42.56975],[-88.41493,42.56745],[-88.41437,42.56498],[-88.41369,42.56462],[-88.41486,42.5621],[-88.41899,42.55941],[-88.42043,42.5579],[-88.42231,42.55448],[-88.42306,42.553],[-88.42322,42.55239],[-88.42322,42.54998],[-88.4233,42.54939],[-88.42372,42.54838],[-88.42476,42.54725],[-88.42709,42.54603],[-88.43297,42.54556],[-88.45881,42.54571],[-88.48231,42.54562],[-88.49141,42.54556],[-88.50189,42.5456],[-88.50198,42.55283],[-88.50161,42.55431],[-88.50277,42.55554],[-88.50298,42.55644],[-88.51284,42.55651],[-88.51521,42.55676],[-88.53185,42.55948],[-88.5327,42.55942],[-88.53335,42.57829],[-88.53333,42.57883]]]}},{"type":"Feature","properties":{"GEOID":"55127001607","NAME":"Census Tract 16.07","COUNTY":"Walworth","ALAND":12894210,"AWATER":5123966,"lng":-88.55047,"lat":42.5446,"ALAND_SQMI":4.9785,"nb":["55127001603","55127001606","55127001608","55127001702"]},"geometry":{"type":"Polygon","coordinates":[[[-88.58938,42.53827],[-88.58875,42.53984],[-88.58697,42.54106],[-88.58186,42.54346],[-88.58031,42.54492],[-88.57983,42.5495],[-88.57796,42.55314],[-88.57871,42.55442],[-88.58016,42.55641],[-88.58035,42.55999],[-88.58036,42.56007],[-88.57539,42.56007],[-88.57012,42.56041],[-88.56932,42.55987],[-88.56524,42.56113],[-88.55397,42.55643],[-88.54074,42.55883],[-88.5327,42.55942],[-88.53185,42.55948],[-88.51521,42.55676],[-88.51284,42.55651],[-88.50298,42.55644],[-88.50277,42.55554],[-88.50161,42.55431],[-88.50198,42.55283],[-88.50189,42.5456],[-88.52646,42.54558],[-88.52621,42.53091],[-88.53609,42.53105],[-88.54043,42.53117],[-88.56013,42.5312],[-88.56012,42.52549],[-88.56771,42.52746],[-88.57989,42.52737],[-88.57973,42.52372],[-88.58465,42.52376],[-88.5847,42.5253],[-88.58473,42.5307],[-88.58483,42.53108],[-88.58283,42.53108],[-88.5809,42.53109],[-88.58028,42.53109],[-88.58896,42.53352],[-88.58932,42.53363],[-88.58938,42.53827]]]}},{"type":"Feature","properties":{"GEOID":"55127001608","NAME":"Census Tract 16.08","COUNTY":"Walworth","ALAND":13942959,"AWATER":38083,"lng":-88.59935,"lat":42.53151,"ALAND_SQMI":5.3834,"nb":["55127001607","55127001702"]},"geometry":{"type":"Polygon","coordinates":[[[-88.61918,42.54569],[-88.59973,42.54556],[-88.59973,42.54642],[-88.59973,42.5492],[-88.59973,42.54969],[-88.59973,42.55262],[-88.59698,42.55488],[-88.59678,42.55632],[-88.59678,42.55637],[-88.59686,42.56006],[-88.58511,42.56001],[-88.58035,42.55999],[-88.58016,42.55641],[-88.57871,42.55442],[-88.57796,42.55314],[-88.57983,42.5495],[-88.58031,42.54492],[-88.58186,42.54346],[-88.58697,42.54106],[-88.58875,42.53984],[-88.58938,42.53827],[-88.58932,42.53363],[-88.58896,42.53352],[-88.58028,42.53109],[-88.5809,42.53109],[-88.58283,42.53108],[-88.58483,42.53108],[-88.58473,42.5307],[-88.5847,42.5253],[-88.58465,42.52376],[-88.58419,42.52045],[-88.58274,42.51671],[-88.57976,42.51191],[-88.5796,42.50929],[-88.59931,42.50921],[-88.61893,42.50947],[-88.61918,42.54569]]]}},{"type":"Feature","properties":{"GEOID":"55127001701","NAME":"Census Tract 17.01","COUNTY":"Walworth","ALAND":47055048,"AWATER":1730089,"lng":-88.34921,"lat":42.55372,"ALAND_SQMI":18.1681,"nb":["55059002801","55059003001","55127001000","55127001605","55127001606","55127001702"]},"geometry":{"type":"Polygon","coordinates":[[[-88.41849,42.57463],[-88.41362,42.57472],[-88.41172,42.57475],[-88.41103,42.57477],[-88.40597,42.57487],[-88.3989,42.57484],[-88.39401,42.57477],[-88.39426,42.58109],[-88.39309,42.58146],[-88.3917,42.5819],[-88.39029,42.58201],[-88.34742,42.58181],[-88.33501,42.5818],[-88.33351,42.58296],[-88.3334,42.58312],[-88.3309,42.58225],[-88.32857,42.5818],[-88.3285,42.58179],[-88.32632,42.58163],[-88.30558,42.58166],[-88.30542,42.56714],[-88.30534,42.56003],[-88.30532,42.55804],[-88.30526,42.55269],[-88.30503,42.53117],[-88.30495,42.52378],[-88.30487,42.51653],[-88.31229,42.51653],[-88.31383,42.51651],[-88.31477,42.5165],[-88.31725,42.5165],[-88.31795,42.51649],[-88.31961,42.51649],[-88.3237,42.51648],[-88.33934,42.51638],[-88.34015,42.51652],[-88.34604,42.51908],[-88.34664,42.51935],[-88.34893,42.52007],[-88.34907,42.5202],[-88.35022,42.52128],[-88.35401,42.52361],[-88.36288,42.52901],[-88.36388,42.52962],[-88.3666,42.53129],[-88.37746,42.53817],[-88.38593,42.54437],[-88.38866,42.5468],[-88.39106,42.54886],[-88.401,42.55351],[-88.40243,42.5551],[-88.40461,42.55673],[-88.40644,42.55841],[-88.40828,42.55982],[-88.41166,42.56235],[-88.41243,42.5634],[-88.41369,42.56462],[-88.41437,42.56498],[-88.41493,42.56745],[-88.41614,42.56975],[-88.41621,42.5699],[-88.41849,42.57463]]]}},{"type":"Feature","properties":{"GEOID":"55127001702","NAME":"Census Tract 17.02","COUNTY":"Walworth","ALAND":154112611,"AWATER":600353,"lng":-88.50336,"lat":42.52503,"ALAND_SQMI":59.5032,"nb":["55059003001","55127000600","55127000802","55127001603","55127001606","55127001607","55127001608","55127001701"]},"geometry":{"type":"Polygon","coordinates":[[[-88.6585,42.56139],[-88.65849,42.58212],[-88.65839,42.58212],[-88.64904,42.5823],[-88.63702,42.58237],[-88.62454,42.58241],[-88.61894,42.58243],[-88.60957,42.58247],[-88.58023,42.58271],[-88.58033,42.57822],[-88.58039,42.57457],[-88.58045,42.56979],[-88.58046,42.56699],[-88.58044,42.56574],[-88.5804,42.56367],[-88.58036,42.56007],[-88.58035,42.55999],[-88.58511,42.56001],[-88.59686,42.56006],[-88.59678,42.55637],[-88.59678,42.55632],[-88.59698,42.55488],[-88.59973,42.55262],[-88.59973,42.54969],[-88.59973,42.5492],[-88.59973,42.54642],[-88.59973,42.54556],[-88.61918,42.54569],[-88.61893,42.50947],[-88.59931,42.50921],[-88.5796,42.50929],[-88.57976,42.51191],[-88.58274,42.51671],[-88.58419,42.52045],[-88.58465,42.52376],[-88.57973,42.52372],[-88.57989,42.52737],[-88.56771,42.52746],[-88.56012,42.52549],[-88.56013,42.5312],[-88.54043,42.53117],[-88.53609,42.53105],[-88.52621,42.53091],[-88.52646,42.54558],[-88.50189,42.5456],[-88.49141,42.54556],[-88.48231,42.54562],[-88.45881,42.54571],[-88.43297,42.54556],[-88.42709,42.54603],[-88.42476,42.54725],[-88.42372,42.54838],[-88.4233,42.54939],[-88.42322,42.54998],[-88.42322,42.55239],[-88.42306,42.553],[-88.42231,42.55448],[-88.42043,42.5579],[-88.41899,42.55941],[-88.41486,42.5621],[-88.41369,42.56462],[-88.41243,42.5634],[-88.41166,42.56235],[-88.40828,42.55982],[-88.40644,42.55841],[-88.40461,42.55673],[-88.40243,42.5551],[-88.401,42.55351],[-88.39106,42.54886],[-88.38866,42.5468],[-88.38593,42.54437],[-88.37746,42.53817],[-88.3666,42.53129],[-88.36388,42.52962],[-88.36288,42.52901],[-88.35401,42.52361],[-88.35022,42.52128],[-88.34907,42.5202],[-88.34893,42.52007],[-88.34664,42.51935],[-88.34604,42.51908],[-88.34015,42.51652],[-88.33934,42.51638],[-88.3237,42.51648],[-88.31961,42.51649],[-88.31795,42.51649],[-88.31725,42.5165],[-88.31477,42.5165],[-88.31383,42.51651],[-88.31229,42.51653],[-88.30487,42.51653],[-88.30479,42.50926],[-88.30469,42.49832],[-88.30469,42.49477],[-88.30902,42.49477],[-88.31144,42.49476],[-88.31208,42.49476],[-88.31247,42.49476],[-88.31588,42.49476],[-88.31657,42.49476],[-88.31762,42.49475],[-88.3225,42.49475],[-88.3348,42.49473],[-88.33491,42.49473],[-88.33909,42.49473],[-88.35519,42.4947],[-88.41311,42.49462],[-88.4174,42.49462],[-88.41845,42.49462],[-88.42251,42.49462],[-88.43199,42.49462],[-88.44689,42.49462],[-88.4614,42.49462],[-88.47162,42.49468],[-88.50691,42.49488],[-88.54035,42.49492],[-88.55022,42.49494],[-88.55982,42.49495],[-88.58987,42.49498],[-88.59628,42.49499],[-88.597,42.49499],[-88.5994,42.495],[-88.59941,42.495],[-88.6067,42.495],[-88.60737,42.49501],[-88.63865,42.49504],[-88.65848,42.49462],[-88.6585,42.55751],[-88.6585,42.56139]]]}},{"type":"Feature","properties":{"GEOID":"55131400102","NAME":"Census Tract 4001.02","COUNTY":"Washington","ALAND":9281088,"AWATER":176423,"lng":-88.14121,"lat":43.43867,"ALAND_SQMI":3.5834,"nb":["55131400103","55131400104","55131420104","55131420105","55131420300"]},"geometry":{"type":"Polygon","coordinates":[[[-88.16158,43.45494],[-88.14078,43.45455],[-88.14091,43.4486],[-88.1394,43.44855],[-88.1319,43.44519],[-88.13069,43.44476],[-88.11605,43.44449],[-88.11612,43.4372],[-88.11623,43.43005],[-88.11628,43.4263],[-88.11876,43.42632],[-88.12187,43.42636],[-88.12425,43.42639],[-88.13527,43.42658],[-88.14115,43.42673],[-88.14616,43.42673],[-88.14652,43.42673],[-88.14991,43.42673],[-88.15046,43.42673],[-88.15115,43.42673],[-88.1557,43.42675],[-88.1614,43.42676],[-88.16147,43.43403],[-88.16152,43.43766],[-88.16156,43.44112],[-88.16167,43.44853],[-88.16158,43.45494]]]}},{"type":"Feature","properties":{"GEOID":"55131400103","NAME":"Census Tract 4001.03","COUNTY":"Washington","ALAND":94497291,"AWATER":805766,"lng":-88.10096,"lat":43.4985,"ALAND_SQMI":36.4856,"nb":["55039042200","55089610101","55089620100","55117011100","55117011200","55131400102","55131400104","55131410100","55131420104","55131420105"]},"geometry":{"type":"Polygon","coordinates":[[[-88.16163,43.46955],[-88.16146,43.48412],[-88.16072,43.51327],[-88.16087,43.54294],[-88.10042,43.54241],[-88.09929,43.54236],[-88.05094,43.54236],[-88.04964,43.54236],[-88.04053,43.54236],[-88.0405,43.5386],[-88.04074,43.48364],[-88.04079,43.47061],[-88.04076,43.46906],[-88.0407,43.45448],[-88.06074,43.45459],[-88.13985,43.45451],[-88.14078,43.45455],[-88.16158,43.45494],[-88.16163,43.46955]]]}},{"type":"Feature","properties":{"GEOID":"55131400104","NAME":"Census Tract 4001.04","COUNTY":"Washington","ALAND":84452537,"AWATER":0,"lng":-88.09623,"lat":43.40817,"ALAND_SQMI":32.6073,"nb":["55089610101","55089620100","55089650300","55131400102","55131400103","55131420105","55131420107","55131420300","55131450103"]},"geometry":{"type":"Polygon","coordinates":[[[-88.1614,43.42676],[-88.1557,43.42675],[-88.15115,43.42673],[-88.15046,43.42673],[-88.14991,43.42673],[-88.14652,43.42673],[-88.14616,43.42673],[-88.14115,43.42673],[-88.13527,43.42658],[-88.12425,43.42639],[-88.12187,43.42636],[-88.11876,43.42632],[-88.11628,43.4263],[-88.11623,43.43005],[-88.11612,43.4372],[-88.11605,43.44449],[-88.13069,43.44476],[-88.1319,43.44519],[-88.1394,43.44855],[-88.14091,43.4486],[-88.14078,43.45455],[-88.13985,43.45451],[-88.06074,43.45459],[-88.0407,43.45448],[-88.04087,43.43966],[-88.04099,43.43242],[-88.04083,43.43232],[-88.04097,43.42789],[-88.04095,43.42518],[-88.03998,43.36788],[-88.04013,43.36731],[-88.06243,43.36729],[-88.08072,43.36763],[-88.15008,43.36855],[-88.15728,43.36861],[-88.1607,43.36863],[-88.16121,43.36863],[-88.16076,43.37373],[-88.16086,43.37771],[-88.16093,43.3868],[-88.16094,43.38873],[-88.16103,43.39767],[-88.16106,43.4004],[-88.16123,43.41136],[-88.16124,43.41222],[-88.16136,43.42313],[-88.16138,43.42493],[-88.1614,43.42676]]]}},{"type":"Feature","properties":{"GEOID":"55131410100","NAME":"Census Tract 4101","COUNTY":"Washington","ALAND":63053846,"AWATER":30547,"lng":-88.22096,"lat":43.51374,"ALAND_SQMI":24.3452,"nb":["55039042200","55117011100","55131400103","55131420104","55131430100"]},"geometry":{"type":"Polygon","coordinates":[[[-88.2814,43.51439],[-88.28103,43.54284],[-88.27068,43.54286],[-88.26568,43.54287],[-88.24493,43.54289],[-88.23639,43.54292],[-88.16087,43.54294],[-88.16072,43.51327],[-88.16146,43.48412],[-88.22186,43.4845],[-88.28166,43.48517],[-88.2814,43.51439]]]}},{"type":"Feature","properties":{"GEOID":"55131420104","NAME":"Census Tract 4201.04","COUNTY":"Washington","ALAND":53435173,"AWATER":711195,"lng":-88.22952,"lat":43.45412,"ALAND_SQMI":20.6314,"nb":["55131400102","55131400103","55131410100","55131420105","55131420106","55131420107","55131420108","55131420200","55131420402","55131430100"]},"geometry":{"type":"Polygon","coordinates":[[[-88.28214,43.45608],[-88.28166,43.48517],[-88.22186,43.4845],[-88.16146,43.48412],[-88.16163,43.46955],[-88.16158,43.45494],[-88.17758,43.45519],[-88.17857,43.45514],[-88.18167,43.45395],[-88.18167,43.45521],[-88.19074,43.45539],[-88.19549,43.45688],[-88.19737,43.45559],[-88.20114,43.45497],[-88.20251,43.45549],[-88.22151,43.45577],[-88.22131,43.44909],[-88.22125,43.44321],[-88.22119,43.43903],[-88.22112,43.43873],[-88.22096,43.4384],[-88.21854,43.43675],[-88.2172,43.43559],[-88.21616,43.43449],[-88.21614,43.4331],[-88.21604,43.42726],[-88.21108,43.42722],[-88.21109,43.42258],[-88.21048,43.42247],[-88.20717,43.42084],[-88.2011,43.41983],[-88.20111,43.41259],[-88.20103,43.40494],[-88.20094,43.39797],[-88.21092,43.39809],[-88.21456,43.39597],[-88.21833,43.39522],[-88.22052,43.39639],[-88.22278,43.39566],[-88.22327,43.3965],[-88.22346,43.39713],[-88.22428,43.39817],[-88.23079,43.39829],[-88.23107,43.41204],[-88.22656,43.4128],[-88.22606,43.41362],[-88.22604,43.42371],[-88.22604,43.42735],[-88.24046,43.42747],[-88.24518,43.4275],[-88.25132,43.42753],[-88.26123,43.42759],[-88.28171,43.42746],[-88.28199,43.44213],[-88.28214,43.45608]]]}},{"type":"Feature","properties":{"GEOID":"55131420105","NAME":"Census Tract 4201.05","COUNTY":"Washington","ALAND":6505035,"AWATER":434103,"lng":-88.17599,"lat":43.44276,"ALAND_SQMI":2.5116,"nb":["55131400102","55131400103","55131400104","55131420104","55131420106","55131420300","55131420401","55131420402"]},"geometry":{"type":"Polygon","coordinates":[[[-88.19737,43.45559],[-88.19549,43.45688],[-88.19074,43.45539],[-88.18167,43.45521],[-88.18167,43.45395],[-88.17857,43.45514],[-88.17758,43.45519],[-88.16158,43.45494],[-88.16167,43.44853],[-88.16156,43.44112],[-88.16152,43.43766],[-88.16147,43.43403],[-88.1614,43.42676],[-88.17609,43.42675],[-88.17611,43.42776],[-88.17759,43.42775],[-88.17757,43.43073],[-88.18127,43.43073],[-88.17932,43.43404],[-88.18325,43.43367],[-88.18571,43.4337],[-88.18541,43.43409],[-88.19071,43.43416],[-88.19082,43.4414],[-88.18664,43.44132],[-88.18699,43.44211],[-88.19108,43.4473],[-88.19443,43.45129],[-88.19593,43.4524],[-88.20114,43.45497],[-88.19737,43.45559]]]}},{"type":"Feature","properties":{"GEOID":"55131420106","NAME":"Census Tract 4201.06","COUNTY":"Washington","ALAND":5693176,"AWATER":0,"lng":-88.20633,"lat":43.44425,"ALAND_SQMI":2.1981,"nb":["55131420104","55131420105","55131420402"]},"geometry":{"type":"Polygon","coordinates":[[[-88.22151,43.45577],[-88.20251,43.45549],[-88.20114,43.45497],[-88.19593,43.4524],[-88.19443,43.45129],[-88.19108,43.4473],[-88.18699,43.44211],[-88.18664,43.44132],[-88.19082,43.4414],[-88.19071,43.43416],[-88.20119,43.43433],[-88.2027,43.43425],[-88.20753,43.43243],[-88.21316,43.43236],[-88.21431,43.43304],[-88.21614,43.4331],[-88.21616,43.43449],[-88.2172,43.43559],[-88.21854,43.43675],[-88.22096,43.4384],[-88.22112,43.43873],[-88.22119,43.43903],[-88.22125,43.44321],[-88.22131,43.44909],[-88.22151,43.45577]]]}},{"type":"Feature","properties":{"GEOID":"55131420107","NAME":"Census Tract 4201.07","COUNTY":"Washington","ALAND":20549097,"AWATER":1416873,"lng":-88.20348,"lat":43.38275,"ALAND_SQMI":7.9341,"nb":["55131400104","55131420104","55131420108","55131420200","55131420300","55131450103","55131450105"]},"geometry":{"type":"Polygon","coordinates":[[[-88.25783,43.36975],[-88.25606,43.37374],[-88.25468,43.37507],[-88.24896,43.37723],[-88.24669,43.37888],[-88.24123,43.38466],[-88.24061,43.38613],[-88.24098,43.39825],[-88.23223,43.39811],[-88.23079,43.39829],[-88.22428,43.39817],[-88.22346,43.39713],[-88.22327,43.3965],[-88.22278,43.39566],[-88.22052,43.39639],[-88.21833,43.39522],[-88.21456,43.39597],[-88.21092,43.39809],[-88.20094,43.39797],[-88.18099,43.39768],[-88.16817,43.39765],[-88.16103,43.39767],[-88.16094,43.38873],[-88.16093,43.3868],[-88.16086,43.37771],[-88.16076,43.37373],[-88.16121,43.36863],[-88.16152,43.36863],[-88.16764,43.36867],[-88.16977,43.36868],[-88.1811,43.3688],[-88.18169,43.3688],[-88.20116,43.3689],[-88.22797,43.3691],[-88.24126,43.36926],[-88.25644,43.36933],[-88.25783,43.36975]]]}},{"type":"Feature","properties":{"GEOID":"55131420108","NAME":"Census Tract 4201.08","COUNTY":"Washington","ALAND":19590250,"AWATER":3554539,"lng":-88.2581,"lat":43.40208,"ALAND_SQMI":7.5638,"nb":["55131420104","55131420107","55131430100","55131450105"]},"geometry":{"type":"Polygon","coordinates":[[[-88.28171,43.42746],[-88.26123,43.42759],[-88.25132,43.42753],[-88.24518,43.4275],[-88.24046,43.42747],[-88.22604,43.42735],[-88.22604,43.42371],[-88.22606,43.41362],[-88.22656,43.4128],[-88.23107,43.41204],[-88.23079,43.39829],[-88.23223,43.39811],[-88.24098,43.39825],[-88.24061,43.38613],[-88.24123,43.38466],[-88.24669,43.37888],[-88.24896,43.37723],[-88.25468,43.37507],[-88.25606,43.37374],[-88.25783,43.36975],[-88.25802,43.36934],[-88.25812,43.36934],[-88.25954,43.36935],[-88.26223,43.36935],[-88.26398,43.36934],[-88.26856,43.36935],[-88.281,43.36936],[-88.28132,43.39846],[-88.28171,43.42746]]]}},{"type":"Feature","properties":{"GEOID":"55131420200","NAME":"Census Tract 4202","COUNTY":"Washington","ALAND":5300261,"AWATER":0,"lng":-88.19322,"lat":43.4126,"ALAND_SQMI":2.0464,"nb":["55131420104","55131420107","55131420300","55131420401","55131420402"]},"geometry":{"type":"Polygon","coordinates":[[[-88.21108,43.42722],[-88.20112,43.42709],[-88.19683,43.42701],[-88.18878,43.42687],[-88.18865,43.4196],[-88.18363,43.41946],[-88.18106,43.41947],[-88.18103,43.41223],[-88.18118,43.40495],[-88.18099,43.39768],[-88.20094,43.39797],[-88.20103,43.40494],[-88.20111,43.41259],[-88.2011,43.41983],[-88.20717,43.42084],[-88.21048,43.42247],[-88.21109,43.42258],[-88.21108,43.42722]]]}},{"type":"Feature","properties":{"GEOID":"55131420300","NAME":"Census Tract 4203","COUNTY":"Washington","ALAND":4802790,"AWATER":41016,"lng":-88.17061,"lat":43.41138,"ALAND_SQMI":1.8544,"nb":["55131400102","55131400104","55131420105","55131420107","55131420200","55131420401"]},"geometry":{"type":"Polygon","coordinates":[[[-88.18103,43.41223],[-88.18106,43.41947],[-88.17764,43.41866],[-88.17608,43.41803],[-88.17609,43.42675],[-88.1614,43.42676],[-88.16138,43.42493],[-88.16136,43.42313],[-88.16124,43.41222],[-88.16123,43.41136],[-88.16106,43.4004],[-88.16103,43.39767],[-88.16817,43.39765],[-88.18099,43.39768],[-88.18118,43.40495],[-88.18103,43.41223]]]}},{"type":"Feature","properties":{"GEOID":"55131420401","NAME":"Census Tract 4204.01","COUNTY":"Washington","ALAND":1255580,"AWATER":77599,"lng":-88.18223,"lat":43.4255,"ALAND_SQMI":0.4848,"nb":["55131420105","55131420200","55131420300","55131420402"]},"geometry":{"type":"Polygon","coordinates":[[[-88.18878,43.42687],[-88.18628,43.42683],[-88.18632,43.42987],[-88.18649,43.43181],[-88.18571,43.4337],[-88.18325,43.43367],[-88.17932,43.43404],[-88.18127,43.43073],[-88.17757,43.43073],[-88.17759,43.42775],[-88.17611,43.42776],[-88.17609,43.42675],[-88.17608,43.41803],[-88.17764,43.41866],[-88.18106,43.41947],[-88.18363,43.41946],[-88.18865,43.4196],[-88.18878,43.42687]]]}},{"type":"Feature","properties":{"GEOID":"55131420402","NAME":"Census Tract 4204.02","COUNTY":"Washington","ALAND":1745823,"AWATER":0,"lng":-88.20017,"lat":43.43039,"ALAND_SQMI":0.6741,"nb":["55131420104","55131420105","55131420106","55131420200","55131420401"]},"geometry":{"type":"Polygon","coordinates":[[[-88.21614,43.4331],[-88.21431,43.43304],[-88.21316,43.43236],[-88.20753,43.43243],[-88.2027,43.43425],[-88.20119,43.43433],[-88.19071,43.43416],[-88.18541,43.43409],[-88.18571,43.4337],[-88.18649,43.43181],[-88.18632,43.42987],[-88.18628,43.42683],[-88.18878,43.42687],[-88.19683,43.42701],[-88.20112,43.42709],[-88.21108,43.42722],[-88.21604,43.42726],[-88.21614,43.4331]]]}},{"type":"Feature","properties":{"GEOID":"55131430100","NAME":"Census Tract 4301","COUNTY":"Washington","ALAND":185941559,"AWATER":152572,"lng":-88.34118,"lat":43.45637,"ALAND_SQMI":71.7924,"nb":["55027960100","55027961400","55039042200","55131410100","55131420104","55131420108","55131440103","55131440105","55131450105","55131450106"]},"geometry":{"type":"Polygon","coordinates":[[[-88.40118,43.4004],[-88.40068,43.45678],[-88.40049,43.48588],[-88.40048,43.50585],[-88.40071,43.50886],[-88.40071,43.53544],[-88.40061,43.53691],[-88.40043,43.54353],[-88.39105,43.54346],[-88.29088,43.54291],[-88.28103,43.54284],[-88.2814,43.51439],[-88.28166,43.48517],[-88.28214,43.45608],[-88.28199,43.44213],[-88.28171,43.42746],[-88.28132,43.39846],[-88.281,43.36936],[-88.29762,43.36952],[-88.29858,43.36953],[-88.30125,43.36947],[-88.34369,43.36982],[-88.34432,43.36983],[-88.35112,43.36989],[-88.37783,43.37009],[-88.40154,43.37007],[-88.40118,43.4004]]]}},{"type":"Feature","properties":{"GEOID":"55131440103","NAME":"Census Tract 4401.03","COUNTY":"Washington","ALAND":29104912,"AWATER":120955,"lng":-88.38388,"lat":43.3447,"ALAND_SQMI":11.2375,"nb":["55027961400","55027961500","55131430100","55131440104","55131440105","55131440200"]},"geometry":{"type":"Polygon","coordinates":[[[-88.41877,43.34718],[-88.41877,43.34726],[-88.41856,43.36522],[-88.41844,43.37018],[-88.40154,43.37007],[-88.37783,43.37009],[-88.35112,43.36989],[-88.35167,43.36888],[-88.35708,43.3621],[-88.35785,43.36076],[-88.35807,43.35994],[-88.35864,43.34077],[-88.35895,43.33931],[-88.35811,43.33931],[-88.35512,43.3393],[-88.35228,43.33928],[-88.34787,43.33928],[-88.33874,43.33926],[-88.33903,43.32851],[-88.3429,43.32785],[-88.34542,43.32698],[-88.34916,43.32368],[-88.34917,43.32263],[-88.34923,43.31773],[-88.35422,43.31764],[-88.36446,43.31751],[-88.36532,43.31722],[-88.36445,43.3216],[-88.3659,43.32127],[-88.37479,43.32136],[-88.37474,43.32493],[-88.37881,43.32494],[-88.37877,43.3272],[-88.38451,43.32727],[-88.38456,43.32508],[-88.38723,43.32496],[-88.38451,43.32327],[-88.38737,43.32034],[-88.38773,43.31782],[-88.38777,43.31782],[-88.39145,43.31801],[-88.39395,43.31864],[-88.3949,43.31902],[-88.39522,43.31917],[-88.40103,43.32186],[-88.40475,43.32359],[-88.40608,43.3242],[-88.40821,43.32493],[-88.40953,43.32519],[-88.41123,43.32534],[-88.41348,43.32538],[-88.41871,43.32544],[-88.4187,43.33187],[-88.41877,43.34703],[-88.41877,43.34718]]]}},{"type":"Feature","properties":{"GEOID":"55131440104","NAME":"Census Tract 4401.04","COUNTY":"Washington","ALAND":20641978,"AWATER":1093,"lng":-88.38911,"lat":43.30045,"ALAND_SQMI":7.9699,"nb":["55027961500","55131440103","55131440105","55131440106","55131440200"]},"geometry":{"type":"Polygon","coordinates":[[[-88.41871,43.32528],[-88.41871,43.32544],[-88.41348,43.32538],[-88.41123,43.32534],[-88.40953,43.32519],[-88.40821,43.32493],[-88.40608,43.3242],[-88.40475,43.32359],[-88.40103,43.32186],[-88.39522,43.31917],[-88.3949,43.31902],[-88.39395,43.31864],[-88.39145,43.31801],[-88.38777,43.31782],[-88.38773,43.31782],[-88.3839,43.31777],[-88.38395,43.31586],[-88.384,43.31397],[-88.38409,43.31054],[-88.38528,43.30773],[-88.38253,43.3069],[-88.37419,43.30682],[-88.37174,43.3068],[-88.37166,43.31085],[-88.37165,43.31391],[-88.36985,43.3139],[-88.36981,43.31557],[-88.37401,43.31561],[-88.37401,43.31619],[-88.37398,43.31758],[-88.36845,43.31652],[-88.36532,43.31722],[-88.36446,43.31751],[-88.35422,43.31764],[-88.35435,43.31605],[-88.35438,43.30943],[-88.35437,43.30915],[-88.3544,43.30672],[-88.3544,43.30552],[-88.35421,43.30419],[-88.35448,43.30311],[-88.35453,43.2995],[-88.35468,43.28888],[-88.35934,43.28874],[-88.36007,43.28144],[-88.3602,43.28145],[-88.37053,43.28153],[-88.40032,43.28175],[-88.41921,43.28192],[-88.41871,43.32528]]]}},{"type":"Feature","properties":{"GEOID":"55131440105","NAME":"Census Tract 4401.05","COUNTY":"Washington","ALAND":39533955,"AWATER":1891495,"lng":-88.32724,"lat":43.32552,"ALAND_SQMI":15.2641,"nb":["55131430100","55131440103","55131440104","55131440106","55131450106","55131460101"]},"geometry":{"type":"Polygon","coordinates":[[[-88.35934,43.28874],[-88.35468,43.28888],[-88.35453,43.2995],[-88.35448,43.30311],[-88.35421,43.30419],[-88.3544,43.30552],[-88.3544,43.30672],[-88.35437,43.30915],[-88.35438,43.30943],[-88.35435,43.31605],[-88.35422,43.31764],[-88.34923,43.31773],[-88.34917,43.32263],[-88.34916,43.32368],[-88.34542,43.32698],[-88.3429,43.32785],[-88.33903,43.32851],[-88.33874,43.33926],[-88.34787,43.33928],[-88.35228,43.33928],[-88.35512,43.3393],[-88.35811,43.33931],[-88.35895,43.33931],[-88.35864,43.34077],[-88.35807,43.35994],[-88.35785,43.36076],[-88.35708,43.3621],[-88.35167,43.36888],[-88.35112,43.36989],[-88.34432,43.36983],[-88.34369,43.36982],[-88.30125,43.36947],[-88.29858,43.36953],[-88.29878,43.35381],[-88.29905,43.34265],[-88.29916,43.33572],[-88.30165,43.33568],[-88.30172,43.33235],[-88.31923,43.32875],[-88.31933,43.3246],[-88.3194,43.32267],[-88.31946,43.32089],[-88.31955,43.32033],[-88.31898,43.32079],[-88.31902,43.32089],[-88.31663,43.32152],[-88.31663,43.32163],[-88.31409,43.32232],[-88.31351,43.32253],[-88.31055,43.32436],[-88.30969,43.32471],[-88.30936,43.32482],[-88.30724,43.32514],[-88.30438,43.32506],[-88.2994,43.32493],[-88.29948,43.32125],[-88.29958,43.31764],[-88.29968,43.31311],[-88.30043,43.28135],[-88.30055,43.28135],[-88.31946,43.28137],[-88.32019,43.28128],[-88.34092,43.28135],[-88.36007,43.28144],[-88.35934,43.28874]]]}},{"type":"Feature","properties":{"GEOID":"55131440106","NAME":"Census Tract 4401.06","COUNTY":"Washington","ALAND":92607961,"AWATER":1016014,"lng":-88.35955,"lat":43.23753,"ALAND_SQMI":35.7561,"nb":["55027961500","55131440104","55131440105","55131460101","55133203406","55133203501","55133204501"]},"geometry":{"type":"Polygon","coordinates":[[[-88.41921,43.28192],[-88.40032,43.28175],[-88.37053,43.28153],[-88.3602,43.28145],[-88.36007,43.28144],[-88.34092,43.28135],[-88.32019,43.28128],[-88.31946,43.28137],[-88.30055,43.28135],[-88.30069,43.27602],[-88.30119,43.25127],[-88.30105,43.25129],[-88.3008,43.22223],[-88.30008,43.19314],[-88.31057,43.19304],[-88.31989,43.19298],[-88.37929,43.19357],[-88.39925,43.19396],[-88.41401,43.19441],[-88.41686,43.19469],[-88.41799,43.1947],[-88.41828,43.21715],[-88.41866,43.25293],[-88.41921,43.28192]]]}},{"type":"Feature","properties":{"GEOID":"55131440200","NAME":"Census Tract 4402","COUNTY":"Washington","ALAND":2436852,"AWATER":38769,"lng":-88.3777,"lat":43.3167,"ALAND_SQMI":0.9409,"nb":["55131440103","55131440104"]},"geometry":{"type":"Polygon","coordinates":[[[-88.38737,43.32034],[-88.38451,43.32327],[-88.38723,43.32496],[-88.38456,43.32508],[-88.38451,43.32727],[-88.37877,43.3272],[-88.37881,43.32494],[-88.37474,43.32493],[-88.37479,43.32136],[-88.3659,43.32127],[-88.36445,43.3216],[-88.36532,43.31722],[-88.36845,43.31652],[-88.37398,43.31758],[-88.37401,43.31619],[-88.37401,43.31561],[-88.36981,43.31557],[-88.36985,43.3139],[-88.37165,43.31391],[-88.37166,43.31085],[-88.37174,43.3068],[-88.37419,43.30682],[-88.38253,43.3069],[-88.38528,43.30773],[-88.38409,43.31054],[-88.384,43.31397],[-88.38395,43.31586],[-88.3839,43.31777],[-88.38773,43.31782],[-88.38737,43.32034]]]}},{"type":"Feature","properties":{"GEOID":"55131450103","NAME":"Census Tract 4501.03","COUNTY":"Washington","ALAND":55363957,"AWATER":315954,"lng":-88.13143,"lat":43.34594,"ALAND_SQMI":21.3761,"nb":["55089650300","55131400104","55131420107","55131450105","55131450107","55131450108"]},"geometry":{"type":"Polygon","coordinates":[[[-88.2016,43.36757],[-88.20116,43.3689],[-88.18169,43.3688],[-88.1811,43.3688],[-88.16977,43.36868],[-88.16764,43.36867],[-88.16152,43.36863],[-88.16121,43.36863],[-88.1607,43.36863],[-88.15728,43.36861],[-88.15008,43.36855],[-88.08072,43.36763],[-88.06243,43.36729],[-88.06255,43.3588],[-88.06289,43.32232],[-88.14218,43.32353],[-88.14235,43.32353],[-88.14714,43.32362],[-88.14999,43.32366],[-88.16196,43.3239],[-88.16618,43.324],[-88.18038,43.32437],[-88.18226,43.32434],[-88.1829,43.32433],[-88.19149,43.32436],[-88.20139,43.32442],[-88.20116,43.32774],[-88.19861,43.32875],[-88.19668,43.32876],[-88.19675,43.33166],[-88.19763,43.33485],[-88.19772,43.33877],[-88.20141,43.33871],[-88.20149,43.34726],[-88.20149,43.34951],[-88.2016,43.36757]]]}},{"type":"Feature","properties":{"GEOID":"55131450105","NAME":"Census Tract 4501.05","COUNTY":"Washington","ALAND":38513781,"AWATER":634031,"lng":-88.236,"lat":43.34163,"ALAND_SQMI":14.8703,"nb":["55131420107","55131420108","55131430100","55131450103","55131450106","55131450107"]},"geometry":{"type":"Polygon","coordinates":[[[-88.29762,43.36952],[-88.281,43.36936],[-88.26856,43.36935],[-88.26398,43.36934],[-88.26223,43.36935],[-88.25954,43.36935],[-88.25812,43.36934],[-88.25802,43.36934],[-88.25783,43.36975],[-88.25644,43.36933],[-88.24126,43.36926],[-88.22797,43.3691],[-88.20116,43.3689],[-88.2016,43.36757],[-88.20149,43.34951],[-88.20149,43.34726],[-88.20141,43.33871],[-88.19772,43.33877],[-88.19763,43.33485],[-88.19675,43.33166],[-88.19668,43.32876],[-88.19861,43.32875],[-88.20116,43.32774],[-88.20139,43.32442],[-88.2014,43.29151],[-88.20088,43.28905],[-88.20089,43.28834],[-88.20495,43.29149],[-88.23601,43.3139],[-88.25072,43.32449],[-88.27064,43.33905],[-88.2806,43.34631],[-88.28212,43.34765],[-88.28723,43.35366],[-88.29037,43.35789],[-88.29619,43.36746],[-88.29762,43.36952]]]}},{"type":"Feature","properties":{"GEOID":"55131450106","NAME":"Census Tract 4501.06","COUNTY":"Washington","ALAND":40303563,"AWATER":100538,"lng":-88.26587,"lat":43.30908,"ALAND_SQMI":15.5613,"nb":["55131430100","55131440105","55131450105","55131450107","55131460101"]},"geometry":{"type":"Polygon","coordinates":[[[-88.31946,43.32089],[-88.3194,43.32267],[-88.31933,43.3246],[-88.31923,43.32875],[-88.30172,43.33235],[-88.30165,43.33568],[-88.29916,43.33572],[-88.29905,43.34265],[-88.29878,43.35381],[-88.29858,43.36953],[-88.29762,43.36952],[-88.29619,43.36746],[-88.29037,43.35789],[-88.28723,43.35366],[-88.28212,43.34765],[-88.2806,43.34631],[-88.27064,43.33905],[-88.25072,43.32449],[-88.23601,43.3139],[-88.20495,43.29149],[-88.20089,43.28834],[-88.20126,43.28788],[-88.20171,43.28087],[-88.2214,43.28096],[-88.22176,43.28096],[-88.25187,43.28112],[-88.25472,43.28103],[-88.25632,43.28116],[-88.29014,43.28133],[-88.30043,43.28135],[-88.29968,43.31311],[-88.29958,43.31764],[-88.29948,43.32125],[-88.2994,43.32493],[-88.30438,43.32506],[-88.30724,43.32514],[-88.30936,43.32482],[-88.30969,43.32471],[-88.31055,43.32436],[-88.31351,43.32253],[-88.31409,43.32232],[-88.31663,43.32163],[-88.31663,43.32152],[-88.31902,43.32089],[-88.31898,43.32079],[-88.31955,43.32033],[-88.31946,43.32089]]]}},{"type":"Feature","properties":{"GEOID":"55131450107","NAME":"Census Tract 4501.07","COUNTY":"Washington","ALAND":17780896,"AWATER":0,"lng":-88.17825,"lat":43.30289,"ALAND_SQMI":6.8652,"nb":["55131450103","55131450105","55131450106","55131450108","55131460101","55131470100"]},"geometry":{"type":"Polygon","coordinates":[[[-88.20126,43.28788],[-88.20089,43.28834],[-88.20088,43.28905],[-88.2014,43.29151],[-88.20139,43.32442],[-88.19149,43.32436],[-88.1829,43.32433],[-88.18226,43.32434],[-88.18038,43.32437],[-88.16618,43.324],[-88.16196,43.3239],[-88.14999,43.32366],[-88.14714,43.32362],[-88.14235,43.32353],[-88.14543,43.32062],[-88.14717,43.31802],[-88.14899,43.31669],[-88.15049,43.31598],[-88.15408,43.31425],[-88.15821,43.3112],[-88.15908,43.31049],[-88.16142,43.30944],[-88.16202,43.30946],[-88.1638,43.3095],[-88.16148,43.29559],[-88.16125,43.29497],[-88.16019,43.29331],[-88.14729,43.28041],[-88.1507,43.28047],[-88.16234,43.28062],[-88.1685,43.28068],[-88.18166,43.28078],[-88.18881,43.2808],[-88.1889,43.2808],[-88.189,43.28081],[-88.18908,43.28081],[-88.18919,43.28081],[-88.20171,43.28087],[-88.20126,43.28788]]]}},{"type":"Feature","properties":{"GEOID":"55131450108","NAME":"Census Tract 4501.08","COUNTY":"Washington","ALAND":36332638,"AWATER":0,"lng":-88.10966,"lat":43.30118,"ALAND_SQMI":14.0281,"nb":["55089650300","55089660201","55131450103","55131450107","55131470100"]},"geometry":{"type":"Polygon","coordinates":[[[-88.16202,43.30946],[-88.16142,43.30944],[-88.15908,43.31049],[-88.15821,43.3112],[-88.15408,43.31425],[-88.15049,43.31598],[-88.14899,43.31669],[-88.14717,43.31802],[-88.14543,43.32062],[-88.14235,43.32353],[-88.14218,43.32353],[-88.06289,43.32232],[-88.06289,43.30786],[-88.06329,43.27888],[-88.10294,43.27959],[-88.11796,43.27986],[-88.12281,43.27996],[-88.13525,43.28019],[-88.14729,43.28041],[-88.16019,43.29331],[-88.16125,43.29497],[-88.16148,43.29559],[-88.1638,43.3095],[-88.16202,43.30946]]]}},{"type":"Feature","properties":{"GEOID":"55131460101","NAME":"Census Tract 4601.01","COUNTY":"Washington","ALAND":62045387,"AWATER":1004855,"lng":-88.256,"lat":43.24465,"ALAND_SQMI":23.9559,"nb":["55131440105","55131440106","55131450106","55131450107","55131460102","55131470100","55133203406","55133203501"]},"geometry":{"type":"Polygon","coordinates":[[[-88.30119,43.25127],[-88.30069,43.27602],[-88.30055,43.28135],[-88.30043,43.28135],[-88.29014,43.28133],[-88.25632,43.28116],[-88.25472,43.28103],[-88.25187,43.28112],[-88.22176,43.28096],[-88.2214,43.28096],[-88.20171,43.28087],[-88.18919,43.28081],[-88.18908,43.28081],[-88.189,43.28081],[-88.1889,43.2808],[-88.18881,43.2808],[-88.18166,43.28078],[-88.18178,43.27192],[-88.18162,43.27001],[-88.18196,43.27001],[-88.18196,43.26889],[-88.182,43.26526],[-88.182,43.26425],[-88.18181,43.26289],[-88.18189,43.25451],[-88.1821,43.2538],[-88.18217,43.25072],[-88.24185,43.25123],[-88.24186,43.23671],[-88.24188,43.23671],[-88.24188,43.23296],[-88.24186,43.22218],[-88.24155,43.19391],[-88.2418,43.1932],[-88.24183,43.1932],[-88.26617,43.19325],[-88.27225,43.19324],[-88.30008,43.19314],[-88.3008,43.22223],[-88.30105,43.25129],[-88.30119,43.25127]]]}},{"type":"Feature","properties":{"GEOID":"55131460102","NAME":"Census Tract 4601.02","COUNTY":"Washington","ALAND":30804419,"AWATER":412413,"lng":-88.21197,"lat":43.22198,"ALAND_SQMI":11.8937,"nb":["55131460101","55131470100","55133200300","55133203406"]},"geometry":{"type":"Polygon","coordinates":[[[-88.24188,43.23671],[-88.24186,43.23671],[-88.24185,43.25123],[-88.18217,43.25072],[-88.18213,43.2479],[-88.18217,43.23618],[-88.18216,43.22323],[-88.18218,43.22162],[-88.18217,43.2071],[-88.18223,43.19257],[-88.21922,43.19305],[-88.22173,43.19302],[-88.2418,43.1932],[-88.24155,43.19391],[-88.24186,43.22218],[-88.24188,43.23296],[-88.24188,43.23671]]]}},{"type":"Feature","properties":{"GEOID":"55131470100","NAME":"Census Tract 4701","COUNTY":"Washington","ALAND":69334048,"AWATER":104,"lng":-88.13292,"lat":43.24357,"ALAND_SQMI":26.77,"nb":["55089650300","55089660201","55131450107","55131450108","55131460101","55131460102","55131470202","55131470203","55133200101","55133200102","55133200300","55133203406"]},"geometry":{"type":"Polygon","coordinates":[[[-88.18217,43.2071],[-88.18218,43.22162],[-88.18216,43.22323],[-88.18217,43.23618],[-88.18213,43.2479],[-88.18217,43.25072],[-88.1821,43.2538],[-88.18189,43.25451],[-88.18181,43.26289],[-88.182,43.26425],[-88.182,43.26526],[-88.18196,43.26889],[-88.18196,43.27001],[-88.18162,43.27001],[-88.18178,43.27192],[-88.18166,43.28078],[-88.1685,43.28068],[-88.16234,43.28062],[-88.1507,43.28047],[-88.14729,43.28041],[-88.13525,43.28019],[-88.12281,43.27996],[-88.11796,43.27986],[-88.10294,43.27959],[-88.06329,43.27888],[-88.06391,43.23564],[-88.10332,43.23551],[-88.13268,43.23552],[-88.13282,43.22107],[-88.12293,43.22093],[-88.12292,43.20644],[-88.12275,43.19475],[-88.12223,43.19436],[-88.11786,43.19193],[-88.12176,43.19194],[-88.12731,43.192],[-88.13641,43.192],[-88.13834,43.19207],[-88.14268,43.19207],[-88.18223,43.19257],[-88.18217,43.2071]]]}},{"type":"Feature","properties":{"GEOID":"55131470202","NAME":"Census Tract 4702.02","COUNTY":"Washington","ALAND":5120620,"AWATER":0,"lng":-88.11289,"lat":43.20664,"ALAND_SQMI":1.9771,"nb":["55131470100","55131470203","55131470204","55133200102","55133200103"]},"geometry":{"type":"Polygon","coordinates":[[[-88.12293,43.22093],[-88.11793,43.221],[-88.10319,43.22105],[-88.10319,43.22095],[-88.10312,43.21372],[-88.10309,43.20645],[-88.10306,43.19194],[-88.10312,43.19193],[-88.11322,43.1919],[-88.11786,43.19193],[-88.12223,43.19436],[-88.12275,43.19475],[-88.12292,43.20644],[-88.12293,43.22093]]]}},{"type":"Feature","properties":{"GEOID":"55131470203","NAME":"Census Tract 4702.03","COUNTY":"Washington","ALAND":8957865,"AWATER":62391,"lng":-88.09829,"lat":43.22828,"ALAND_SQMI":3.4587,"nb":["55089660201","55131470100","55131470202","55131470204"]},"geometry":{"type":"Polygon","coordinates":[[[-88.13268,43.23552],[-88.10332,43.23551],[-88.06391,43.23564],[-88.06379,43.22112],[-88.10319,43.22095],[-88.10319,43.22105],[-88.11793,43.221],[-88.12293,43.22093],[-88.13282,43.22107],[-88.13268,43.23552]]]}},{"type":"Feature","properties":{"GEOID":"55131470204","NAME":"Census Tract 4702.04","COUNTY":"Washington","ALAND":10375833,"AWATER":159,"lng":-88.08334,"lat":43.2065,"ALAND_SQMI":4.0061,"nb":["55079000201","55089660201","55131470202","55131470203","55133200103","55133200202"]},"geometry":{"type":"Polygon","coordinates":[[[-88.10319,43.22095],[-88.06379,43.22112],[-88.06338,43.19477],[-88.06335,43.19212],[-88.06452,43.19212],[-88.08277,43.19199],[-88.08287,43.19199],[-88.10306,43.19194],[-88.10309,43.20645],[-88.10312,43.21372],[-88.10319,43.22095]]]}},{"type":"Feature","properties":{"GEOID":"55133200101","NAME":"Census Tract 2001.01","COUNTY":"Waukesha","ALAND":4441647,"AWATER":2682,"lng":-88.13398,"lat":43.17896,"ALAND_SQMI":1.7149,"nb":["55131470100","55133200102","55133200201","55133200300"]},"geometry":{"type":"Polygon","coordinates":[[[-88.14365,43.16817],[-88.14283,43.17145],[-88.14234,43.17177],[-88.14212,43.17729],[-88.14319,43.17905],[-88.14268,43.19207],[-88.13834,43.19207],[-88.13641,43.192],[-88.12731,43.192],[-88.12347,43.19048],[-88.12309,43.18988],[-88.12339,43.18362],[-88.1234,43.18168],[-88.1235,43.17797],[-88.12373,43.17028],[-88.13218,43.17018],[-88.13361,43.17017],[-88.13386,43.16293],[-88.14386,43.16275],[-88.14365,43.16817]]]}},{"type":"Feature","properties":{"GEOID":"55133200102","NAME":"Census Tract 2001.02","COUNTY":"Waukesha","ALAND":3933673,"AWATER":42422,"lng":-88.1134,"lat":43.18119,"ALAND_SQMI":1.5188,"nb":["55131470100","55131470202","55133200101","55133200103","55133200201"]},"geometry":{"type":"Polygon","coordinates":[[[-88.12731,43.192],[-88.12176,43.19194],[-88.11786,43.19193],[-88.11322,43.1919],[-88.10312,43.19193],[-88.1033,43.18683],[-88.10199,43.1832],[-88.10358,43.17918],[-88.10373,43.17023],[-88.1144,43.17026],[-88.1156,43.17027],[-88.12373,43.17028],[-88.1235,43.17797],[-88.1234,43.18168],[-88.12339,43.18362],[-88.12309,43.18988],[-88.12347,43.19048],[-88.12731,43.192]]]}},{"type":"Feature","properties":{"GEOID":"55133200103","NAME":"Census Tract 2001.03","COUNTY":"Waukesha","ALAND":5407742,"AWATER":45443,"lng":-88.09236,"lat":43.17726,"ALAND_SQMI":2.0879,"nb":["55131470202","55131470204","55133200102","55133200201","55133200202"]},"geometry":{"type":"Polygon","coordinates":[[[-88.10373,43.17023],[-88.10358,43.17918],[-88.10199,43.1832],[-88.1033,43.18683],[-88.10312,43.19193],[-88.10306,43.19194],[-88.08287,43.19199],[-88.08084,43.18935],[-88.07934,43.18353],[-88.08354,43.18337],[-88.0839,43.17427],[-88.08405,43.17327],[-88.08384,43.17186],[-88.08395,43.16723],[-88.08426,43.1555],[-88.09234,43.16127],[-88.10383,43.16933],[-88.10373,43.17023]]]}},{"type":"Feature","properties":{"GEOID":"55133200201","NAME":"Census Tract 2002.01","COUNTY":"Waukesha","ALAND":5863588,"AWATER":35099,"lng":-88.11901,"lat":43.15933,"ALAND_SQMI":2.2639,"nb":["55133200101","55133200102","55133200103","55133200202","55133200300","55133200400"]},"geometry":{"type":"Polygon","coordinates":[[[-88.1341,43.15567],[-88.13386,43.16293],[-88.13361,43.17017],[-88.13218,43.17018],[-88.12373,43.17028],[-88.1156,43.17027],[-88.1144,43.17026],[-88.10373,43.17023],[-88.10383,43.16933],[-88.10384,43.16737],[-88.10432,43.15023],[-88.10438,43.14835],[-88.12428,43.14849],[-88.13432,43.14837],[-88.1341,43.15567]]]}},{"type":"Feature","properties":{"GEOID":"55133200202","NAME":"Census Tract 2002.02","COUNTY":"Waukesha","ALAND":9977367,"AWATER":192072,"lng":-88.07918,"lat":43.16633,"ALAND_SQMI":3.8523,"nb":["55079000201","55079000202","55079000301","55089660201","55131470204","55133200103","55133200201","55133200400"]},"geometry":{"type":"Polygon","coordinates":[[[-88.10432,43.15023],[-88.10384,43.16737],[-88.10383,43.16933],[-88.09234,43.16127],[-88.08426,43.1555],[-88.08395,43.16723],[-88.08384,43.17186],[-88.08405,43.17327],[-88.0839,43.17427],[-88.08354,43.18337],[-88.07934,43.18353],[-88.08084,43.18935],[-88.08287,43.19199],[-88.08277,43.19199],[-88.06452,43.19212],[-88.06335,43.19212],[-88.0634,43.19002],[-88.06367,43.17684],[-88.0641,43.17368],[-88.06428,43.16249],[-88.06432,43.16041],[-88.0645,43.14868],[-88.0644,43.14799],[-88.08456,43.14852],[-88.08476,43.14852],[-88.09436,43.14848],[-88.10438,43.14835],[-88.10432,43.15023]]]}},{"type":"Feature","properties":{"GEOID":"55133200300","NAME":"Census Tract 2003","COUNTY":"Waukesha","ALAND":34758349,"AWATER":484976,"lng":-88.16091,"lat":43.14716,"ALAND_SQMI":13.4203,"nb":["55131460102","55131470100","55133200101","55133200201","55133200400","55133200500","55133200801","55133200803","55133203403","55133203404","55133203406"]},"geometry":{"type":"Polygon","coordinates":[[[-88.18522,43.11733],[-88.1851,43.12022],[-88.18454,43.1333],[-88.18453,43.13368],[-88.18433,43.13879],[-88.18414,43.13923],[-88.18425,43.13936],[-88.18405,43.14534],[-88.18394,43.14816],[-88.1837,43.15543],[-88.18329,43.16626],[-88.18286,43.17715],[-88.18223,43.19257],[-88.14268,43.19207],[-88.14319,43.17905],[-88.14212,43.17729],[-88.14234,43.17177],[-88.14283,43.17145],[-88.14365,43.16817],[-88.14386,43.16275],[-88.13386,43.16293],[-88.1341,43.15567],[-88.13432,43.14837],[-88.13594,43.14834],[-88.13964,43.14828],[-88.14191,43.14824],[-88.14229,43.13371],[-88.1348,43.13376],[-88.13507,43.1192],[-88.13552,43.10462],[-88.15826,43.10469],[-88.16028,43.10514],[-88.16518,43.10463],[-88.1723,43.10461],[-88.1703,43.10543],[-88.16995,43.10631],[-88.17317,43.10829],[-88.18545,43.11025],[-88.18522,43.11733]]]}},{"type":"Feature","properties":{"GEOID":"55133200400","NAME":"Census Tract 2004","COUNTY":"Waukesha","ALAND":19226300,"AWATER":201448,"lng":-88.1019,"lat":43.13416,"ALAND_SQMI":7.4233,"nb":["55079000202","55079000301","55079000501","55133200201","55133200202","55133200300","55133200500","55133200600"]},"geometry":{"type":"Polygon","coordinates":[[[-88.14191,43.14824],[-88.13964,43.14828],[-88.13594,43.14834],[-88.13432,43.14837],[-88.12428,43.14849],[-88.10438,43.14835],[-88.09436,43.14848],[-88.08476,43.14852],[-88.08456,43.14852],[-88.0644,43.14799],[-88.06562,43.12542],[-88.0656,43.1245],[-88.06559,43.12068],[-88.06558,43.1191],[-88.0771,43.11918],[-88.07713,43.1185],[-88.07997,43.11891],[-88.08548,43.11903],[-88.09035,43.11915],[-88.10528,43.11913],[-88.11276,43.11926],[-88.11668,43.11926],[-88.13507,43.1192],[-88.1348,43.13376],[-88.14229,43.13371],[-88.14191,43.14824]]]}},{"type":"Feature","properties":{"GEOID":"55133200500","NAME":"Census Tract 2005","COUNTY":"Waukesha","ALAND":7633215,"AWATER":70511,"lng":-88.10609,"lat":43.1119,"ALAND_SQMI":2.9472,"nb":["55133200300","55133200400","55133200600","55133200700","55133200803"]},"geometry":{"type":"Polygon","coordinates":[[[-88.13507,43.1192],[-88.11668,43.11926],[-88.11276,43.11926],[-88.10528,43.11913],[-88.09035,43.11915],[-88.08548,43.11903],[-88.07997,43.11891],[-88.07713,43.1185],[-88.07723,43.11559],[-88.07552,43.11559],[-88.07646,43.11201],[-88.07584,43.10834],[-88.07708,43.10834],[-88.07722,43.10475],[-88.07746,43.10471],[-88.08605,43.10469],[-88.09347,43.10468],[-88.10559,43.10466],[-88.10562,43.10466],[-88.1256,43.10466],[-88.13436,43.10463],[-88.13552,43.10462],[-88.13507,43.1192]]]}},{"type":"Feature","properties":{"GEOID":"55133200600","NAME":"Census Tract 2006","COUNTY":"Waukesha","ALAND":2024156,"AWATER":27341,"lng":-88.0713,"lat":43.10846,"ALAND_SQMI":0.7815,"nb":["55079000400","55079000501","55079090100","55133200400","55133200500","55133200700"]},"geometry":{"type":"Polygon","coordinates":[[[-88.07722,43.10475],[-88.07708,43.10834],[-88.07584,43.10834],[-88.07646,43.11201],[-88.07552,43.11559],[-88.07723,43.11559],[-88.07713,43.1185],[-88.0771,43.11918],[-88.06558,43.1191],[-88.06567,43.11689],[-88.06598,43.10596],[-88.06602,43.10422],[-88.06614,43.09829],[-88.07123,43.0984],[-88.07125,43.09643],[-88.0763,43.09663],[-88.0761,43.10464],[-88.07746,43.10471],[-88.07722,43.10475]]]}},{"type":"Feature","properties":{"GEOID":"55133200700","NAME":"Census Tract 2007","COUNTY":"Waukesha","ALAND":7457472,"AWATER":20658,"lng":-88.09768,"lat":43.09676,"ALAND_SQMI":2.8793,"nb":["55079090100","55079090200","55133200500","55133200600","55133200803","55133200901","55133200902"]},"geometry":{"type":"Polygon","coordinates":[[[-88.1256,43.10466],[-88.10562,43.10466],[-88.10559,43.10466],[-88.09347,43.10468],[-88.08605,43.10469],[-88.07746,43.10471],[-88.0761,43.10464],[-88.0763,43.09663],[-88.07125,43.09643],[-88.07123,43.0984],[-88.06614,43.09829],[-88.06627,43.08897],[-88.06627,43.08881],[-88.06701,43.0888],[-88.08659,43.0896],[-88.10586,43.08959],[-88.11561,43.08989],[-88.12564,43.08994],[-88.1256,43.10466]]]}},{"type":"Feature","properties":{"GEOID":"55133200801","NAME":"Census Tract 2008.01","COUNTY":"Waukesha","ALAND":13728046,"AWATER":294394,"lng":-88.18263,"lat":43.07982,"ALAND_SQMI":5.3004,"nb":["55133200300","55133200803","55133200804","55133201201","55133201205","55133203304","55133203307","55133203308","55133203404"]},"geometry":{"type":"Polygon","coordinates":[[[-88.20585,43.06424],[-88.20026,43.07179],[-88.1927,43.08147],[-88.19273,43.08258],[-88.19267,43.08531],[-88.19575,43.09027],[-88.19827,43.0975],[-88.20097,43.1047],[-88.18601,43.10464],[-88.18567,43.1047],[-88.18545,43.11025],[-88.17317,43.10829],[-88.16995,43.10631],[-88.1703,43.10543],[-88.1723,43.10461],[-88.17453,43.10247],[-88.17504,43.09967],[-88.17696,43.09695],[-88.17814,43.09608],[-88.17818,43.09555],[-88.17795,43.09506],[-88.17685,43.09508],[-88.17626,43.09357],[-88.17655,43.09281],[-88.17576,43.09271],[-88.17527,43.09191],[-88.17236,43.09171],[-88.17082,43.09082],[-88.16876,43.08997],[-88.16483,43.09029],[-88.16408,43.08855],[-88.16396,43.08839],[-88.16055,43.08627],[-88.1623,43.08415],[-88.16157,43.08319],[-88.16137,43.08224],[-88.16276,43.08145],[-88.16197,43.08033],[-88.16345,43.07968],[-88.16189,43.07834],[-88.1623,43.07732],[-88.16375,43.077],[-88.16462,43.07527],[-88.16557,43.07564],[-88.16262,43.07314],[-88.16311,43.07094],[-88.15819,43.0693],[-88.15867,43.06798],[-88.16153,43.06613],[-88.16141,43.06536],[-88.16317,43.06423],[-88.16394,43.06139],[-88.16633,43.06138],[-88.16969,43.06123],[-88.17467,43.05974],[-88.18339,43.05771],[-88.18586,43.05754],[-88.19088,43.05828],[-88.19434,43.05756],[-88.19789,43.05495],[-88.20198,43.05693],[-88.20583,43.05883],[-88.20584,43.062],[-88.20585,43.06424]]]}},{"type":"Feature","properties":{"GEOID":"55133200803","NAME":"Census Tract 2008.03","COUNTY":"Waukesha","ALAND":9059307,"AWATER":78557,"lng":-88.14629,"lat":43.09323,"ALAND_SQMI":3.4978,"nb":["55133200300","55133200500","55133200700","55133200801","55133200804","55133200902"]},"geometry":{"type":"Polygon","coordinates":[[[-88.17814,43.09608],[-88.17696,43.09695],[-88.17504,43.09967],[-88.17453,43.10247],[-88.1723,43.10461],[-88.16518,43.10463],[-88.16028,43.10514],[-88.15826,43.10469],[-88.13552,43.10462],[-88.13436,43.10463],[-88.1256,43.10466],[-88.12564,43.08994],[-88.12572,43.07918],[-88.12579,43.07558],[-88.14589,43.07596],[-88.14602,43.09046],[-88.1554,43.0903],[-88.16045,43.08937],[-88.16045,43.08962],[-88.16396,43.08839],[-88.16408,43.08855],[-88.16483,43.09029],[-88.16876,43.08997],[-88.17082,43.09082],[-88.17236,43.09171],[-88.17527,43.09191],[-88.17576,43.09271],[-88.17655,43.09281],[-88.17626,43.09357],[-88.17685,43.09508],[-88.17795,43.09506],[-88.17818,43.09555],[-88.17814,43.09608]]]}},{"type":"Feature","properties":{"GEOID":"55133200804","NAME":"Census Tract 2008.04","COUNTY":"Waukesha","ALAND":6815737,"AWATER":91071,"lng":-88.14707,"lat":43.07294,"ALAND_SQMI":2.6316,"nb":["55133200801","55133200803","55133200902","55133201101","55133201205"]},"geometry":{"type":"Polygon","coordinates":[[[-88.16462,43.07527],[-88.16375,43.077],[-88.1623,43.07732],[-88.16189,43.07834],[-88.16345,43.07968],[-88.16197,43.08033],[-88.16276,43.08145],[-88.16137,43.08224],[-88.16157,43.08319],[-88.1623,43.08415],[-88.16055,43.08627],[-88.16396,43.08839],[-88.16045,43.08962],[-88.16045,43.08937],[-88.1554,43.0903],[-88.14602,43.09046],[-88.14589,43.07596],[-88.12579,43.07558],[-88.12595,43.06649],[-88.12604,43.06217],[-88.12618,43.06087],[-88.14597,43.06133],[-88.16394,43.06139],[-88.16317,43.06423],[-88.16141,43.06536],[-88.16153,43.06613],[-88.15867,43.06798],[-88.15819,43.0693],[-88.16311,43.07094],[-88.16262,43.07314],[-88.16557,43.07564],[-88.16462,43.07527]]]}},{"type":"Feature","properties":{"GEOID":"55133200901","NAME":"Census Tract 2009.01","COUNTY":"Waukesha","ALAND":7597686,"AWATER":166995,"lng":-88.083,"lat":43.07726,"ALAND_SQMI":2.9335,"nb":["55079090200","55079090300","55079185300","55133200700","55133200902","55133201002"]},"geometry":{"type":"Polygon","coordinates":[[[-88.10593,43.07864],[-88.10586,43.08959],[-88.08659,43.0896],[-88.06701,43.0888],[-88.06627,43.08881],[-88.0666,43.07446],[-88.06673,43.06724],[-88.06682,43.05994],[-88.08643,43.0605],[-88.08645,43.07514],[-88.10594,43.07503],[-88.10593,43.07864]]]}},{"type":"Feature","properties":{"GEOID":"55133200902","NAME":"Census Tract 2009.02","COUNTY":"Waukesha","ALAND":7735773,"AWATER":91389,"lng":-88.10938,"lat":43.07274,"ALAND_SQMI":2.9868,"nb":["55133200700","55133200803","55133200804","55133200901","55133201002","55133201101","55133201205"]},"geometry":{"type":"Polygon","coordinates":[[[-88.12604,43.06217],[-88.12595,43.06649],[-88.12579,43.07558],[-88.12572,43.07918],[-88.12564,43.08994],[-88.11561,43.08989],[-88.10586,43.08959],[-88.10593,43.07864],[-88.10594,43.07503],[-88.08645,43.07514],[-88.08643,43.0605],[-88.08861,43.06047],[-88.09576,43.06041],[-88.0963,43.06045],[-88.10621,43.06045],[-88.10946,43.06049],[-88.12618,43.06087],[-88.12604,43.06217]]]}},{"type":"Feature","properties":{"GEOID":"55133201001","NAME":"Census Tract 2010.01","COUNTY":"Waukesha","ALAND":3100549,"AWATER":11858,"lng":-88.08495,"lat":43.04075,"ALAND_SQMI":1.1971,"nb":["55079090600","55133201002","55133201101","55133201102"]},"geometry":{"type":"Polygon","coordinates":[[[-88.10677,43.03692],[-88.10426,43.03724],[-88.1042,43.04142],[-88.10162,43.04154],[-88.09991,43.04347],[-88.09987,43.04573],[-88.09659,43.0458],[-88.08373,43.04571],[-88.08115,43.04567],[-88.08042,43.04566],[-88.0669,43.04546],[-88.06694,43.03644],[-88.07707,43.03581],[-88.08684,43.03615],[-88.09481,43.03676],[-88.09673,43.03661],[-88.10154,43.03592],[-88.10683,43.03593],[-88.10677,43.03692]]]}},{"type":"Feature","properties":{"GEOID":"55133201002","NAME":"Census Tract 2010.02","COUNTY":"Waukesha","ALAND":5534455,"AWATER":35716,"lng":-88.08775,"lat":43.05253,"ALAND_SQMI":2.1369,"nb":["55079090300","55079090600","55079185300","55133200901","55133200902","55133201001","55133201101"]},"geometry":{"type":"Polygon","coordinates":[[[-88.10946,43.06049],[-88.10621,43.06045],[-88.0963,43.06045],[-88.09576,43.06041],[-88.08861,43.06047],[-88.08643,43.0605],[-88.06682,43.05994],[-88.06684,43.05929],[-88.06686,43.05268],[-88.06688,43.04905],[-88.0669,43.04548],[-88.0669,43.04546],[-88.08042,43.04566],[-88.08115,43.04567],[-88.08373,43.04571],[-88.09659,43.0458],[-88.09987,43.04573],[-88.09991,43.04347],[-88.10162,43.04154],[-88.1042,43.04142],[-88.10426,43.03724],[-88.10677,43.03692],[-88.10627,43.03874],[-88.10583,43.05316],[-88.10588,43.0553],[-88.10623,43.05583],[-88.10876,43.05841],[-88.10946,43.06049]]]}},{"type":"Feature","properties":{"GEOID":"55133201101","NAME":"Census Tract 2011.01","COUNTY":"Waukesha","ALAND":9920058,"AWATER":136927,"lng":-88.11265,"lat":43.03692,"ALAND_SQMI":3.8302,"nb":["55133200804","55133200902","55133201001","55133201002","55133201102","55133201203","55133201205","55133201300","55133201403"]},"geometry":{"type":"Polygon","coordinates":[[[-88.127,43.028],[-88.12701,43.03635],[-88.12644,43.05363],[-88.12618,43.06087],[-88.10946,43.06049],[-88.10876,43.05841],[-88.10623,43.05583],[-88.10588,43.0553],[-88.10583,43.05316],[-88.10627,43.03874],[-88.10677,43.03692],[-88.10683,43.03593],[-88.10154,43.03592],[-88.09673,43.03661],[-88.09481,43.03676],[-88.08684,43.03615],[-88.08699,43.02595],[-88.09524,43.0245],[-88.10692,43.02435],[-88.10701,43.01667],[-88.12703,43.01692],[-88.127,43.028]]]}},{"type":"Feature","properties":{"GEOID":"55133201102","NAME":"Census Tract 2011.02","COUNTY":"Waukesha","ALAND":4930999,"AWATER":51000,"lng":-88.08278,"lat":43.02462,"ALAND_SQMI":1.9039,"nb":["55079090600","55079100800","55079100900","55133201001","55133201101","55133201402","55133201403"]},"geometry":{"type":"Polygon","coordinates":[[[-88.10692,43.02435],[-88.09524,43.0245],[-88.08699,43.02595],[-88.08684,43.03615],[-88.07707,43.03581],[-88.06694,43.03644],[-88.06699,43.03088],[-88.06715,43.02184],[-88.06725,43.0164],[-88.06827,43.01637],[-88.083,43.01649],[-88.08714,43.01651],[-88.10701,43.01667],[-88.10692,43.02435]]]}},{"type":"Feature","properties":{"GEOID":"55133201201","NAME":"Census Tract 2012.01","COUNTY":"Waukesha","ALAND":6011094,"AWATER":193849,"lng":-88.1829,"lat":43.04934,"ALAND_SQMI":2.3209,"nb":["55133200801","55133201204","55133201205","55133202901","55133202902","55133203000","55133203307","55133203308"]},"geometry":{"type":"Polygon","coordinates":[[[-88.20607,43.05578],[-88.20583,43.05883],[-88.20198,43.05693],[-88.19789,43.05495],[-88.19434,43.05756],[-88.19088,43.05828],[-88.18586,43.05754],[-88.18339,43.05771],[-88.17467,43.05974],[-88.16969,43.06123],[-88.16633,43.06138],[-88.16637,43.05926],[-88.16647,43.05412],[-88.16655,43.04683],[-88.16686,43.03853],[-88.16692,43.03603],[-88.16696,43.03323],[-88.17205,43.03446],[-88.17379,43.03535],[-88.17715,43.03861],[-88.17925,43.03988],[-88.18586,43.04187],[-88.20087,43.046],[-88.20789,43.04793],[-88.20607,43.05578]]]}},{"type":"Feature","properties":{"GEOID":"55133201203","NAME":"Census Tract 2012.03","COUNTY":"Waukesha","ALAND":6068693,"AWATER":53941,"lng":-88.13634,"lat":43.03663,"ALAND_SQMI":2.3431,"nb":["55133201101","55133201204","55133201205","55133201300","55133201403"]},"geometry":{"type":"Polygon","coordinates":[[[-88.14683,43.02862],[-88.14681,43.03204],[-88.14675,43.03605],[-88.14665,43.04003],[-88.14656,43.0431],[-88.14652,43.04489],[-88.14645,43.04672],[-88.1462,43.05404],[-88.12644,43.05363],[-88.12701,43.03635],[-88.127,43.028],[-88.12703,43.01692],[-88.13682,43.01701],[-88.13686,43.02032],[-88.14661,43.02429],[-88.14697,43.02433],[-88.14683,43.02862]]]}},{"type":"Feature","properties":{"GEOID":"55133201204","NAME":"Census Tract 2012.04","COUNTY":"Waukesha","ALAND":3885239,"AWATER":14482,"lng":-88.15507,"lat":43.02581,"ALAND_SQMI":1.5001,"nb":["55133201201","55133201203","55133201205","55133201300","55133202902"]},"geometry":{"type":"Polygon","coordinates":[[[-88.16692,43.03603],[-88.14675,43.03605],[-88.14681,43.03204],[-88.14683,43.02862],[-88.14697,43.02433],[-88.14661,43.02429],[-88.13686,43.02032],[-88.13682,43.01701],[-88.14677,43.01717],[-88.14888,43.01712],[-88.15153,43.01714],[-88.16011,43.01719],[-88.16641,43.01716],[-88.16662,43.01789],[-88.16667,43.01925],[-88.16673,43.02089],[-88.16684,43.02468],[-88.16696,43.03323],[-88.16692,43.03603]]]}},{"type":"Feature","properties":{"GEOID":"55133201205","NAME":"Census Tract 2012.05","COUNTY":"Waukesha","ALAND":5900195,"AWATER":43412,"lng":-88.15204,"lat":43.05064,"ALAND_SQMI":2.2781,"nb":["55133200801","55133200804","55133200902","55133201101","55133201201","55133201203","55133201204"]},"geometry":{"type":"Polygon","coordinates":[[[-88.16686,43.03853],[-88.16655,43.04683],[-88.16647,43.05412],[-88.16637,43.05926],[-88.16633,43.06138],[-88.16394,43.06139],[-88.14597,43.06133],[-88.12618,43.06087],[-88.12644,43.05363],[-88.1462,43.05404],[-88.14645,43.04672],[-88.14652,43.04489],[-88.14656,43.0431],[-88.14665,43.04003],[-88.14675,43.03605],[-88.16692,43.03603],[-88.16686,43.03853]]]}},{"type":"Feature","properties":{"GEOID":"55133201300","NAME":"Census Tract 2013","COUNTY":"Waukesha","ALAND":20010283,"AWATER":407363,"lng":-88.1595,"lat":42.99835,"ALAND_SQMI":7.726,"nb":["55133201101","55133201203","55133201204","55133201403","55133201404","55133201505","55133201600","55133202400","55133202500","55133202902"]},"geometry":{"type":"Polygon","coordinates":[[[-88.20142,42.99656],[-88.19956,42.99987],[-88.19939,43.00303],[-88.19681,43.00302],[-88.19337,43.00258],[-88.18781,43.00018],[-88.18698,42.99979],[-88.18677,43.00417],[-88.1867,43.00581],[-88.18654,43.00969],[-88.18637,43.01401],[-88.17557,43.01388],[-88.17173,43.01428],[-88.16641,43.01716],[-88.16011,43.01719],[-88.15153,43.01714],[-88.14888,43.01712],[-88.14677,43.01717],[-88.13682,43.01701],[-88.12703,43.01692],[-88.12726,43.00985],[-88.12761,43.00245],[-88.12797,42.99428],[-88.12801,42.99404],[-88.12834,42.98072],[-88.18312,42.98107],[-88.18739,42.98373],[-88.18957,42.98506],[-88.19278,42.98706],[-88.19371,42.98782],[-88.19971,42.99497],[-88.19974,42.995],[-88.20008,42.99548],[-88.20142,42.99656]]]}},{"type":"Feature","properties":{"GEOID":"55133201402","NAME":"Census Tract 2014.02","COUNTY":"Waukesha","ALAND":5274340,"AWATER":14895,"lng":-88.07802,"lat":43.00201,"ALAND_SQMI":2.0364,"nb":["55079100800","55079100900","55079101000","55133201102","55133201403","55133201404","55133201506","55133201508"]},"geometry":{"type":"Polygon","coordinates":[[[-88.08836,42.98909],[-88.08821,42.99551],[-88.08805,43.00285],[-88.08771,43.00995],[-88.0874,43.01569],[-88.08714,43.01651],[-88.083,43.01649],[-88.06827,43.01637],[-88.06725,43.0164],[-88.06746,43.01001],[-88.0675,43.00704],[-88.06774,43.00282],[-88.0678,42.99995],[-88.06803,42.99549],[-88.06833,42.98823],[-88.07584,42.98819],[-88.07831,42.98813],[-88.0803,42.98772],[-88.08843,42.98569],[-88.08836,42.98909]]]}},{"type":"Feature","properties":{"GEOID":"55133201403","NAME":"Census Tract 2014.03","COUNTY":"Waukesha","ALAND":4949315,"AWATER":39573,"lng":-88.10772,"lat":43.00975,"ALAND_SQMI":1.9109,"nb":["55133201101","55133201102","55133201203","55133201300","55133201402","55133201404"]},"geometry":{"type":"Polygon","coordinates":[[[-88.12726,43.00985],[-88.12703,43.01692],[-88.10701,43.01667],[-88.08714,43.01651],[-88.0874,43.01569],[-88.08771,43.00995],[-88.08805,43.00285],[-88.09903,43.00282],[-88.10303,43.00343],[-88.10617,43.00328],[-88.10829,43.00277],[-88.12761,43.00245],[-88.12726,43.00985]]]}},{"type":"Feature","properties":{"GEOID":"55133201404","NAME":"Census Tract 2014.04","COUNTY":"Waukesha","ALAND":7495905,"AWATER":48194,"lng":-88.10877,"lat":42.99224,"ALAND_SQMI":2.8942,"nb":["55133201300","55133201402","55133201403","55133201505","55133201506","55133201508","55133201600"]},"geometry":{"type":"Polygon","coordinates":[[[-88.12801,42.99404],[-88.12797,42.99428],[-88.12761,43.00245],[-88.10829,43.00277],[-88.10617,43.00328],[-88.10303,43.00343],[-88.09903,43.00282],[-88.08805,43.00285],[-88.08821,42.99551],[-88.08836,42.98909],[-88.08843,42.98569],[-88.09925,42.98279],[-88.09959,42.98265],[-88.10262,42.98056],[-88.10848,42.98091],[-88.12834,42.98072],[-88.12801,42.99404]]]}},{"type":"Feature","properties":{"GEOID":"55133201504","NAME":"Census Tract 2015.04","COUNTY":"Waukesha","ALAND":6550035,"AWATER":119440,"lng":-88.07906,"lat":42.9399,"ALAND_SQMI":2.529,"nb":["55079120101","55079130100","55079130200","55079150301","55133201506","55133201507","55133201703","55133201800","55133201900"]},"geometry":{"type":"Polygon","coordinates":[[[-88.08937,42.94432],[-88.0892,42.95879],[-88.0798,42.95885],[-88.06925,42.95918],[-88.06929,42.95237],[-88.06938,42.94453],[-88.0695,42.92995],[-88.06959,42.92381],[-88.06959,42.92195],[-88.07109,42.92147],[-88.07605,42.91893],[-88.08071,42.91651],[-88.08679,42.91813],[-88.08649,42.92028],[-88.08869,42.92071],[-88.08879,42.92421],[-88.08156,42.92443],[-88.08015,42.92603],[-88.07872,42.92601],[-88.07783,42.92791],[-88.07781,42.92992],[-88.08925,42.92988],[-88.08937,42.94432]]]}},{"type":"Feature","properties":{"GEOID":"55133201505","NAME":"Census Tract 2015.05","COUNTY":"Waukesha","ALAND":6165463,"AWATER":16038,"lng":-88.1193,"lat":42.96345,"ALAND_SQMI":2.3805,"nb":["55133201300","55133201404","55133201506","55133201600"]},"geometry":{"type":"Polygon","coordinates":[[[-88.12884,42.94447],[-88.12864,42.96441],[-88.12834,42.98072],[-88.10848,42.98091],[-88.1086,42.97604],[-88.1086,42.97459],[-88.10885,42.96714],[-88.10907,42.95441],[-88.10932,42.95351],[-88.10904,42.95257],[-88.12263,42.94391],[-88.12566,42.94225],[-88.12886,42.94105],[-88.12884,42.94447]]]}},{"type":"Feature","properties":{"GEOID":"55133201506","NAME":"Census Tract 2015.06","COUNTY":"Waukesha","ALAND":12516802,"AWATER":158743,"lng":-88.1038,"lat":42.95184,"ALAND_SQMI":4.8328,"nb":["55133201402","55133201404","55133201504","55133201505","55133201507","55133201508","55133201600","55133201800"]},"geometry":{"type":"Polygon","coordinates":[[[-88.13861,42.93007],[-88.12888,42.935],[-88.12886,42.94105],[-88.12566,42.94225],[-88.12263,42.94391],[-88.10904,42.95257],[-88.10932,42.95351],[-88.10907,42.95441],[-88.10885,42.96714],[-88.1086,42.97459],[-88.1086,42.97604],[-88.10848,42.98091],[-88.10262,42.98056],[-88.09959,42.98265],[-88.09925,42.98279],[-88.08843,42.98569],[-88.0886,42.97796],[-88.08871,42.97352],[-88.0888,42.97095],[-88.08897,42.96618],[-88.0892,42.95879],[-88.08937,42.94432],[-88.08925,42.92988],[-88.12593,42.92999],[-88.13208,42.92999],[-88.13334,42.93009],[-88.13865,42.92998],[-88.13861,42.93007]]]}},{"type":"Feature","properties":{"GEOID":"55133201507","NAME":"Census Tract 2015.07","COUNTY":"Waukesha","ALAND":3404989,"AWATER":7063,"lng":-88.07885,"lat":42.9684,"ALAND_SQMI":1.3147,"nb":["55079120101","55079120102","55133201504","55133201506","55133201508"]},"geometry":{"type":"Polygon","coordinates":[[[-88.08897,42.96618],[-88.0888,42.97095],[-88.08871,42.97352],[-88.0886,42.97796],[-88.08665,42.97715],[-88.08432,42.97743],[-88.08374,42.97759],[-88.07819,42.97765],[-88.07309,42.97782],[-88.06866,42.97983],[-88.06889,42.97367],[-88.0691,42.96639],[-88.06925,42.95918],[-88.0798,42.95885],[-88.0892,42.95879],[-88.08897,42.96618]]]}},{"type":"Feature","properties":{"GEOID":"55133201508","NAME":"Census Tract 2015.08","COUNTY":"Waukesha","ALAND":1751703,"AWATER":0,"lng":-88.07836,"lat":42.98274,"ALAND_SQMI":0.6763,"nb":["55079101000","55079120102","55133201402","55133201404","55133201506","55133201507"]},"geometry":{"type":"Polygon","coordinates":[[[-88.08843,42.98569],[-88.0803,42.98772],[-88.07831,42.98813],[-88.07584,42.98819],[-88.06833,42.98823],[-88.06862,42.98096],[-88.06866,42.97983],[-88.07309,42.97782],[-88.07819,42.97765],[-88.08374,42.97759],[-88.08432,42.97743],[-88.08665,42.97715],[-88.0886,42.97796],[-88.08843,42.98569]]]}},{"type":"Feature","properties":{"GEOID":"55133201600","NAME":"Census Tract 2016","COUNTY":"Waukesha","ALAND":33755786,"AWATER":359855,"lng":-88.1646,"lat":42.95446,"ALAND_SQMI":13.0332,"nb":["55133201300","55133201404","55133201505","55133201506","55133201701","55133201704","55133201800","55133202001","55133202002","55133202103","55133202400"]},"geometry":{"type":"Polygon","coordinates":[[[-88.20065,42.98696],[-88.1972,42.98741],[-88.19384,42.98781],[-88.19371,42.98782],[-88.19278,42.98706],[-88.18957,42.98506],[-88.18739,42.98373],[-88.18312,42.98107],[-88.12834,42.98072],[-88.12864,42.96441],[-88.12884,42.94447],[-88.12886,42.94105],[-88.12888,42.935],[-88.13861,42.93007],[-88.13865,42.92998],[-88.14675,42.92994],[-88.15889,42.93001],[-88.15891,42.92802],[-88.15889,42.92775],[-88.15906,42.92334],[-88.16153,42.92336],[-88.16903,42.92348],[-88.17081,42.92468],[-88.17383,42.92328],[-88.18889,42.92286],[-88.1889,42.92444],[-88.18883,42.92745],[-88.1888,42.93021],[-88.19889,42.93015],[-88.19821,42.95859],[-88.19795,42.96712],[-88.19478,42.9721],[-88.19464,42.97537],[-88.19487,42.97622],[-88.19941,42.98418],[-88.20065,42.98696]]]}},{"type":"Feature","properties":{"GEOID":"55133201701","NAME":"Census Tract 2017.01","COUNTY":"Waukesha","ALAND":4834853,"AWATER":1932205,"lng":-88.14253,"lat":42.91652,"ALAND_SQMI":1.8667,"nb":["55133201600","55133201703","55133201704","55133201800"]},"geometry":{"type":"Polygon","coordinates":[[[-88.16035,42.91559],[-88.15906,42.92334],[-88.15889,42.92775],[-88.15891,42.92802],[-88.15889,42.93001],[-88.14675,42.92994],[-88.14625,42.92944],[-88.13888,42.92606],[-88.13505,42.92353],[-88.12927,42.92166],[-88.122,42.91841],[-88.11386,42.91705],[-88.11516,42.91611],[-88.11973,42.91267],[-88.12937,42.90845],[-88.13121,42.90776],[-88.13303,42.90709],[-88.13402,42.90677],[-88.14051,42.90581],[-88.14704,42.90371],[-88.14943,42.90168],[-88.15427,42.9064],[-88.15965,42.91292],[-88.16035,42.91481],[-88.16035,42.91559]]]}},{"type":"Feature","properties":{"GEOID":"55133201703","NAME":"Census Tract 2017.03","COUNTY":"Waukesha","ALAND":6785217,"AWATER":60079,"lng":-88.11855,"lat":42.90708,"ALAND_SQMI":2.6198,"nb":["55133201504","55133201701","55133201704","55133201800","55133201900"]},"geometry":{"type":"Polygon","coordinates":[[[-88.14704,42.90371],[-88.14051,42.90581],[-88.13402,42.90677],[-88.13303,42.90709],[-88.13121,42.90776],[-88.12937,42.90845],[-88.11973,42.91267],[-88.11516,42.91611],[-88.11386,42.91705],[-88.11181,42.91796],[-88.10092,42.92149],[-88.09538,42.92379],[-88.0931,42.92023],[-88.09189,42.91949],[-88.08679,42.91813],[-88.08071,42.91651],[-88.08579,42.91381],[-88.09779,42.9108],[-88.10128,42.90996],[-88.10458,42.90716],[-88.10737,42.90555],[-88.11196,42.90381],[-88.11468,42.90364],[-88.12283,42.9],[-88.12893,42.89557],[-88.1291,42.89545],[-88.14034,42.88704],[-88.14298,42.88687],[-88.1425,42.89273],[-88.1429,42.89486],[-88.14402,42.89642],[-88.14943,42.90168],[-88.14704,42.90371]]]}},{"type":"Feature","properties":{"GEOID":"55133201704","NAME":"Census Tract 2017.04","COUNTY":"Waukesha","ALAND":22679449,"AWATER":870134,"lng":-88.1692,"lat":42.8858,"ALAND_SQMI":8.7566,"nb":["55101002001","55133201600","55133201701","55133201703","55133201900","55133202002"]},"geometry":{"type":"Polygon","coordinates":[[[-88.18889,42.92286],[-88.17383,42.92328],[-88.17081,42.92468],[-88.16903,42.92348],[-88.16153,42.92336],[-88.15906,42.92334],[-88.16035,42.91559],[-88.16035,42.91481],[-88.15965,42.91292],[-88.15427,42.9064],[-88.14943,42.90168],[-88.14402,42.89642],[-88.1429,42.89486],[-88.1425,42.89273],[-88.14298,42.88687],[-88.14478,42.88142],[-88.146,42.87967],[-88.15087,42.87499],[-88.15164,42.87428],[-88.15783,42.86852],[-88.15885,42.86709],[-88.15925,42.86491],[-88.15914,42.85342],[-88.1611,42.84939],[-88.16179,42.84633],[-88.16103,42.84286],[-88.16854,42.84291],[-88.18357,42.84285],[-88.18427,42.87233],[-88.18501,42.87564],[-88.18533,42.87724],[-88.18506,42.88403],[-88.18568,42.88827],[-88.18667,42.89413],[-88.1864,42.89653],[-88.18681,42.89853],[-88.18882,42.90104],[-88.18902,42.90175],[-88.18889,42.92286]]]}},{"type":"Feature","properties":{"GEOID":"55133201800","NAME":"Census Tract 2018","COUNTY":"Waukesha","ALAND":4985231,"AWATER":11449,"lng":-88.11077,"lat":42.92525,"ALAND_SQMI":1.9248,"nb":["55133201504","55133201506","55133201600","55133201701","55133201703"]},"geometry":{"type":"Polygon","coordinates":[[[-88.14675,42.92994],[-88.13865,42.92998],[-88.13334,42.93009],[-88.13208,42.92999],[-88.12593,42.92999],[-88.08925,42.92988],[-88.07781,42.92992],[-88.07783,42.92791],[-88.07872,42.92601],[-88.08015,42.92603],[-88.08156,42.92443],[-88.08879,42.92421],[-88.08869,42.92071],[-88.08649,42.92028],[-88.08679,42.91813],[-88.09189,42.91949],[-88.0931,42.92023],[-88.09538,42.92379],[-88.10092,42.92149],[-88.11181,42.91796],[-88.11386,42.91705],[-88.122,42.91841],[-88.12927,42.92166],[-88.13505,42.92353],[-88.13888,42.92606],[-88.14625,42.92944],[-88.14675,42.92994]]]}},{"type":"Feature","properties":{"GEOID":"55133201900","NAME":"Census Tract 2019","COUNTY":"Waukesha","ALAND":38230689,"AWATER":8233002,"lng":-88.10805,"lat":42.87358,"ALAND_SQMI":14.761,"nb":["55079150301","55079187200","55101001900","55101002001","55101002002","55133201504","55133201703","55133201704"]},"geometry":{"type":"Polygon","coordinates":[[[-88.1611,42.84939],[-88.15914,42.85342],[-88.15925,42.86491],[-88.15885,42.86709],[-88.15783,42.86852],[-88.15164,42.87428],[-88.15087,42.87499],[-88.146,42.87967],[-88.14478,42.88142],[-88.14298,42.88687],[-88.14034,42.88704],[-88.1291,42.89545],[-88.12893,42.89557],[-88.12283,42.9],[-88.11468,42.90364],[-88.11196,42.90381],[-88.10737,42.90555],[-88.10458,42.90716],[-88.10128,42.90996],[-88.09779,42.9108],[-88.08579,42.91381],[-88.08071,42.91651],[-88.07605,42.91893],[-88.07109,42.92147],[-88.06959,42.92195],[-88.06959,42.91329],[-88.06956,42.89826],[-88.06959,42.87288],[-88.06959,42.86726],[-88.06992,42.84332],[-88.09474,42.84331],[-88.12363,42.84322],[-88.12498,42.84327],[-88.13741,42.84308],[-88.16103,42.84286],[-88.16179,42.84633],[-88.1611,42.84939]]]}},{"type":"Feature","properties":{"GEOID":"55133202001","NAME":"Census Tract 2020.01","COUNTY":"Waukesha","ALAND":53382133,"AWATER":1386699,"lng":-88.26608,"lat":42.89067,"ALAND_SQMI":20.611,"nb":["55101002800","55127000102","55133201600","55133202002","55133202102","55133202103","55133203802","55133203902"]},"geometry":{"type":"Polygon","coordinates":[[[-88.30657,42.91457],[-88.29747,42.91468],[-88.29753,42.92197],[-88.28762,42.92209],[-88.28754,42.93002],[-88.25793,42.93017],[-88.23642,42.93022],[-88.22871,42.9302],[-88.21879,42.93026],[-88.21421,42.93024],[-88.20894,42.93024],[-88.19889,42.93015],[-88.1888,42.93021],[-88.18883,42.92745],[-88.1889,42.92444],[-88.19903,42.91874],[-88.20766,42.914],[-88.21721,42.91101],[-88.23603,42.90558],[-88.24817,42.90208],[-88.24821,42.88539],[-88.24808,42.87694],[-88.25011,42.87387],[-88.25014,42.8691],[-88.24794,42.86575],[-88.24786,42.85978],[-88.24172,42.85884],[-88.2429,42.85798],[-88.24275,42.85703],[-88.24268,42.84933],[-88.24272,42.84888],[-88.24567,42.842],[-88.30638,42.8421],[-88.30633,42.84569],[-88.3059,42.85454],[-88.30617,42.86114],[-88.30203,42.86414],[-88.29647,42.86811],[-88.29774,42.86838],[-88.29919,42.86867],[-88.29986,42.86861],[-88.30244,42.86975],[-88.30623,42.8733],[-88.30647,42.87563],[-88.30615,42.8757],[-88.30629,42.89273],[-88.30657,42.91457]]]}},{"type":"Feature","properties":{"GEOID":"55133202002","NAME":"Census Tract 2020.02","COUNTY":"Waukesha","ALAND":37030787,"AWATER":1652141,"lng":-88.21495,"lat":42.87714,"ALAND_SQMI":14.2977,"nb":["55101002001","55101002800","55133201600","55133201704","55133202001"]},"geometry":{"type":"Polygon","coordinates":[[[-88.25011,42.87387],[-88.24808,42.87694],[-88.24821,42.88539],[-88.24817,42.90208],[-88.23603,42.90558],[-88.21721,42.91101],[-88.20766,42.914],[-88.19903,42.91874],[-88.1889,42.92444],[-88.18889,42.92286],[-88.18902,42.90175],[-88.18882,42.90104],[-88.18681,42.89853],[-88.1864,42.89653],[-88.18667,42.89413],[-88.18568,42.88827],[-88.18506,42.88403],[-88.18533,42.87724],[-88.18501,42.87564],[-88.18427,42.87233],[-88.18357,42.84285],[-88.18802,42.84284],[-88.1881,42.84284],[-88.19795,42.84271],[-88.21285,42.84236],[-88.22275,42.84207],[-88.2456,42.842],[-88.24567,42.842],[-88.24272,42.84888],[-88.24268,42.84933],[-88.24275,42.85703],[-88.2429,42.85798],[-88.24172,42.85884],[-88.24786,42.85978],[-88.24794,42.86575],[-88.25014,42.8691],[-88.25011,42.87387]]]}},{"type":"Feature","properties":{"GEOID":"55133202101","NAME":"Census Tract 2021.01","COUNTY":"Waukesha","ALAND":17013041,"AWATER":310052,"lng":-88.29418,"lat":42.96389,"ALAND_SQMI":6.5688,"nb":["55133202102","55133202201","55133202203","55133202301","55133203802","55133203805","55133203806"]},"geometry":{"type":"Polygon","coordinates":[[[-88.32127,42.96414],[-88.31513,42.96707],[-88.30881,42.97091],[-88.30578,42.97242],[-88.3055,42.98817],[-88.28887,42.98858],[-88.2814,42.98855],[-88.26708,42.98847],[-88.26496,42.98846],[-88.26497,42.98838],[-88.26579,42.98649],[-88.26782,42.98515],[-88.26583,42.98383],[-88.26633,42.98106],[-88.26711,42.9797],[-88.26489,42.97679],[-88.26839,42.97582],[-88.26873,42.9745],[-88.26585,42.97258],[-88.26746,42.97015],[-88.27125,42.96885],[-88.27257,42.9665],[-88.27268,42.96598],[-88.27465,42.96516],[-88.27537,42.96508],[-88.27564,42.96487],[-88.2755,42.96446],[-88.27482,42.96369],[-88.27501,42.96347],[-88.27594,42.96356],[-88.27765,42.96392],[-88.27775,42.96386],[-88.27822,42.96355],[-88.27811,42.95929],[-88.2773,42.95687],[-88.27713,42.95582],[-88.27794,42.95452],[-88.27981,42.9537],[-88.28049,42.95314],[-88.28268,42.95329],[-88.28284,42.95144],[-88.28475,42.9511],[-88.2854,42.94987],[-88.28722,42.9504],[-88.28581,42.94822],[-88.28788,42.94514],[-88.28862,42.94487],[-88.29175,42.94771],[-88.29221,42.94503],[-88.29528,42.94613],[-88.29634,42.94843],[-88.29991,42.94829],[-88.30089,42.94559],[-88.30254,42.94503],[-88.30113,42.944],[-88.29877,42.94504],[-88.29657,42.94471],[-88.29629,42.94276],[-88.29766,42.94114],[-88.29529,42.94062],[-88.29746,42.93918],[-88.29655,42.93692],[-88.2955,42.93651],[-88.29466,42.93764],[-88.29322,42.93648],[-88.29383,42.93516],[-88.29256,42.93355],[-88.2887,42.93182],[-88.28766,42.93002],[-88.3066,42.92988],[-88.30676,42.92992],[-88.30668,42.93707],[-88.30903,42.94078],[-88.31617,42.94076],[-88.31632,42.94459],[-88.31858,42.94785],[-88.3204,42.94958],[-88.3177,42.95129],[-88.3184,42.95182],[-88.31862,42.96033],[-88.32127,42.96414]]]}},{"type":"Feature","properties":{"GEOID":"55133202102","NAME":"Census Tract 2021.02","COUNTY":"Waukesha","ALAND":18844698,"AWATER":387220,"lng":-88.2602,"lat":42.94853,"ALAND_SQMI":7.276,"nb":["55133202001","55133202101","55133202103","55133202203","55133202301","55133202303","55133203802"]},"geometry":{"type":"Polygon","coordinates":[[[-88.30254,42.94503],[-88.30089,42.94559],[-88.29991,42.94829],[-88.29634,42.94843],[-88.29528,42.94613],[-88.29221,42.94503],[-88.29175,42.94771],[-88.28862,42.94487],[-88.28788,42.94514],[-88.28581,42.94822],[-88.28722,42.9504],[-88.2854,42.94987],[-88.28475,42.9511],[-88.28284,42.95144],[-88.28268,42.95329],[-88.28049,42.95314],[-88.27981,42.9537],[-88.27794,42.95452],[-88.27713,42.95582],[-88.2773,42.95687],[-88.27811,42.95929],[-88.27822,42.96355],[-88.27775,42.96386],[-88.27765,42.96392],[-88.27594,42.96356],[-88.27501,42.96347],[-88.27482,42.96369],[-88.2755,42.96446],[-88.27564,42.96487],[-88.27537,42.96508],[-88.27465,42.96516],[-88.27268,42.96598],[-88.27257,42.9665],[-88.27125,42.96885],[-88.26746,42.97015],[-88.26585,42.97258],[-88.26873,42.9745],[-88.26839,42.97582],[-88.26489,42.97679],[-88.26711,42.9797],[-88.26633,42.98106],[-88.26583,42.98383],[-88.26782,42.98515],[-88.26579,42.98649],[-88.26497,42.98838],[-88.26496,42.98846],[-88.25719,42.98836],[-88.25728,42.98212],[-88.25732,42.97867],[-88.25741,42.97681],[-88.25751,42.97006],[-88.25759,42.96728],[-88.25776,42.96363],[-88.25903,42.95918],[-88.24783,42.95917],[-88.24709,42.95918],[-88.24623,42.95919],[-88.24042,42.95925],[-88.22801,42.95937],[-88.22871,42.9302],[-88.23642,42.93022],[-88.25793,42.93017],[-88.28754,42.93002],[-88.28766,42.93002],[-88.2887,42.93182],[-88.29256,42.93355],[-88.29383,42.93516],[-88.29322,42.93648],[-88.29466,42.93764],[-88.2955,42.93651],[-88.29655,42.93692],[-88.29746,42.93918],[-88.29529,42.94062],[-88.29766,42.94114],[-88.29629,42.94276],[-88.29657,42.94471],[-88.29877,42.94504],[-88.30113,42.944],[-88.30254,42.94503]]]}},{"type":"Feature","properties":{"GEOID":"55133202103","NAME":"Census Tract 2021.03","COUNTY":"Waukesha","ALAND":14583950,"AWATER":95310,"lng":-88.21218,"lat":42.95811,"ALAND_SQMI":5.6309,"nb":["55133201600","55133202001","55133202102","55133202303","55133202400"]},"geometry":{"type":"Polygon","coordinates":[[[-88.22801,42.95937],[-88.22309,42.95939],[-88.22309,42.96836],[-88.22572,42.97413],[-88.22495,42.97596],[-88.22428,42.97747],[-88.22435,42.97796],[-88.22386,42.97848],[-88.22408,42.98836],[-88.22108,42.98837],[-88.2171,42.98867],[-88.21584,42.98867],[-88.21511,42.98863],[-88.21426,42.9885],[-88.21378,42.98837],[-88.21272,42.988],[-88.20882,42.98648],[-88.20774,42.98643],[-88.20636,42.98626],[-88.20065,42.98696],[-88.19941,42.98418],[-88.19487,42.97622],[-88.19464,42.97537],[-88.19478,42.9721],[-88.19795,42.96712],[-88.19821,42.95859],[-88.19889,42.93015],[-88.20894,42.93024],[-88.21421,42.93024],[-88.21879,42.93026],[-88.22871,42.9302],[-88.22801,42.95937]]]}},{"type":"Feature","properties":{"GEOID":"55133202201","NAME":"Census Tract 2022.01","COUNTY":"Waukesha","ALAND":5409400,"AWATER":20955,"lng":-88.27669,"lat":43.00072,"ALAND_SQMI":2.0886,"nb":["55133202101","55133202203","55133202204","55133203106","55133203805"]},"geometry":{"type":"Polygon","coordinates":[[[-88.2904,43.00337],[-88.28937,43.00683],[-88.28686,43.0104],[-88.28611,43.01178],[-88.28599,43.0131],[-88.2825,43.01251],[-88.28019,43.01229],[-88.27747,43.01205],[-88.27136,43.01228],[-88.27123,43.01228],[-88.26681,43.0125],[-88.26231,43.01319],[-88.25855,43.01323],[-88.25869,43.01238],[-88.26434,43.00697],[-88.2645,43.00485],[-88.26593,43.00334],[-88.26601,43.00252],[-88.26601,43.00178],[-88.26564,43.00072],[-88.26604,42.99933],[-88.26546,42.99491],[-88.26493,42.99441],[-88.26277,42.99359],[-88.26357,42.99253],[-88.26708,42.98847],[-88.2814,42.98855],[-88.28887,42.98858],[-88.28956,42.99322],[-88.28989,42.99549],[-88.28993,42.99576],[-88.28997,42.9961],[-88.29033,42.99873],[-88.2904,43.00337]]]}},{"type":"Feature","properties":{"GEOID":"55133202203","NAME":"Census Tract 2022.03","COUNTY":"Waukesha","ALAND":1235583,"AWATER":53423,"lng":-88.2602,"lat":42.99914,"ALAND_SQMI":0.4771,"nb":["55133202101","55133202102","55133202201","55133202204","55133202301"]},"geometry":{"type":"Polygon","coordinates":[[[-88.26708,42.98847],[-88.26357,42.99253],[-88.26277,42.99359],[-88.26493,42.99441],[-88.26546,42.99491],[-88.26604,42.99933],[-88.26564,43.00072],[-88.26601,43.00178],[-88.26601,43.00252],[-88.26593,43.00334],[-88.2645,43.00485],[-88.26434,43.00697],[-88.25992,43.00694],[-88.26019,43.00337],[-88.25698,43.00447],[-88.25654,43.00458],[-88.25549,43.0046],[-88.25459,43.00449],[-88.25418,43.00438],[-88.25388,43.0042],[-88.25307,43.00358],[-88.25298,43.00352],[-88.2543,43.00191],[-88.25501,43.00117],[-88.25638,42.99987],[-88.25353,43.00092],[-88.25511,42.99896],[-88.25201,42.99751],[-88.25368,42.99555],[-88.25457,42.99432],[-88.25878,42.9935],[-88.261,42.99318],[-88.2622,42.99258],[-88.2647,42.98973],[-88.26496,42.98846],[-88.26708,42.98847]]]}},{"type":"Feature","properties":{"GEOID":"55133202204","NAME":"Census Tract 2022.04","COUNTY":"Waukesha","ALAND":1846587,"AWATER":46485,"lng":-88.25004,"lat":43.00867,"ALAND_SQMI":0.713,"nb":["55133202201","55133202203","55133202301","55133202600","55133202700","55133203000","55133203103","55133203106"]},"geometry":{"type":"Polygon","coordinates":[[[-88.26434,43.00697],[-88.25869,43.01238],[-88.25855,43.01323],[-88.2503,43.01327],[-88.24621,43.01329],[-88.24555,43.01335],[-88.24259,43.01365],[-88.23759,43.01405],[-88.23579,43.01316],[-88.23836,43.01118],[-88.23833,43.01001],[-88.23777,43.00971],[-88.23754,43.0097],[-88.24284,43.00521],[-88.24374,43.00495],[-88.24374,43.00503],[-88.24943,43.00307],[-88.25353,43.00092],[-88.25638,42.99987],[-88.25501,43.00117],[-88.2543,43.00191],[-88.25298,43.00352],[-88.25307,43.00358],[-88.25388,43.0042],[-88.25418,43.00438],[-88.25459,43.00449],[-88.25549,43.0046],[-88.25654,43.00458],[-88.25698,43.00447],[-88.26019,43.00337],[-88.25992,43.00694],[-88.26434,43.00697]]]}},{"type":"Feature","properties":{"GEOID":"55133202301","NAME":"Census Tract 2023.01","COUNTY":"Waukesha","ALAND":7242630,"AWATER":57046,"lng":-88.24839,"lat":42.98146,"ALAND_SQMI":2.7964,"nb":["55133202101","55133202102","55133202203","55133202204","55133202303","55133202304","55133202600"]},"geometry":{"type":"Polygon","coordinates":[[[-88.2647,42.98973],[-88.2622,42.99258],[-88.261,42.99318],[-88.25878,42.9935],[-88.25457,42.99432],[-88.25368,42.99555],[-88.25201,42.99751],[-88.25511,42.99896],[-88.25353,43.00092],[-88.24943,43.00307],[-88.24374,43.00503],[-88.24374,43.00495],[-88.24372,43.00281],[-88.2368,43.0029],[-88.23687,42.99967],[-88.23703,42.99377],[-88.23808,42.99085],[-88.23902,42.98826],[-88.23962,42.98621],[-88.23969,42.98511],[-88.23992,42.97696],[-88.24022,42.96642],[-88.24042,42.95925],[-88.24623,42.95919],[-88.24709,42.95918],[-88.24783,42.95917],[-88.25903,42.95918],[-88.25776,42.96363],[-88.25759,42.96728],[-88.25751,42.97006],[-88.25741,42.97681],[-88.25732,42.97867],[-88.25728,42.98212],[-88.25719,42.98836],[-88.26496,42.98846],[-88.2647,42.98973]]]}},{"type":"Feature","properties":{"GEOID":"55133202303","NAME":"Census Tract 2023.03","COUNTY":"Waukesha","ALAND":4109910,"AWATER":109920,"lng":-88.23193,"lat":42.97349,"ALAND_SQMI":1.5868,"nb":["55133202102","55133202103","55133202301","55133202304","55133202400"]},"geometry":{"type":"Polygon","coordinates":[[[-88.24022,42.96642],[-88.23992,42.97696],[-88.23969,42.98511],[-88.23962,42.98621],[-88.23902,42.98826],[-88.2388,42.98826],[-88.23841,42.98822],[-88.23218,42.98831],[-88.22718,42.9884],[-88.22635,42.98841],[-88.22408,42.98836],[-88.22386,42.97848],[-88.22435,42.97796],[-88.22428,42.97747],[-88.22495,42.97596],[-88.22572,42.97413],[-88.22309,42.96836],[-88.22309,42.95939],[-88.22801,42.95937],[-88.24042,42.95925],[-88.24022,42.96642]]]}},{"type":"Feature","properties":{"GEOID":"55133202304","NAME":"Census Tract 2023.04","COUNTY":"Waukesha","ALAND":1372006,"AWATER":0,"lng":-88.23218,"lat":42.99545,"ALAND_SQMI":0.5297,"nb":["55133202301","55133202303","55133202400","55133202600"]},"geometry":{"type":"Polygon","coordinates":[[[-88.23902,42.98826],[-88.23808,42.99085],[-88.23703,42.99377],[-88.23687,42.99967],[-88.2368,43.0029],[-88.23179,43.00296],[-88.22678,43.00301],[-88.22698,42.9961],[-88.22718,42.9884],[-88.23218,42.98831],[-88.23841,42.98822],[-88.2388,42.98826],[-88.23902,42.98826]]]}},{"type":"Feature","properties":{"GEOID":"55133202400","NAME":"Census Tract 2024","COUNTY":"Waukesha","ALAND":3307579,"AWATER":13116,"lng":-88.21344,"lat":42.9939,"ALAND_SQMI":1.2771,"nb":["55133201300","55133201600","55133202103","55133202303","55133202304","55133202500","55133202600"]},"geometry":{"type":"Polygon","coordinates":[[[-88.22698,42.9961],[-88.22678,43.00301],[-88.22181,43.00302],[-88.21738,43.00304],[-88.21663,43.00304],[-88.21293,43.00038],[-88.21188,42.99964],[-88.21131,42.99927],[-88.20987,42.99836],[-88.20678,42.99724],[-88.20142,42.99656],[-88.20008,42.99548],[-88.19974,42.995],[-88.19971,42.99497],[-88.19371,42.98782],[-88.19384,42.98781],[-88.1972,42.98741],[-88.20065,42.98696],[-88.20636,42.98626],[-88.20774,42.98643],[-88.20882,42.98648],[-88.21272,42.988],[-88.21378,42.98837],[-88.21426,42.9885],[-88.21511,42.98863],[-88.21584,42.98867],[-88.2171,42.98867],[-88.22108,42.98837],[-88.22408,42.98836],[-88.22635,42.98841],[-88.22718,42.9884],[-88.22698,42.9961]]]}},{"type":"Feature","properties":{"GEOID":"55133202500","NAME":"Census Tract 2025","COUNTY":"Waukesha","ALAND":4122814,"AWATER":33368,"lng":-88.20374,"lat":43.0069,"ALAND_SQMI":1.5918,"nb":["55133201300","55133202400","55133202600","55133202800","55133202902"]},"geometry":{"type":"Polygon","coordinates":[[[-88.22172,43.00709],[-88.22164,43.01188],[-88.21797,43.01256],[-88.2166,43.01281],[-88.21525,43.01307],[-88.20998,43.01402],[-88.20826,43.01406],[-88.20064,43.01391],[-88.20052,43.01391],[-88.18637,43.01401],[-88.18654,43.00969],[-88.1867,43.00581],[-88.18677,43.00417],[-88.18698,42.99979],[-88.18781,43.00018],[-88.19337,43.00258],[-88.19681,43.00302],[-88.19939,43.00303],[-88.19956,42.99987],[-88.20142,42.99656],[-88.20678,42.99724],[-88.20987,42.99836],[-88.21131,42.99927],[-88.21188,42.99964],[-88.21293,43.00038],[-88.21663,43.00304],[-88.21738,43.00304],[-88.22181,43.00302],[-88.22172,43.00709]]]}},{"type":"Feature","properties":{"GEOID":"55133202600","NAME":"Census Tract 2026","COUNTY":"Waukesha","ALAND":1238413,"AWATER":0,"lng":-88.23114,"lat":43.00633,"ALAND_SQMI":0.4782,"nb":["55133202204","55133202301","55133202304","55133202400","55133202500","55133202700","55133202800"]},"geometry":{"type":"Polygon","coordinates":[[[-88.24374,43.00495],[-88.24284,43.00521],[-88.23754,43.0097],[-88.23656,43.0087],[-88.23405,43.00971],[-88.23165,43.00878],[-88.22665,43.00884],[-88.2266,43.0108],[-88.22657,43.01194],[-88.22164,43.01188],[-88.22172,43.00709],[-88.22181,43.00302],[-88.22678,43.00301],[-88.23179,43.00296],[-88.2368,43.0029],[-88.24372,43.00281],[-88.24374,43.00495]]]}},{"type":"Feature","properties":{"GEOID":"55133202700","NAME":"Census Tract 2027","COUNTY":"Waukesha","ALAND":557917,"AWATER":16234,"lng":-88.23175,"lat":43.012,"ALAND_SQMI":0.2154,"nb":["55133202204","55133202600","55133202800","55133203000","55133203103"]},"geometry":{"type":"Polygon","coordinates":[[[-88.23836,43.01118],[-88.23579,43.01316],[-88.23577,43.01315],[-88.23163,43.01684],[-88.22878,43.01509],[-88.22807,43.01483],[-88.22704,43.01381],[-88.22661,43.01291],[-88.22657,43.01194],[-88.2266,43.0108],[-88.22665,43.00884],[-88.23165,43.00878],[-88.23405,43.00971],[-88.23656,43.0087],[-88.23754,43.0097],[-88.23777,43.00971],[-88.23833,43.01001],[-88.23836,43.01118]]]}},{"type":"Feature","properties":{"GEOID":"55133202800","NAME":"Census Tract 2028","COUNTY":"Waukesha","ALAND":2753530,"AWATER":65774,"lng":-88.21357,"lat":43.01976,"ALAND_SQMI":1.0631,"nb":["55133202500","55133202600","55133202700","55133202901","55133202902","55133203000"]},"geometry":{"type":"Polygon","coordinates":[[[-88.22807,43.01483],[-88.22289,43.02002],[-88.22133,43.02247],[-88.22017,43.02633],[-88.21984,43.02691],[-88.21696,43.03119],[-88.21657,43.03194],[-88.21304,43.03121],[-88.21277,43.0301],[-88.2128,43.02899],[-88.21279,43.02338],[-88.20884,43.02429],[-88.20352,43.02526],[-88.20024,43.02586],[-88.20143,43.02145],[-88.20077,43.01573],[-88.20052,43.01391],[-88.20064,43.01391],[-88.20826,43.01406],[-88.20998,43.01402],[-88.21525,43.01307],[-88.2166,43.01281],[-88.21797,43.01256],[-88.22164,43.01188],[-88.22657,43.01194],[-88.22661,43.01291],[-88.22704,43.01381],[-88.22807,43.01483]]]}},{"type":"Feature","properties":{"GEOID":"55133202901","NAME":"Census Tract 2029.01","COUNTY":"Waukesha","ALAND":5234632,"AWATER":91978,"lng":-88.19649,"lat":43.03478,"ALAND_SQMI":2.0211,"nb":["55133201201","55133202800","55133202902","55133203000"]},"geometry":{"type":"Polygon","coordinates":[[[-88.21657,43.03194],[-88.2128,43.03583],[-88.2121,43.03807],[-88.20892,43.0418],[-88.20651,43.04254],[-88.20644,43.04464],[-88.20087,43.046],[-88.18586,43.04187],[-88.17925,43.03988],[-88.17715,43.03861],[-88.17379,43.03535],[-88.17205,43.03446],[-88.17392,43.0336],[-88.18702,43.02768],[-88.1891,43.02715],[-88.19012,43.027],[-88.19406,43.02679],[-88.19571,43.02666],[-88.20024,43.02586],[-88.20352,43.02526],[-88.20884,43.02429],[-88.21279,43.02338],[-88.2128,43.02899],[-88.21277,43.0301],[-88.21304,43.03121],[-88.21657,43.03194]]]}},{"type":"Feature","properties":{"GEOID":"55133202902","NAME":"Census Tract 2029.02","COUNTY":"Waukesha","ALAND":4785033,"AWATER":13887,"lng":-88.18228,"lat":43.02221,"ALAND_SQMI":1.8475,"nb":["55133201201","55133201204","55133201300","55133202500","55133202800","55133202901"]},"geometry":{"type":"Polygon","coordinates":[[[-88.20143,43.02145],[-88.20024,43.02586],[-88.19571,43.02666],[-88.19406,43.02679],[-88.19012,43.027],[-88.1891,43.02715],[-88.18702,43.02768],[-88.17392,43.0336],[-88.17205,43.03446],[-88.16696,43.03323],[-88.16684,43.02468],[-88.16673,43.02089],[-88.16667,43.01925],[-88.16662,43.01789],[-88.16641,43.01716],[-88.17173,43.01428],[-88.17557,43.01388],[-88.18637,43.01401],[-88.20052,43.01391],[-88.20077,43.01573],[-88.20143,43.02145]]]}},{"type":"Feature","properties":{"GEOID":"55133203000","NAME":"Census Tract 2030","COUNTY":"Waukesha","ALAND":9379720,"AWATER":191680,"lng":-88.23165,"lat":43.03574,"ALAND_SQMI":3.6215,"nb":["55133201201","55133202204","55133202700","55133202800","55133202901","55133203103","55133203104","55133203107","55133203305","55133203307"]},"geometry":{"type":"Polygon","coordinates":[[[-88.25583,43.03339],[-88.25589,43.04674],[-88.24907,43.04734],[-88.24563,43.0462],[-88.23864,43.04783],[-88.23144,43.0484],[-88.23124,43.04873],[-88.227,43.04906],[-88.21109,43.04867],[-88.20789,43.04793],[-88.20087,43.046],[-88.20644,43.04464],[-88.20651,43.04254],[-88.20892,43.0418],[-88.2121,43.03807],[-88.2128,43.03583],[-88.21657,43.03194],[-88.21696,43.03119],[-88.21984,43.02691],[-88.22017,43.02633],[-88.22133,43.02247],[-88.22289,43.02002],[-88.22807,43.01483],[-88.22878,43.01509],[-88.23163,43.01684],[-88.23577,43.01315],[-88.23579,43.01316],[-88.23547,43.01541],[-88.23843,43.01805],[-88.23877,43.01858],[-88.24154,43.02501],[-88.24265,43.02801],[-88.24352,43.03087],[-88.24474,43.03198],[-88.24547,43.03221],[-88.25594,43.03213],[-88.25583,43.03339]]]}},{"type":"Feature","properties":{"GEOID":"55133203103","NAME":"Census Tract 2031.03","COUNTY":"Waukesha","ALAND":2239830,"AWATER":0,"lng":-88.24693,"lat":43.02276,"ALAND_SQMI":0.8648,"nb":["55133202204","55133202700","55133203000","55133203104","55133203106","55133203107"]},"geometry":{"type":"Polygon","coordinates":[[[-88.25594,43.03213],[-88.24547,43.03221],[-88.24474,43.03198],[-88.24352,43.03087],[-88.24265,43.02801],[-88.24154,43.02501],[-88.23877,43.01858],[-88.23843,43.01805],[-88.23547,43.01541],[-88.23579,43.01316],[-88.23759,43.01405],[-88.24259,43.01365],[-88.24555,43.01335],[-88.24621,43.01329],[-88.2503,43.01327],[-88.25027,43.01762],[-88.25094,43.02082],[-88.25094,43.02145],[-88.25277,43.02175],[-88.25584,43.02189],[-88.25585,43.02379],[-88.25589,43.02752],[-88.25594,43.03213]]]}},{"type":"Feature","properties":{"GEOID":"55133203104","NAME":"Census Tract 2031.04","COUNTY":"Waukesha","ALAND":2104848,"AWATER":3531,"lng":-88.26405,"lat":43.0393,"ALAND_SQMI":0.8127,"nb":["55133203000","55133203103","55133203105","55133203107","55133203305"]},"geometry":{"type":"Polygon","coordinates":[[[-88.27401,43.04337],[-88.27194,43.04611],[-88.26938,43.04566],[-88.26938,43.04617],[-88.26636,43.04586],[-88.25589,43.04674],[-88.25583,43.03339],[-88.25594,43.03213],[-88.25716,43.03211],[-88.2707,43.03204],[-88.27077,43.03204],[-88.2724,43.03831],[-88.27241,43.04016],[-88.273,43.04138],[-88.27401,43.04337]]]}},{"type":"Feature","properties":{"GEOID":"55133203105","NAME":"Census Tract 2031.05","COUNTY":"Waukesha","ALAND":3727570,"AWATER":6676,"lng":-88.28727,"lat":43.04254,"ALAND_SQMI":1.4392,"nb":["55133203104","55133203107","55133203200","55133203305","55133203702"]},"geometry":{"type":"Polygon","coordinates":[[[-88.30428,43.05079],[-88.30045,43.05074],[-88.28948,43.04979],[-88.2856,43.04914],[-88.26938,43.04617],[-88.26938,43.04566],[-88.27194,43.04611],[-88.27401,43.04337],[-88.273,43.04138],[-88.27241,43.04016],[-88.2724,43.03831],[-88.27077,43.03204],[-88.27605,43.03215],[-88.28082,43.03423],[-88.28387,43.03613],[-88.28578,43.03657],[-88.29568,43.03795],[-88.30448,43.04132],[-88.30428,43.05079]]]}},{"type":"Feature","properties":{"GEOID":"55133203106","NAME":"Census Tract 2031.06","COUNTY":"Waukesha","ALAND":2742254,"AWATER":26383,"lng":-88.26807,"lat":43.017,"ALAND_SQMI":1.0588,"nb":["55133202201","55133202204","55133203103","55133203107","55133203805"]},"geometry":{"type":"Polygon","coordinates":[[[-88.28591,43.02042],[-88.28588,43.02063],[-88.28379,43.02052],[-88.26906,43.02134],[-88.25818,43.022],[-88.25584,43.02189],[-88.25277,43.02175],[-88.25094,43.02145],[-88.25094,43.02082],[-88.25027,43.01762],[-88.2503,43.01327],[-88.25855,43.01323],[-88.26231,43.01319],[-88.26681,43.0125],[-88.27123,43.01228],[-88.27136,43.01228],[-88.27747,43.01205],[-88.28019,43.01229],[-88.2825,43.01251],[-88.28599,43.0131],[-88.28591,43.02042]]]}},{"type":"Feature","properties":{"GEOID":"55133203107","NAME":"Census Tract 2031.07","COUNTY":"Waukesha","ALAND":6007610,"AWATER":6151,"lng":-88.28328,"lat":43.02849,"ALAND_SQMI":2.3196,"nb":["55133203000","55133203103","55133203104","55133203105","55133203106","55133203702","55133203805"]},"geometry":{"type":"Polygon","coordinates":[[[-88.30466,43.03187],[-88.30463,43.03393],[-88.30448,43.04132],[-88.29568,43.03795],[-88.28578,43.03657],[-88.28387,43.03613],[-88.28082,43.03423],[-88.27605,43.03215],[-88.27077,43.03204],[-88.2707,43.03204],[-88.25716,43.03211],[-88.25594,43.03213],[-88.25589,43.02752],[-88.25585,43.02379],[-88.25584,43.02189],[-88.25818,43.022],[-88.26906,43.02134],[-88.28379,43.02052],[-88.28588,43.02063],[-88.29622,43.02217],[-88.30468,43.02099],[-88.30466,43.03187]]]}},{"type":"Feature","properties":{"GEOID":"55133203200","NAME":"Census Tract 2032","COUNTY":"Waukesha","ALAND":10879120,"AWATER":9973978,"lng":-88.3133,"lat":43.0707,"ALAND_SQMI":4.2005,"nb":["55133203105","55133203303","55133203305","55133203602","55133203702","55133203704"]},"geometry":{"type":"Polygon","coordinates":[[[-88.35582,43.05895],[-88.35323,43.06439],[-88.34968,43.06775],[-88.34396,43.06884],[-88.34187,43.07007],[-88.34373,43.07177],[-88.34358,43.08149],[-88.34354,43.08301],[-88.34001,43.08293],[-88.33839,43.0829],[-88.33708,43.08287],[-88.33342,43.08279],[-88.3238,43.08259],[-88.32126,43.08313],[-88.3199,43.08257],[-88.31361,43.08257],[-88.31314,43.08767],[-88.31357,43.09003],[-88.31458,43.09096],[-88.31348,43.09336],[-88.31348,43.09359],[-88.30713,43.09143],[-88.30372,43.09121],[-88.29563,43.09105],[-88.29413,43.09035],[-88.29011,43.09024],[-88.28353,43.08838],[-88.27999,43.08781],[-88.27969,43.0878],[-88.27572,43.08806],[-88.27577,43.08639],[-88.26551,43.08532],[-88.26451,43.08428],[-88.26398,43.08301],[-88.2668,43.07977],[-88.27087,43.07642],[-88.26889,43.07499],[-88.26946,43.07455],[-88.27377,43.07126],[-88.27656,43.06834],[-88.28535,43.06836],[-88.29032,43.06735],[-88.29558,43.06656],[-88.2983,43.06492],[-88.30211,43.06405],[-88.30298,43.06088],[-88.3032,43.05994],[-88.30408,43.05853],[-88.30428,43.05079],[-88.32541,43.05017],[-88.33313,43.05002],[-88.34491,43.04926],[-88.34947,43.04894],[-88.34945,43.04974],[-88.34961,43.05226],[-88.35479,43.05718],[-88.35582,43.05895]]]}},{"type":"Feature","properties":{"GEOID":"55133203303","NAME":"Census Tract 2033.03","COUNTY":"Waukesha","ALAND":12370762,"AWATER":144621,"lng":-88.28851,"lat":43.1025,"ALAND_SQMI":4.7764,"nb":["55133203200","55133203304","55133203305","55133203308","55133203405","55133203406","55133203601","55133203602"]},"geometry":{"type":"Polygon","coordinates":[[[-88.31346,43.10453],[-88.31346,43.10504],[-88.31347,43.10868],[-88.31347,43.10904],[-88.31315,43.11642],[-88.313,43.11957],[-88.30805,43.11955],[-88.30318,43.11952],[-88.27606,43.11959],[-88.27422,43.11796],[-88.27444,43.11107],[-88.27343,43.10945],[-88.27134,43.10684],[-88.27101,43.10618],[-88.27052,43.10507],[-88.26893,43.09969],[-88.27019,43.09748],[-88.27326,43.09411],[-88.26894,43.09377],[-88.25786,43.09143],[-88.25674,43.0911],[-88.25532,43.09048],[-88.25374,43.08942],[-88.25233,43.08786],[-88.25163,43.08635],[-88.25144,43.08339],[-88.26114,43.08297],[-88.2626,43.08244],[-88.26451,43.08428],[-88.26551,43.08532],[-88.27577,43.08639],[-88.27572,43.08806],[-88.27969,43.0878],[-88.27999,43.08781],[-88.28353,43.08838],[-88.29011,43.09024],[-88.29413,43.09035],[-88.29563,43.09105],[-88.30372,43.09121],[-88.30713,43.09143],[-88.31348,43.09359],[-88.31346,43.10453]]]}},{"type":"Feature","properties":{"GEOID":"55133203304","NAME":"Census Tract 2033.04","COUNTY":"Waukesha","ALAND":17529296,"AWATER":240621,"lng":-88.2327,"lat":43.0983,"ALAND_SQMI":6.7681,"nb":["55133200801","55133203303","55133203305","55133203308","55133203402","55133203404","55133203406"]},"geometry":{"type":"Polygon","coordinates":[[[-88.27422,43.11796],[-88.27023,43.11458],[-88.26726,43.11307],[-88.26444,43.11246],[-88.25457,43.11231],[-88.24842,43.11222],[-88.24458,43.11217],[-88.23741,43.11206],[-88.23479,43.11203],[-88.23333,43.11203],[-88.22491,43.11202],[-88.21034,43.11198],[-88.20457,43.11196],[-88.20409,43.11156],[-88.20097,43.1047],[-88.19827,43.0975],[-88.19575,43.09027],[-88.19267,43.08531],[-88.19273,43.08258],[-88.22463,43.08336],[-88.2257,43.08338],[-88.24371,43.08298],[-88.24856,43.08354],[-88.25144,43.08339],[-88.25163,43.08635],[-88.25233,43.08786],[-88.25374,43.08942],[-88.25532,43.09048],[-88.25674,43.0911],[-88.25786,43.09143],[-88.26894,43.09377],[-88.27326,43.09411],[-88.27019,43.09748],[-88.26893,43.09969],[-88.27052,43.10507],[-88.27101,43.10618],[-88.27134,43.10684],[-88.27343,43.10945],[-88.27444,43.11107],[-88.27422,43.11796]]]}},{"type":"Feature","properties":{"GEOID":"55133203305","NAME":"Census Tract 2033.05","COUNTY":"Waukesha","ALAND":11579832,"AWATER":179305,"lng":-88.2724,"lat":43.06138,"ALAND_SQMI":4.471,"nb":["55133203000","55133203104","55133203105","55133203200","55133203303","55133203304","55133203307","55133203308","55133203702"]},"geometry":{"type":"Polygon","coordinates":[[[-88.30408,43.05853],[-88.3032,43.05994],[-88.30298,43.06088],[-88.30211,43.06405],[-88.2983,43.06492],[-88.29558,43.06656],[-88.29032,43.06735],[-88.28535,43.06836],[-88.27656,43.06834],[-88.27377,43.07126],[-88.26946,43.07455],[-88.26889,43.07499],[-88.27087,43.07642],[-88.2668,43.07977],[-88.26398,43.08301],[-88.26451,43.08428],[-88.2626,43.08244],[-88.26114,43.08297],[-88.25144,43.08339],[-88.25154,43.07839],[-88.25157,43.07563],[-88.25159,43.07428],[-88.25133,43.05961],[-88.25101,43.04948],[-88.24907,43.04734],[-88.25589,43.04674],[-88.26636,43.04586],[-88.26938,43.04617],[-88.2856,43.04914],[-88.28948,43.04979],[-88.30045,43.05074],[-88.30428,43.05079],[-88.30408,43.05853]]]}},{"type":"Feature","properties":{"GEOID":"55133203307","NAME":"Census Tract 2033.07","COUNTY":"Waukesha","ALAND":8495035,"AWATER":159255,"lng":-88.23266,"lat":43.0597,"ALAND_SQMI":3.28,"nb":["55133200801","55133201201","55133203000","55133203305","55133203308"]},"geometry":{"type":"Polygon","coordinates":[[[-88.25157,43.07563],[-88.25154,43.07839],[-88.24591,43.07615],[-88.24352,43.07594],[-88.24259,43.07574],[-88.23381,43.07212],[-88.22495,43.06849],[-88.22404,43.0681],[-88.2128,43.06223],[-88.20583,43.05883],[-88.20607,43.05578],[-88.20789,43.04793],[-88.21109,43.04867],[-88.227,43.04906],[-88.23124,43.04873],[-88.23144,43.0484],[-88.23864,43.04783],[-88.24563,43.0462],[-88.24907,43.04734],[-88.25101,43.04948],[-88.25133,43.05961],[-88.25159,43.07428],[-88.25157,43.07563]]]}},{"type":"Feature","properties":{"GEOID":"55133203308","NAME":"Census Tract 2033.08","COUNTY":"Waukesha","ALAND":6819296,"AWATER":46282,"lng":-88.21952,"lat":43.07539,"ALAND_SQMI":2.6329,"nb":["55133200801","55133201201","55133203303","55133203304","55133203305","55133203307"]},"geometry":{"type":"Polygon","coordinates":[[[-88.25144,43.08339],[-88.24856,43.08354],[-88.24371,43.08298],[-88.2257,43.08338],[-88.22463,43.08336],[-88.19273,43.08258],[-88.1927,43.08147],[-88.20026,43.07179],[-88.20585,43.06424],[-88.20584,43.062],[-88.20583,43.05883],[-88.2128,43.06223],[-88.22404,43.0681],[-88.22495,43.06849],[-88.23381,43.07212],[-88.24259,43.07574],[-88.24352,43.07594],[-88.24591,43.07615],[-88.25154,43.07839],[-88.25144,43.08339]]]}},{"type":"Feature","properties":{"GEOID":"55133203402","NAME":"Census Tract 2034.02","COUNTY":"Waukesha","ALAND":6628683,"AWATER":48106,"lng":-88.22766,"lat":43.12286,"ALAND_SQMI":2.5593,"nb":["55133203304","55133203404","55133203406"]},"geometry":{"type":"Polygon","coordinates":[[[-88.24418,43.12314],[-88.24408,43.12488],[-88.24408,43.1251],[-88.24408,43.12523],[-88.24384,43.13429],[-88.24375,43.1372],[-88.23755,43.13421],[-88.23518,43.1339],[-88.22422,43.13376],[-88.21816,43.13371],[-88.21814,43.13362],[-88.2107,43.12965],[-88.20959,43.1291],[-88.2098,43.12282],[-88.20977,43.12169],[-88.20977,43.12159],[-88.20987,43.12033],[-88.20992,43.11975],[-88.21034,43.11198],[-88.22491,43.11202],[-88.23333,43.11203],[-88.23479,43.11203],[-88.23741,43.11206],[-88.24458,43.11217],[-88.24418,43.12314]]]}},{"type":"Feature","properties":{"GEOID":"55133203403","NAME":"Census Tract 2034.03","COUNTY":"Waukesha","ALAND":14555759,"AWATER":62955,"lng":-88.20436,"lat":43.15453,"ALAND_SQMI":5.62,"nb":["55133200300","55133203404","55133203406"]},"geometry":{"type":"Polygon","coordinates":[[[-88.24407,43.14532],[-88.24363,43.14574],[-88.24354,43.14852],[-88.23621,43.14841],[-88.22774,43.14861],[-88.2237,43.14825],[-88.2232,43.16273],[-88.22276,43.16273],[-88.21336,43.16268],[-88.21322,43.16268],[-88.21243,43.17814],[-88.20895,43.17716],[-88.20023,43.17714],[-88.18286,43.17715],[-88.18329,43.16626],[-88.1837,43.15543],[-88.18394,43.14816],[-88.18405,43.14534],[-88.18425,43.13936],[-88.18414,43.13923],[-88.18433,43.13879],[-88.18453,43.13368],[-88.18454,43.1333],[-88.19935,43.1357],[-88.20439,43.13652],[-88.22399,43.13945],[-88.22889,43.14032],[-88.23422,43.14135],[-88.24359,43.14287],[-88.24381,43.14455],[-88.24407,43.14532]]]}},{"type":"Feature","properties":{"GEOID":"55133203404","NAME":"Census Tract 2034.04","COUNTY":"Waukesha","ALAND":8340086,"AWATER":71604,"lng":-88.20422,"lat":43.12475,"ALAND_SQMI":3.2201,"nb":["55133200300","55133200801","55133203304","55133203402","55133203403","55133203406"]},"geometry":{"type":"Polygon","coordinates":[[[-88.2436,43.14274],[-88.24359,43.14287],[-88.23422,43.14135],[-88.22889,43.14032],[-88.22399,43.13945],[-88.20439,43.13652],[-88.19935,43.1357],[-88.18454,43.1333],[-88.1851,43.12022],[-88.18522,43.11733],[-88.18545,43.11025],[-88.18567,43.1047],[-88.18601,43.10464],[-88.20097,43.1047],[-88.20409,43.11156],[-88.20457,43.11196],[-88.21034,43.11198],[-88.20992,43.11975],[-88.20987,43.12033],[-88.20977,43.12159],[-88.20977,43.12169],[-88.2098,43.12282],[-88.20959,43.1291],[-88.2107,43.12965],[-88.21814,43.13362],[-88.21816,43.13371],[-88.22422,43.13376],[-88.23518,43.1339],[-88.23755,43.13421],[-88.24375,43.1372],[-88.2436,43.14274]]]}},{"type":"Feature","properties":{"GEOID":"55133203405","NAME":"Census Tract 2034.05","COUNTY":"Waukesha","ALAND":13487862,"AWATER":194694,"lng":-88.30691,"lat":43.13792,"ALAND_SQMI":5.2077,"nb":["55133203303","55133203406","55133203501","55133203502","55133203601"]},"geometry":{"type":"Polygon","coordinates":[[[-88.32743,43.13057],[-88.3273,43.13418],[-88.32705,43.14146],[-88.32641,43.15585],[-88.30991,43.15578],[-88.30833,43.15578],[-88.30873,43.1599],[-88.30875,43.16238],[-88.30773,43.16304],[-88.30123,43.16303],[-88.29269,43.16303],[-88.29299,43.15584],[-88.29338,43.14563],[-88.29351,43.14131],[-88.29361,43.13805],[-88.28932,43.13561],[-88.28825,43.13446],[-88.28217,43.12681],[-88.27776,43.12118],[-88.27606,43.11959],[-88.30318,43.11952],[-88.30805,43.11955],[-88.313,43.11957],[-88.31996,43.1196],[-88.32284,43.11962],[-88.32531,43.11965],[-88.32783,43.11969],[-88.32743,43.13057]]]}},{"type":"Feature","properties":{"GEOID":"55133203406","NAME":"Census Tract 2034.06","COUNTY":"Waukesha","ALAND":49681373,"AWATER":759442,"lng":-88.25412,"lat":43.16276,"ALAND_SQMI":19.1821,"nb":["55131440106","55131460101","55131460102","55131470100","55133200300","55133203303","55133203304","55133203402","55133203403","55133203404","55133203405","55133203501"]},"geometry":{"type":"Polygon","coordinates":[[[-88.30035,43.17911],[-88.30008,43.19314],[-88.27225,43.19324],[-88.26617,43.19325],[-88.24183,43.1932],[-88.2418,43.1932],[-88.22173,43.19302],[-88.21922,43.19305],[-88.18223,43.19257],[-88.18286,43.17715],[-88.20023,43.17714],[-88.20895,43.17716],[-88.21243,43.17814],[-88.21322,43.16268],[-88.21336,43.16268],[-88.22276,43.16273],[-88.2232,43.16273],[-88.2237,43.14825],[-88.22774,43.14861],[-88.23621,43.14841],[-88.24354,43.14852],[-88.24363,43.14574],[-88.24407,43.14532],[-88.24381,43.14455],[-88.24359,43.14287],[-88.2436,43.14274],[-88.24375,43.1372],[-88.24384,43.13429],[-88.24408,43.12523],[-88.24408,43.1251],[-88.24408,43.12488],[-88.24418,43.12314],[-88.24458,43.11217],[-88.24842,43.11222],[-88.25457,43.11231],[-88.26444,43.11246],[-88.26726,43.11307],[-88.27023,43.11458],[-88.27422,43.11796],[-88.27606,43.11959],[-88.27776,43.12118],[-88.28217,43.12681],[-88.28825,43.13446],[-88.28932,43.13561],[-88.29361,43.13805],[-88.29351,43.14131],[-88.29338,43.14563],[-88.29299,43.15584],[-88.29269,43.16303],[-88.30123,43.16303],[-88.30035,43.17911]]]}},{"type":"Feature","properties":{"GEOID":"55133203501","NAME":"Census Tract 2035.01","COUNTY":"Waukesha","ALAND":40112710,"AWATER":3251550,"lng":-88.35449,"lat":43.16847,"ALAND_SQMI":15.4876,"nb":["55131440106","55131460101","55133203405","55133203406","55133203502","55133204501"]},"geometry":{"type":"Polygon","coordinates":[[[-88.40068,43.15384],[-88.399,43.15742],[-88.39907,43.15923],[-88.40045,43.16167],[-88.40027,43.17124],[-88.40014,43.17881],[-88.39967,43.18679],[-88.39925,43.19396],[-88.37929,43.19357],[-88.31989,43.19298],[-88.31057,43.19304],[-88.30008,43.19314],[-88.30035,43.17911],[-88.30123,43.16303],[-88.30773,43.16304],[-88.30875,43.16238],[-88.30873,43.1599],[-88.30833,43.15578],[-88.30991,43.15578],[-88.32641,43.15585],[-88.32705,43.14146],[-88.34178,43.14157],[-88.35158,43.14171],[-88.35749,43.14182],[-88.35763,43.1419],[-88.36288,43.14198],[-88.36657,43.14196],[-88.37148,43.14204],[-88.37153,43.14189],[-88.37198,43.1369],[-88.37553,43.13737],[-88.38182,43.13698],[-88.39197,43.13899],[-88.39434,43.13943],[-88.39989,43.14153],[-88.40091,43.14213],[-88.40068,43.15384]]]}},{"type":"Feature","properties":{"GEOID":"55133203502","NAME":"Census Tract 2035.02","COUNTY":"Waukesha","ALAND":14943075,"AWATER":4709706,"lng":-88.37062,"lat":43.12532,"ALAND_SQMI":5.7696,"nb":["55133203405","55133203501","55133203601","55133203703","55133203704","55133204501","55133204504"]},"geometry":{"type":"Polygon","coordinates":[[[-88.40758,43.13488],[-88.40538,43.14239],[-88.40186,43.14239],[-88.40091,43.14213],[-88.39989,43.14153],[-88.39434,43.13943],[-88.39197,43.13899],[-88.38182,43.13698],[-88.37553,43.13737],[-88.37198,43.1369],[-88.37153,43.14189],[-88.37148,43.14204],[-88.36657,43.14196],[-88.36288,43.14198],[-88.35763,43.1419],[-88.35749,43.14182],[-88.35158,43.14171],[-88.34178,43.14157],[-88.32705,43.14146],[-88.3273,43.13418],[-88.32743,43.13057],[-88.32783,43.11969],[-88.33049,43.11973],[-88.33275,43.11975],[-88.33307,43.11976],[-88.33563,43.11979],[-88.34012,43.11983],[-88.34272,43.11986],[-88.35206,43.11999],[-88.35334,43.12],[-88.35837,43.12007],[-88.36032,43.12065],[-88.36241,43.12056],[-88.36251,43.12055],[-88.36827,43.12021],[-88.37264,43.11717],[-88.37321,43.11451],[-88.37215,43.11317],[-88.37261,43.106],[-88.37148,43.10569],[-88.37146,43.10569],[-88.36269,43.1056],[-88.36283,43.10341],[-88.36272,43.1026],[-88.36267,43.09973],[-88.36907,43.10004],[-88.37764,43.10203],[-88.37991,43.10224],[-88.38315,43.10206],[-88.3846,43.10196],[-88.39286,43.10156],[-88.39278,43.10589],[-88.40287,43.10603],[-88.4025,43.12051],[-88.40256,43.12639],[-88.40286,43.12667],[-88.40506,43.12699],[-88.40726,43.12884],[-88.40748,43.13045],[-88.40808,43.13126],[-88.40758,43.13488]]]}},{"type":"Feature","properties":{"GEOID":"55133203601","NAME":"Census Tract 2036.01","COUNTY":"Waukesha","ALAND":8643186,"AWATER":71225,"lng":-88.3469,"lat":43.10989,"ALAND_SQMI":3.3372,"nb":["55133203303","55133203405","55133203502","55133203602","55133203704"]},"geometry":{"type":"Polygon","coordinates":[[[-88.37264,43.11717],[-88.36827,43.12021],[-88.36251,43.12055],[-88.36241,43.12056],[-88.36032,43.12065],[-88.35837,43.12007],[-88.35334,43.12],[-88.35206,43.11999],[-88.34272,43.11986],[-88.34012,43.11983],[-88.33563,43.11979],[-88.33307,43.11976],[-88.33275,43.11975],[-88.33049,43.11973],[-88.32783,43.11969],[-88.32531,43.11965],[-88.32284,43.11962],[-88.31996,43.1196],[-88.313,43.11957],[-88.31315,43.11642],[-88.31347,43.10904],[-88.31347,43.10868],[-88.31346,43.10504],[-88.31346,43.10453],[-88.31451,43.10505],[-88.32161,43.10823],[-88.32829,43.10941],[-88.33329,43.10949],[-88.34558,43.10963],[-88.34745,43.10462],[-88.34849,43.10065],[-88.34836,43.10013],[-88.34809,43.09776],[-88.34813,43.09482],[-88.34867,43.0922],[-88.35296,43.09126],[-88.35403,43.09198],[-88.3559,43.09049],[-88.35881,43.09007],[-88.35868,43.08926],[-88.3605,43.08937],[-88.36042,43.08805],[-88.36313,43.08652],[-88.36284,43.09376],[-88.36207,43.09375],[-88.36267,43.09973],[-88.36272,43.1026],[-88.36283,43.10341],[-88.36269,43.1056],[-88.37146,43.10569],[-88.37148,43.10569],[-88.37261,43.106],[-88.37215,43.11317],[-88.37321,43.11451],[-88.37264,43.11717]]]}},{"type":"Feature","properties":{"GEOID":"55133203602","NAME":"Census Tract 2036.02","COUNTY":"Waukesha","ALAND":7737389,"AWATER":75003,"lng":-88.33061,"lat":43.09596,"ALAND_SQMI":2.9874,"nb":["55133203200","55133203303","55133203601","55133203704"]},"geometry":{"type":"Polygon","coordinates":[[[-88.34827,43.08972],[-88.34813,43.09482],[-88.34809,43.09776],[-88.34836,43.10013],[-88.34849,43.10065],[-88.34745,43.10462],[-88.34558,43.10963],[-88.33329,43.10949],[-88.32829,43.10941],[-88.32161,43.10823],[-88.31451,43.10505],[-88.31346,43.10453],[-88.31348,43.09359],[-88.31348,43.09336],[-88.31458,43.09096],[-88.31357,43.09003],[-88.31314,43.08767],[-88.31361,43.08257],[-88.3199,43.08257],[-88.32126,43.08313],[-88.3238,43.08259],[-88.33342,43.08279],[-88.33708,43.08287],[-88.33839,43.0829],[-88.34001,43.08293],[-88.34354,43.08301],[-88.34325,43.08834],[-88.34855,43.08917],[-88.34827,43.08972]]]}},{"type":"Feature","properties":{"GEOID":"55133203702","NAME":"Census Tract 2037.02","COUNTY":"Waukesha","ALAND":38404934,"AWATER":823809,"lng":-88.37161,"lat":43.03424,"ALAND_SQMI":14.8282,"nb":["55133203105","55133203107","55133203200","55133203305","55133203704","55133203805","55133204004","55133204100"]},"geometry":{"type":"Polygon","coordinates":[[[-88.43519,43.02434],[-88.43471,43.0257],[-88.43271,43.02601],[-88.43267,43.03314],[-88.43188,43.03767],[-88.43242,43.03973],[-88.43014,43.04161],[-88.42769,43.04234],[-88.42738,43.04431],[-88.42558,43.04556],[-88.42542,43.04747],[-88.42508,43.05573],[-88.42516,43.05648],[-88.42283,43.05579],[-88.41729,43.05445],[-88.40485,43.05406],[-88.39204,43.05371],[-88.37336,43.05164],[-88.37343,43.05142],[-88.36422,43.05039],[-88.35145,43.04896],[-88.34947,43.04894],[-88.34491,43.04926],[-88.33313,43.05002],[-88.32541,43.05017],[-88.30428,43.05079],[-88.30448,43.04132],[-88.30463,43.03393],[-88.30466,43.03187],[-88.30468,43.02099],[-88.30897,43.02039],[-88.31412,43.01966],[-88.3174,43.01931],[-88.3242,43.0202],[-88.33039,43.02006],[-88.34094,43.02067],[-88.34798,43.02022],[-88.35488,43.02038],[-88.35916,43.02016],[-88.36419,43.01888],[-88.36542,43.01844],[-88.36791,43.01737],[-88.37314,43.01508],[-88.38396,43.01187],[-88.38747,43.01095],[-88.3888,43.01071],[-88.39851,43.01281],[-88.40376,43.01469],[-88.41166,43.01743],[-88.41502,43.01798],[-88.42278,43.01812],[-88.43249,43.01812],[-88.43332,43.01831],[-88.43861,43.02034],[-88.43519,43.02434]]]}},{"type":"Feature","properties":{"GEOID":"55133203703","NAME":"Census Tract 2037.03","COUNTY":"Waukesha","ALAND":11477359,"AWATER":2390664,"lng":-88.40701,"lat":43.08406,"ALAND_SQMI":4.4314,"nb":["55133203502","55133203704","55133204100","55133204503","55133204504"]},"geometry":{"type":"Polygon","coordinates":[[[-88.43175,43.09766],[-88.4317,43.10658],[-88.4317,43.1068],[-88.4317,43.10746],[-88.43082,43.10719],[-88.42188,43.10357],[-88.41774,43.10242],[-88.41287,43.10165],[-88.41041,43.10148],[-88.40296,43.10162],[-88.40287,43.10596],[-88.40287,43.10603],[-88.39278,43.10589],[-88.39286,43.10156],[-88.3846,43.10196],[-88.38315,43.10206],[-88.38645,43.10144],[-88.38907,43.09744],[-88.39026,43.0945],[-88.38526,43.07785],[-88.38537,43.07655],[-88.38651,43.06471],[-88.39481,43.06668],[-88.39677,43.06648],[-88.40264,43.06287],[-88.40412,43.06262],[-88.40582,43.06187],[-88.41109,43.06127],[-88.4114,43.06188],[-88.41344,43.06066],[-88.41904,43.06079],[-88.42274,43.0593],[-88.42243,43.07603],[-88.42304,43.07604],[-88.42267,43.07676],[-88.42098,43.07883],[-88.42231,43.08193],[-88.42218,43.09022],[-88.42217,43.09047],[-88.42215,43.09254],[-88.42694,43.09156],[-88.42973,43.09206],[-88.43173,43.09196],[-88.43175,43.09745],[-88.43175,43.09766]]]}},{"type":"Feature","properties":{"GEOID":"55133203704","NAME":"Census Tract 2037.04","COUNTY":"Waukesha","ALAND":17454255,"AWATER":1945161,"lng":-88.37323,"lat":43.07295,"ALAND_SQMI":6.7391,"nb":["55133203200","55133203502","55133203601","55133203602","55133203702","55133203703","55133204100"]},"geometry":{"type":"Polygon","coordinates":[[[-88.42546,43.05811],[-88.42279,43.05858],[-88.42274,43.0593],[-88.41904,43.06079],[-88.41344,43.06066],[-88.4114,43.06188],[-88.41109,43.06127],[-88.40582,43.06187],[-88.40412,43.06262],[-88.40264,43.06287],[-88.39677,43.06648],[-88.39481,43.06668],[-88.38651,43.06471],[-88.38537,43.07655],[-88.38526,43.07785],[-88.39026,43.0945],[-88.38907,43.09744],[-88.38645,43.10144],[-88.38315,43.10206],[-88.37991,43.10224],[-88.37764,43.10203],[-88.36907,43.10004],[-88.36267,43.09973],[-88.36207,43.09375],[-88.36284,43.09376],[-88.36313,43.08652],[-88.36042,43.08805],[-88.3605,43.08937],[-88.35868,43.08926],[-88.35881,43.09007],[-88.3559,43.09049],[-88.35403,43.09198],[-88.35296,43.09126],[-88.34867,43.0922],[-88.34813,43.09482],[-88.34827,43.08972],[-88.34855,43.08917],[-88.34325,43.08834],[-88.34354,43.08301],[-88.34358,43.08149],[-88.34373,43.07177],[-88.34187,43.07007],[-88.34396,43.06884],[-88.34968,43.06775],[-88.35323,43.06439],[-88.35582,43.05895],[-88.35479,43.05718],[-88.34961,43.05226],[-88.34945,43.04974],[-88.34947,43.04894],[-88.35145,43.04896],[-88.36422,43.05039],[-88.37343,43.05142],[-88.37336,43.05164],[-88.39204,43.05371],[-88.40485,43.05406],[-88.41729,43.05445],[-88.42283,43.05579],[-88.42516,43.05648],[-88.42546,43.05811]]]}},{"type":"Feature","properties":{"GEOID":"55133203802","NAME":"Census Tract 2038.02","COUNTY":"Waukesha","ALAND":62025287,"AWATER":2050031,"lng":-88.37077,"lat":42.89137,"ALAND_SQMI":23.9481,"nb":["55127000104","55127000201","55133202001","55133202101","55133202102","55133203803","55133203806","55133203901","55133203902","55133204002"]},"geometry":{"type":"Polygon","coordinates":[[[-88.43422,42.85335],[-88.43262,42.85527],[-88.42951,42.86409],[-88.42423,42.87527],[-88.42272,42.87842],[-88.41722,42.88979],[-88.41473,42.90038],[-88.40848,42.90784],[-88.40818,42.91148],[-88.4074,42.9151],[-88.4055,42.91943],[-88.40549,42.9224],[-88.39865,42.92237],[-88.39649,42.92237],[-88.39564,42.92238],[-88.38771,42.92531],[-88.38588,42.9259],[-88.38309,42.92763],[-88.37596,42.9303],[-88.37504,42.93033],[-88.36612,42.93029],[-88.34646,42.93016],[-88.33118,42.93004],[-88.30676,42.92992],[-88.3066,42.92988],[-88.28766,42.93002],[-88.28754,42.93002],[-88.28762,42.92209],[-88.29753,42.92197],[-88.29747,42.91468],[-88.30657,42.91457],[-88.30629,42.89273],[-88.31054,42.89095],[-88.31412,42.88776],[-88.31508,42.88591],[-88.31754,42.88479],[-88.31857,42.8869],[-88.32068,42.88613],[-88.32583,42.88626],[-88.32646,42.88254],[-88.33557,42.88257],[-88.33807,42.88257],[-88.34331,42.88411],[-88.34399,42.89693],[-88.34519,42.90076],[-88.35695,42.90071],[-88.36543,42.90089],[-88.36543,42.90083],[-88.36531,42.88125],[-88.36532,42.86079],[-88.3651,42.85011],[-88.36261,42.84841],[-88.3655,42.84545],[-88.36555,42.84283],[-88.38196,42.84278],[-88.38262,42.8428],[-88.42407,42.84259],[-88.4241,42.84259],[-88.4261,42.8426],[-88.42749,42.84525],[-88.4308,42.84921],[-88.4333,42.85063],[-88.43422,42.85335]]]}},{"type":"Feature","properties":{"GEOID":"55133203803","NAME":"Census Tract 2038.03","COUNTY":"Waukesha","ALAND":30970241,"AWATER":486794,"lng":-88.39271,"lat":42.94562,"ALAND_SQMI":11.9577,"nb":["55133203802","55133203805","55133203806","55133204002","55133204004"]},"geometry":{"type":"Polygon","coordinates":[[[-88.43964,42.94481],[-88.43962,42.94588],[-88.43889,42.94759],[-88.43897,42.94833],[-88.43021,42.94865],[-88.42908,42.94884],[-88.42645,42.94951],[-88.42494,42.94957],[-88.42034,42.95007],[-88.41997,42.95164],[-88.41699,42.95229],[-88.41304,42.95239],[-88.40524,42.95219],[-88.40491,42.95942],[-88.40475,42.96667],[-88.40465,42.96693],[-88.39841,42.97389],[-88.39827,42.97389],[-88.39462,42.97763],[-88.39151,42.98469],[-88.38672,42.98793],[-88.38449,42.98818],[-88.38393,42.99187],[-88.38032,42.98895],[-88.38,42.98854],[-88.37974,42.988],[-88.37973,42.98292],[-88.37526,42.97375],[-88.37443,42.9725],[-88.37384,42.96974],[-88.37373,42.96654],[-88.36787,42.96654],[-88.36624,42.96625],[-88.36437,42.96493],[-88.36142,42.96053],[-88.35835,42.95456],[-88.34933,42.94482],[-88.34654,42.93924],[-88.34632,42.93769],[-88.34642,42.93249],[-88.34646,42.93016],[-88.36612,42.93029],[-88.37504,42.93033],[-88.37596,42.9303],[-88.38309,42.92763],[-88.38588,42.9259],[-88.38771,42.92531],[-88.39564,42.92238],[-88.39649,42.92237],[-88.39865,42.92237],[-88.40549,42.9224],[-88.4055,42.91943],[-88.4074,42.9151],[-88.42443,42.91513],[-88.4383,42.91526],[-88.43546,42.91792],[-88.43491,42.91851],[-88.4337,42.92101],[-88.43056,42.92377],[-88.42687,42.92878],[-88.42454,42.9301],[-88.42454,42.93043],[-88.42938,42.93039],[-88.43135,42.93037],[-88.43451,42.93032],[-88.43461,42.93368],[-88.43482,42.93405],[-88.43564,42.93456],[-88.43585,42.93487],[-88.4358,42.93541],[-88.43544,42.93621],[-88.43481,42.93693],[-88.4347,42.93742],[-88.4347,42.93764],[-88.43472,42.94187],[-88.43964,42.94217],[-88.43964,42.94481]]]}},{"type":"Feature","properties":{"GEOID":"55133203805","NAME":"Census Tract 2038.05","COUNTY":"Waukesha","ALAND":24662462,"AWATER":214662,"lng":-88.33368,"lat":43.00507,"ALAND_SQMI":9.5222,"nb":["55133202101","55133202201","55133203106","55133203107","55133203702","55133203803","55133203806","55133204004"]},"geometry":{"type":"Polygon","coordinates":[[[-88.38403,43.00878],[-88.38402,43.00899],[-88.38402,43.00919],[-88.38396,43.01187],[-88.37314,43.01508],[-88.36791,43.01737],[-88.36542,43.01844],[-88.36419,43.01888],[-88.35916,43.02016],[-88.35488,43.02038],[-88.34798,43.02022],[-88.34094,43.02067],[-88.33039,43.02006],[-88.3242,43.0202],[-88.3174,43.01931],[-88.31412,43.01966],[-88.30897,43.02039],[-88.30468,43.02099],[-88.29622,43.02217],[-88.28588,43.02063],[-88.28591,43.02042],[-88.28599,43.0131],[-88.28611,43.01178],[-88.28686,43.0104],[-88.28937,43.00683],[-88.2904,43.00337],[-88.29033,42.99873],[-88.28997,42.9961],[-88.28993,42.99576],[-88.28989,42.99549],[-88.28956,42.99322],[-88.28887,42.98858],[-88.3055,42.98817],[-88.32044,42.98802],[-88.32435,42.98798],[-88.32464,42.99305],[-88.32516,42.99523],[-88.34819,42.99536],[-88.34834,42.99428],[-88.35106,42.99424],[-88.35121,42.99204],[-88.34898,42.99034],[-88.34702,42.99041],[-88.34664,42.9881],[-88.34894,42.98813],[-88.35505,42.98817],[-88.36123,42.98826],[-88.36174,42.9884],[-88.363,42.98937],[-88.36704,42.99155],[-88.37299,42.99207],[-88.37333,42.99204],[-88.38,42.98854],[-88.38032,42.98895],[-88.38393,42.99187],[-88.38424,42.99262],[-88.38403,43.00878]]]}},{"type":"Feature","properties":{"GEOID":"55133203806","NAME":"Census Tract 2038.06","COUNTY":"Waukesha","ALAND":27910626,"AWATER":569782,"lng":-88.33882,"lat":42.96571,"ALAND_SQMI":10.7764,"nb":["55133202101","55133203802","55133203803","55133203805"]},"geometry":{"type":"Polygon","coordinates":[[[-88.38,42.98854],[-88.37333,42.99204],[-88.37299,42.99207],[-88.36704,42.99155],[-88.363,42.98937],[-88.36174,42.9884],[-88.36123,42.98826],[-88.35505,42.98817],[-88.34894,42.98813],[-88.34664,42.9881],[-88.34702,42.99041],[-88.34898,42.99034],[-88.35121,42.99204],[-88.35106,42.99424],[-88.34834,42.99428],[-88.34819,42.99536],[-88.32516,42.99523],[-88.32464,42.99305],[-88.32435,42.98798],[-88.32044,42.98802],[-88.3055,42.98817],[-88.30578,42.97242],[-88.30881,42.97091],[-88.31513,42.96707],[-88.32127,42.96414],[-88.31862,42.96033],[-88.3184,42.95182],[-88.3177,42.95129],[-88.3204,42.94958],[-88.31858,42.94785],[-88.31632,42.94459],[-88.31617,42.94076],[-88.30903,42.94078],[-88.30668,42.93707],[-88.30676,42.92992],[-88.33118,42.93004],[-88.34646,42.93016],[-88.34642,42.93249],[-88.34632,42.93769],[-88.34654,42.93924],[-88.34933,42.94482],[-88.35835,42.95456],[-88.36142,42.96053],[-88.36437,42.96493],[-88.36624,42.96625],[-88.36787,42.96654],[-88.37373,42.96654],[-88.37384,42.96974],[-88.37443,42.9725],[-88.37526,42.97375],[-88.37973,42.98292],[-88.37974,42.988],[-88.38,42.98854]]]}},{"type":"Feature","properties":{"GEOID":"55133203901","NAME":"Census Tract 2039.01","COUNTY":"Waukesha","ALAND":13331025,"AWATER":2025996,"lng":-88.34976,"lat":42.86811,"ALAND_SQMI":5.1471,"nb":["55127000102","55127000104","55133203802","55133203902"]},"geometry":{"type":"Polygon","coordinates":[[[-88.3655,42.84545],[-88.36261,42.84841],[-88.3651,42.85011],[-88.36532,42.86079],[-88.36531,42.88125],[-88.36543,42.90083],[-88.36543,42.90089],[-88.35695,42.90071],[-88.34519,42.90076],[-88.34399,42.89693],[-88.34331,42.88411],[-88.34307,42.88212],[-88.34265,42.88156],[-88.34226,42.8812],[-88.3408,42.87982],[-88.34066,42.87958],[-88.33991,42.87812],[-88.33935,42.87712],[-88.33769,42.87413],[-88.33615,42.87056],[-88.33263,42.86343],[-88.32935,42.85895],[-88.32933,42.85765],[-88.32844,42.85715],[-88.32744,42.8569],[-88.32677,42.856],[-88.32621,42.85563],[-88.32183,42.85176],[-88.3341,42.84255],[-88.34383,42.84285],[-88.36555,42.84283],[-88.3655,42.84545]]]}},{"type":"Feature","properties":{"GEOID":"55133203902","NAME":"Census Tract 2039.02","COUNTY":"Waukesha","ALAND":10767350,"AWATER":273890,"lng":-88.31876,"lat":42.86662,"ALAND_SQMI":4.1573,"nb":["55101002800","55127000102","55127000104","55133202001","55133203802","55133203901"]},"geometry":{"type":"Polygon","coordinates":[[[-88.34331,42.88411],[-88.33807,42.88257],[-88.33557,42.88257],[-88.32646,42.88254],[-88.32583,42.88626],[-88.32068,42.88613],[-88.31857,42.8869],[-88.31754,42.88479],[-88.31508,42.88591],[-88.31412,42.88776],[-88.31054,42.89095],[-88.30629,42.89273],[-88.30615,42.8757],[-88.30647,42.87563],[-88.30623,42.8733],[-88.30244,42.86975],[-88.29986,42.86861],[-88.29919,42.86867],[-88.29774,42.86838],[-88.29647,42.86811],[-88.30203,42.86414],[-88.30617,42.86114],[-88.3059,42.85454],[-88.30633,42.84569],[-88.30638,42.8421],[-88.31918,42.84249],[-88.3341,42.84255],[-88.32183,42.85176],[-88.32621,42.85563],[-88.32677,42.856],[-88.32744,42.8569],[-88.32844,42.85715],[-88.32933,42.85765],[-88.32935,42.85895],[-88.33263,42.86343],[-88.33615,42.87056],[-88.33769,42.87413],[-88.33935,42.87712],[-88.33991,42.87812],[-88.34066,42.87958],[-88.3408,42.87982],[-88.34226,42.8812],[-88.34265,42.88156],[-88.34307,42.88212],[-88.34331,42.88411]]]}},{"type":"Feature","properties":{"GEOID":"55133204002","NAME":"Census Tract 2040.02","COUNTY":"Waukesha","ALAND":92128191,"AWATER":2307154,"lng":-88.48246,"lat":42.88728,"ALAND_SQMI":35.5709,"nb":["55127000201","55127000301","55133203802","55133203803","55133204004"]},"geometry":{"type":"Polygon","coordinates":[[[-88.54215,42.90499],[-88.54206,42.92704],[-88.54203,42.93094],[-88.52219,42.93069],[-88.51737,42.93066],[-88.47748,42.93043],[-88.4662,42.93039],[-88.46179,42.93035],[-88.43451,42.93032],[-88.43135,42.93037],[-88.42938,42.93039],[-88.42454,42.93043],[-88.42454,42.9301],[-88.42687,42.92878],[-88.43056,42.92377],[-88.4337,42.92101],[-88.43491,42.91851],[-88.43546,42.91792],[-88.4383,42.91526],[-88.42443,42.91513],[-88.4074,42.9151],[-88.40818,42.91148],[-88.40848,42.90784],[-88.41473,42.90038],[-88.41722,42.88979],[-88.42272,42.87842],[-88.42423,42.87527],[-88.42951,42.86409],[-88.43262,42.85527],[-88.43422,42.85335],[-88.4333,42.85063],[-88.4308,42.84921],[-88.42749,42.84525],[-88.4261,42.8426],[-88.46352,42.84259],[-88.54144,42.843],[-88.54153,42.843],[-88.54205,42.86609],[-88.54188,42.86827],[-88.54217,42.87932],[-88.54215,42.90499]]]}},{"type":"Feature","properties":{"GEOID":"55133204003","NAME":"Census Tract 2040.03","COUNTY":"Waukesha","ALAND":32994276,"AWATER":1623693,"lng":-88.50756,"lat":42.99964,"ALAND_SQMI":12.7392,"nb":["55133204004","55133204100"]},"geometry":{"type":"Polygon","coordinates":[[[-88.54169,42.96643],[-88.54155,42.97478],[-88.54159,42.98123],[-88.54163,42.98874],[-88.54171,43.006],[-88.54158,43.01939],[-88.54137,43.02414],[-88.5368,43.02627],[-88.532,43.02713],[-88.52976,43.02766],[-88.51992,43.0266],[-88.51834,43.02665],[-88.51264,43.0281],[-88.50938,43.02805],[-88.50575,43.02642],[-88.50213,43.02396],[-88.50157,43.02358],[-88.50017,43.02272],[-88.50007,43.02267],[-88.49939,43.02233],[-88.49728,43.02159],[-88.49539,43.02123],[-88.49451,43.02118],[-88.48756,43.02183],[-88.48074,43.02368],[-88.47959,43.02399],[-88.47743,43.0246],[-88.47622,43.02481],[-88.475,43.02476],[-88.47348,43.02449],[-88.47104,43.02405],[-88.46245,43.02245],[-88.46248,43.01826],[-88.46239,43.01826],[-88.46236,43.0162],[-88.46131,43.01447],[-88.4611,43.01385],[-88.46111,43.01365],[-88.4621,43.00891],[-88.46294,43.00473],[-88.46363,42.98857],[-88.47359,42.9887],[-88.47719,42.98875],[-88.48349,42.98882],[-88.4839,42.98881],[-88.48472,42.98853],[-88.492,42.98293],[-88.49353,42.98217],[-88.49781,42.98051],[-88.49942,42.97792],[-88.50289,42.97443],[-88.50816,42.97393],[-88.51224,42.96759],[-88.51289,42.96707],[-88.53273,42.96727],[-88.53282,42.95999],[-88.54185,42.96009],[-88.54169,42.96643]]]}},{"type":"Feature","properties":{"GEOID":"55133204004","NAME":"Census Tract 2040.04","COUNTY":"Waukesha","ALAND":77877284,"AWATER":2135780,"lng":-88.45808,"lat":42.9706,"ALAND_SQMI":30.0686,"nb":["55133203702","55133203803","55133203805","55133204002","55133204003","55133204100"]},"geometry":{"type":"Polygon","coordinates":[[[-88.54192,42.95213],[-88.54185,42.96009],[-88.53282,42.95999],[-88.53273,42.96727],[-88.51289,42.96707],[-88.51224,42.96759],[-88.50816,42.97393],[-88.50289,42.97443],[-88.49942,42.97792],[-88.49781,42.98051],[-88.49353,42.98217],[-88.492,42.98293],[-88.48472,42.98853],[-88.4839,42.98881],[-88.48349,42.98882],[-88.47719,42.98875],[-88.47359,42.9887],[-88.46363,42.98857],[-88.46294,43.00473],[-88.4621,43.00891],[-88.46111,43.01365],[-88.4611,43.01385],[-88.46131,43.01447],[-88.46236,43.0162],[-88.46239,43.01826],[-88.46248,43.01826],[-88.46245,43.02245],[-88.46226,43.02243],[-88.45565,43.02159],[-88.44764,43.02144],[-88.44233,43.02138],[-88.43861,43.02034],[-88.43332,43.01831],[-88.43249,43.01812],[-88.42278,43.01812],[-88.41502,43.01798],[-88.41166,43.01743],[-88.40376,43.01469],[-88.39851,43.01281],[-88.3888,43.01071],[-88.38747,43.01095],[-88.38396,43.01187],[-88.38402,43.00919],[-88.38402,43.00899],[-88.38403,43.00878],[-88.38424,42.99262],[-88.38393,42.99187],[-88.38449,42.98818],[-88.38672,42.98793],[-88.39151,42.98469],[-88.39462,42.97763],[-88.39827,42.97389],[-88.39841,42.97389],[-88.40465,42.96693],[-88.40475,42.96667],[-88.40491,42.95942],[-88.40524,42.95219],[-88.41304,42.95239],[-88.41699,42.95229],[-88.41997,42.95164],[-88.42034,42.95007],[-88.42494,42.94957],[-88.42645,42.94951],[-88.42908,42.94884],[-88.43021,42.94865],[-88.43897,42.94833],[-88.43889,42.94759],[-88.43962,42.94588],[-88.43964,42.94481],[-88.43964,42.94217],[-88.43472,42.94187],[-88.4347,42.93764],[-88.4347,42.93742],[-88.43481,42.93693],[-88.43544,42.93621],[-88.4358,42.93541],[-88.43585,42.93487],[-88.43564,42.93456],[-88.43482,42.93405],[-88.43461,42.93368],[-88.43451,42.93032],[-88.46179,42.93035],[-88.4662,42.93039],[-88.47748,42.93043],[-88.51737,42.93066],[-88.52219,42.93069],[-88.54203,42.93094],[-88.54192,42.95213]]]}},{"type":"Feature","properties":{"GEOID":"55133204100","NAME":"Census Tract 2041","COUNTY":"Waukesha","ALAND":59017108,"AWATER":10526268,"lng":-88.47805,"lat":43.05927,"ALAND_SQMI":22.7866,"nb":["55133203702","55133203703","55133203704","55133204003","55133204004","55133204202","55133204301","55133204302","55133204503"]},"geometry":{"type":"Polygon","coordinates":[[[-88.54092,43.03556],[-88.54092,43.03559],[-88.5402,43.07038],[-88.54004,43.08054],[-88.53462,43.0825],[-88.52517,43.08423],[-88.52066,43.08462],[-88.51464,43.08481],[-88.50977,43.08466],[-88.50554,43.08389],[-88.49992,43.08248],[-88.4955,43.08181],[-88.49236,43.08098],[-88.49037,43.07987],[-88.48874,43.07931],[-88.48709,43.07876],[-88.48612,43.07798],[-88.48094,43.07682],[-88.48001,43.07678],[-88.47086,43.07661],[-88.47082,43.08594],[-88.47133,43.08716],[-88.47045,43.08764],[-88.47074,43.09113],[-88.4706,43.09538],[-88.47187,43.09882],[-88.47051,43.10504],[-88.46134,43.1067],[-88.46134,43.10677],[-88.46122,43.10784],[-88.45706,43.10772],[-88.45479,43.10787],[-88.45357,43.10804],[-88.44697,43.10879],[-88.44177,43.10856],[-88.43288,43.10773],[-88.4317,43.10746],[-88.4317,43.1068],[-88.4317,43.10658],[-88.43175,43.09766],[-88.43175,43.09745],[-88.43173,43.09196],[-88.42973,43.09206],[-88.42694,43.09156],[-88.42215,43.09254],[-88.42217,43.09047],[-88.42218,43.09022],[-88.42231,43.08193],[-88.42098,43.07883],[-88.42267,43.07676],[-88.42304,43.07604],[-88.42243,43.07603],[-88.42274,43.0593],[-88.42279,43.05858],[-88.42546,43.05811],[-88.42516,43.05648],[-88.42508,43.05573],[-88.42542,43.04747],[-88.42558,43.04556],[-88.42738,43.04431],[-88.42769,43.04234],[-88.43014,43.04161],[-88.43242,43.03973],[-88.43188,43.03767],[-88.43267,43.03314],[-88.43271,43.02601],[-88.43471,43.0257],[-88.43519,43.02434],[-88.43861,43.02034],[-88.44233,43.02138],[-88.44764,43.02144],[-88.45565,43.02159],[-88.46226,43.02243],[-88.46245,43.02245],[-88.47104,43.02405],[-88.47348,43.02449],[-88.475,43.02476],[-88.47622,43.02481],[-88.47743,43.0246],[-88.47959,43.02399],[-88.48074,43.02368],[-88.48756,43.02183],[-88.49451,43.02118],[-88.49539,43.02123],[-88.49728,43.02159],[-88.49939,43.02233],[-88.50007,43.02267],[-88.50017,43.02272],[-88.50157,43.02358],[-88.50213,43.02396],[-88.50575,43.02642],[-88.50938,43.02805],[-88.51264,43.0281],[-88.51834,43.02665],[-88.51992,43.0266],[-88.52976,43.02766],[-88.532,43.02713],[-88.5368,43.02627],[-88.54137,43.02414],[-88.54092,43.03556]]]}},{"type":"Feature","properties":{"GEOID":"55133204201","NAME":"Census Tract 2042.01","COUNTY":"Waukesha","ALAND":2267591,"AWATER":42901,"lng":-88.5053,"lat":43.10611,"ALAND_SQMI":0.8755,"nb":["55133204202","55133204301","55133204302","55133204400"]},"geometry":{"type":"Polygon","coordinates":[[[-88.51883,43.11825],[-88.51622,43.11654],[-88.51081,43.11428],[-88.50534,43.11264],[-88.50466,43.11244],[-88.49945,43.11142],[-88.49933,43.10943],[-88.49932,43.10934],[-88.49876,43.10919],[-88.49586,43.10768],[-88.49581,43.10238],[-88.49575,43.0968],[-88.50483,43.09642],[-88.50735,43.09709],[-88.50774,43.10111],[-88.51124,43.10564],[-88.51334,43.10602],[-88.51591,43.11159],[-88.51673,43.11411],[-88.51837,43.11556],[-88.51883,43.11825]]]}},{"type":"Feature","properties":{"GEOID":"55133204202","NAME":"Census Tract 2042.02","COUNTY":"Waukesha","ALAND":11314242,"AWATER":204041,"lng":-88.52291,"lat":43.1004,"ALAND_SQMI":4.3685,"nb":["55133204100","55133204201","55133204302","55133204400"]},"geometry":{"type":"Polygon","coordinates":[[[-88.53992,43.09304],[-88.53962,43.1076],[-88.53931,43.11989],[-88.53927,43.12207],[-88.53917,43.12782],[-88.53932,43.12908],[-88.52453,43.12189],[-88.52172,43.12043],[-88.51883,43.11825],[-88.51837,43.11556],[-88.51673,43.11411],[-88.51591,43.11159],[-88.51334,43.10602],[-88.51124,43.10564],[-88.50774,43.10111],[-88.50735,43.09709],[-88.50483,43.09642],[-88.49575,43.0968],[-88.49551,43.08295],[-88.4955,43.08181],[-88.49992,43.08248],[-88.50554,43.08389],[-88.50977,43.08466],[-88.51464,43.08481],[-88.52066,43.08462],[-88.52517,43.08423],[-88.53462,43.0825],[-88.54004,43.08054],[-88.53992,43.09304]]]}},{"type":"Feature","properties":{"GEOID":"55133204301","NAME":"Census Tract 2043.01","COUNTY":"Waukesha","ALAND":12121375,"AWATER":670732,"lng":-88.48011,"lat":43.12481,"ALAND_SQMI":4.6801,"nb":["55133204100","55133204201","55133204302","55133204400","55133204501","55133204503","55133204504"]},"geometry":{"type":"Polygon","coordinates":[[[-88.4999,43.12159],[-88.49989,43.12247],[-88.49984,43.12757],[-88.49983,43.12871],[-88.49982,43.13045],[-88.49983,43.13085],[-88.49975,43.14324],[-88.47317,43.14299],[-88.46883,43.1429],[-88.46686,43.14286],[-88.46555,43.14281],[-88.46064,43.14268],[-88.46075,43.13934],[-88.46093,43.13363],[-88.46095,43.13254],[-88.46104,43.12821],[-88.46121,43.12101],[-88.46124,43.11789],[-88.46122,43.10784],[-88.46134,43.10677],[-88.46134,43.1067],[-88.47051,43.10504],[-88.47502,43.10484],[-88.48009,43.10546],[-88.48033,43.10551],[-88.48092,43.10564],[-88.49933,43.10943],[-88.49945,43.11142],[-88.49974,43.11617],[-88.49945,43.1174],[-88.49923,43.11847],[-88.4999,43.11981],[-88.4999,43.12159]]]}},{"type":"Feature","properties":{"GEOID":"55133204302","NAME":"Census Tract 2043.02","COUNTY":"Waukesha","ALAND":6265696,"AWATER":59638,"lng":-88.48324,"lat":43.09227,"ALAND_SQMI":2.4192,"nb":["55133204100","55133204201","55133204202","55133204301"]},"geometry":{"type":"Polygon","coordinates":[[[-88.49933,43.10943],[-88.48092,43.10564],[-88.48033,43.10551],[-88.48009,43.10546],[-88.47502,43.10484],[-88.47051,43.10504],[-88.47187,43.09882],[-88.4706,43.09538],[-88.47074,43.09113],[-88.47045,43.08764],[-88.47133,43.08716],[-88.47082,43.08594],[-88.47086,43.07661],[-88.48001,43.07678],[-88.48094,43.07682],[-88.48612,43.07798],[-88.48709,43.07876],[-88.48874,43.07931],[-88.49037,43.07987],[-88.49236,43.08098],[-88.4955,43.08181],[-88.49551,43.08295],[-88.49575,43.0968],[-88.49581,43.10238],[-88.49586,43.10768],[-88.49876,43.10919],[-88.49932,43.10934],[-88.49933,43.10943]]]}},{"type":"Feature","properties":{"GEOID":"55133204400","NAME":"Census Tract 2044","COUNTY":"Waukesha","ALAND":6450393,"AWATER":4751024,"lng":-88.51734,"lat":43.13448,"ALAND_SQMI":2.4905,"nb":["55133204201","55133204202","55133204301","55133204501"]},"geometry":{"type":"Polygon","coordinates":[[[-88.539,43.12964],[-88.53888,43.13352],[-88.53878,43.13755],[-88.53846,43.14561],[-88.53829,43.15113],[-88.53687,43.15112],[-88.53061,43.15103],[-88.52713,43.15101],[-88.50258,43.15052],[-88.49971,43.15193],[-88.49975,43.14324],[-88.49983,43.13085],[-88.49982,43.13045],[-88.49983,43.12871],[-88.49984,43.12757],[-88.49989,43.12247],[-88.4999,43.12159],[-88.4999,43.11981],[-88.49923,43.11847],[-88.49945,43.1174],[-88.49974,43.11617],[-88.49945,43.11142],[-88.50466,43.11244],[-88.50534,43.11264],[-88.51081,43.11428],[-88.51622,43.11654],[-88.51883,43.11825],[-88.52172,43.12043],[-88.52453,43.12189],[-88.53932,43.12908],[-88.539,43.12964]]]}},{"type":"Feature","properties":{"GEOID":"55133204501","NAME":"Census Tract 2045.01","COUNTY":"Waukesha","ALAND":60923471,"AWATER":1610684,"lng":-88.46671,"lat":43.17005,"ALAND_SQMI":23.5227,"nb":["55027961500","55131440106","55133203501","55133203502","55133204301","55133204400","55133204504"]},"geometry":{"type":"Polygon","coordinates":[[[-88.53709,43.1765],[-88.5369,43.17818],[-88.53584,43.19605],[-88.45761,43.19569],[-88.4293,43.19509],[-88.41799,43.1947],[-88.41686,43.19469],[-88.41401,43.19441],[-88.39925,43.19396],[-88.39967,43.18679],[-88.40014,43.17881],[-88.40027,43.17124],[-88.40045,43.16167],[-88.39907,43.15923],[-88.399,43.15742],[-88.40068,43.15384],[-88.40091,43.14213],[-88.40186,43.14239],[-88.40538,43.14239],[-88.40724,43.14238],[-88.41084,43.14238],[-88.42043,43.14237],[-88.42911,43.14239],[-88.46064,43.14268],[-88.46555,43.14281],[-88.46686,43.14286],[-88.46883,43.1429],[-88.47317,43.14299],[-88.49975,43.14324],[-88.49971,43.15193],[-88.50258,43.15052],[-88.52713,43.15101],[-88.53061,43.15103],[-88.53687,43.15112],[-88.53829,43.15113],[-88.53709,43.1765]]]}},{"type":"Feature","properties":{"GEOID":"55133204503","NAME":"Census Tract 2045.03","COUNTY":"Waukesha","ALAND":5325590,"AWATER":2727136,"lng":-88.44036,"lat":43.11876,"ALAND_SQMI":2.0562,"nb":["55133203703","55133204100","55133204301","55133204504"]},"geometry":{"type":"Polygon","coordinates":[[[-88.46124,43.11789],[-88.46121,43.12101],[-88.46104,43.12821],[-88.44482,43.12791],[-88.44626,43.12922],[-88.44624,43.13112],[-88.43333,43.13247],[-88.42079,43.12773],[-88.42095,43.12516],[-88.42123,43.12067],[-88.42145,43.11576],[-88.42207,43.11561],[-88.42139,43.11493],[-88.42165,43.11085],[-88.42238,43.11047],[-88.42232,43.10907],[-88.42114,43.10905],[-88.42115,43.10692],[-88.42122,43.1062],[-88.42184,43.10606],[-88.42188,43.10357],[-88.43082,43.10719],[-88.4317,43.10746],[-88.43288,43.10773],[-88.44177,43.10856],[-88.44697,43.10879],[-88.45357,43.10804],[-88.45479,43.10787],[-88.45706,43.10772],[-88.46122,43.10784],[-88.46124,43.11789]]]}},{"type":"Feature","properties":{"GEOID":"55133204504","NAME":"Census Tract 2045.04","COUNTY":"Waukesha","ALAND":7603917,"AWATER":3136797,"lng":-88.41312,"lat":43.1273,"ALAND_SQMI":2.9359,"nb":["55133203502","55133203703","55133204301","55133204501","55133204503"]},"geometry":{"type":"Polygon","coordinates":[[[-88.46095,43.13254],[-88.46093,43.13363],[-88.46075,43.13934],[-88.46064,43.14268],[-88.42911,43.14239],[-88.42043,43.14237],[-88.41084,43.14238],[-88.40724,43.14238],[-88.40538,43.14239],[-88.40758,43.13488],[-88.40808,43.13126],[-88.40748,43.13045],[-88.40726,43.12884],[-88.40506,43.12699],[-88.40286,43.12667],[-88.40256,43.12639],[-88.4025,43.12051],[-88.40287,43.10603],[-88.40287,43.10596],[-88.40296,43.10162],[-88.41041,43.10148],[-88.41287,43.10165],[-88.41774,43.10242],[-88.42188,43.10357],[-88.42184,43.10606],[-88.42122,43.1062],[-88.42115,43.10692],[-88.42114,43.10905],[-88.42232,43.10907],[-88.42238,43.11047],[-88.42165,43.11085],[-88.42139,43.11493],[-88.42207,43.11561],[-88.42145,43.11576],[-88.42123,43.12067],[-88.42095,43.12516],[-88.42079,43.12773],[-88.43333,43.13247],[-88.44624,43.13112],[-88.44626,43.12922],[-88.44482,43.12791],[-88.46104,43.12821],[-88.46095,43.13254]]]}}]}